ID,State_IN,State_OUT
1077501,B,J
1077430,C,I
1077175,C,J
1076863,C,J
1075358,B,B
1075269,A,J
1069639,C,C
1072053,E,J
1071795,F,I
1071570,B,I
1070078,C,J
1069908,B,J
1064687,C,I
1069866,B,J
1069057,B,I
1069759,D,J
1065775,C,J
1069971,A,J
1062474,B,J
1069742,A,J
1069740,C,J
1039153,B,I
1069710,B,J
1069700,B,J
1069559,B,I
1069697,B,J
1069800,C,I
1069657,D,I
1069799,B,J
1047704,B,J
1032111,A,J
1069539,A,J
1065420,C,C
1069591,A,J
1069530,C,J
1069522,B,J
1069361,B,J
1069357,A,J
1069356,B,J
1069346,B,B
1067573,A,J
1069506,A,J
1069314,D,J
1060578,D,J
1069469,A,J
1051117,B,J
1069465,A,I
1069283,B,J
1069287,A,J
1069453,A,J
1069248,B,I
1068120,B,J
1069244,B,J
1069243,C,I
1069238,B,J
1069410,E,I
1068409,E,J
1068487,B,J
1043961,B,J
1068945,D,J
1069142,B,J
1068934,D,D
1069136,C,J
1068923,D,J
1069126,B,I
1069102,B,J
1069093,D,I
1069030,C,J
1068906,F,I
1069073,C,J
1069043,D,J
1060981,D,I
1069071,C,J
1069070,D,J
1068893,A,J
1068882,C,J
1069039,C,J
1068416,F,J
1068997,A,J
1048390,E,J
1068994,D,J
1068475,C,J
1068989,B,J
1068967,A,J
1068744,B,J
1045509,B,J
1063958,D,D
1041756,B,J
1068694,D,J
1068792,C,J
1068558,B,J
1068322,B,J
1065674,E,J
1068547,B,J
1068545,B,J
1068575,F,F
1049528,B,J
1068542,D,I
1068350,A,J
1067874,B,B
1068509,B,I
1034693,D,D
1068508,A,J
1066641,B,J
1068315,A,J
1068309,D,I
1068326,B,J
1066767,C,J
1068484,C,J
1068292,B,J
1068273,A,J
1068274,A,J
1068440,F,J
1046456,B,J
1068012,D,I
1055725,B,J
1061814,A,J
1068232,B,J
1068405,A,J
1068395,B,J
1068202,C,I
1068006,B,I
1068075,B,J
1065642,B,J
1068179,E,I
1068158,A,J
1068180,C,J
1065673,E,J
1068159,A,J
1068165,A,J
1059689,B,J
1066215,C,I
1063270,A,J
1067931,C,J
1067922,A,J
1067919,A,J
1068106,B,J
1068111,A,I
1067655,B,J
1060662,A,J
1061304,E,J
1068095,B,J
1067182,C,J
822464,A,J
1063526,B,J
1068091,B,I
1068090,E,J
1068082,E,J
1068078,B,J
1057633,D,J
1046204,C,J
1067794,B,I
1067816,D,J
1068018,C,I
1052996,B,J
1067818,C,I
1064842,C,J
1067109,A,J
1067971,B,J
1057518,B,J
1067473,C,J
1062177,D,J
1067447,B,J
1059412,A,J
1062608,C,J
1067664,B,J
1067441,C,J
1067654,B,B
1067644,A,I
1062288,B,J
1067434,B,J
1067419,C,J
1067601,C,J
1067579,B,J
1067563,B,J
1067364,C,I
1067152,D,I
1062471,F,I
1066842,B,J
1067126,B,I
1067326,B,J
1066789,B,J
1067324,D,I
1067102,D,I
1046969,C,C
1067084,B,J
1067090,B,J
1060875,C,C
1067265,B,I
1067287,B,J
1067066,B,J
1067283,B,J
1067266,D,D
1066635,D,J
1067026,A,J
1067038,C,I
1067030,B,J
1065350,B,J
1067028,B,J
1061877,C,J
1067018,C,J
1067223,B,J
1067004,C,J
1031265,B,I
1066835,D,I
1067181,B,J
1067179,A,J
1067172,C,J
1066712,B,J
1066706,E,J
1066836,C,J
1066826,C,J
1063280,C,I
1057447,C,J
1040867,A,J
1065232,B,J
1052492,C,J
1066664,D,D
1066659,D,D
1066763,B,J
1066798,B,I
1066639,C,J
1066633,C,J
1060644,G,J
1066766,A,I
1066613,D,I
1065648,B,I
1066768,A,J
1066617,D,J
1062015,B,J
1066598,B,J
1066503,B,I
1066530,A,J
1066520,B,J
1065929,A,J
1066582,A,J
1066348,A,J
1061430,F,J
1061519,C,J
1066344,B,B
1066480,B,J
1066471,B,J
1064063,D,D
1066318,C,J
1066453,B,J
1063090,B,J
1061406,A,J
1066278,B,J
1066281,B,J
1056150,D,J
1066434,E,J
1048526,B,I
1028566,A,J
1066424,A,J
1066212,B,J
1066232,B,I
1056219,A,J
1066199,B,J
1060851,B,J
972383,A,J
1066191,B,J
1066173,C,C
1066379,C,J
1066364,C,J
1066140,A,J
1066171,B,J
1066162,A,I
1040154,B,J
1066155,E,J
1065382,A,J
1063447,C,I
1065932,B,J
1065936,A,J
1066112,B,I
1066084,A,J
1066081,A,J
1065896,A,J
1066065,A,J
1066071,A,I
1062094,B,J
1061154,C,J
1066061,A,J
1065863,A,J
1065862,B,J
1065854,A,J
1065145,C,C
1062260,C,J
1065842,B,J
1066018,B,J
1049352,B,J
1066016,A,J
1065997,D,J
1061891,B,J
1065752,B,J
1063126,B,J
1065738,A,J
1061467,B,J
1065721,B,J
1065717,B,J
1065026,D,I
1057001,B,I
1065513,D,I
1065698,B,J
1065681,C,J
1061788,E,I
1065484,D,J
1061681,E,J
1065661,A,J
1065663,B,J
1065480,B,J
1065658,C,J
1065447,A,J
1065470,B,J
1065467,E,I
1065649,E,I
1065430,B,J
1059462,A,J
1064102,C,I
1062399,D,H
1065572,D,J
1065567,C,J
1065342,C,C
1065355,B,J
1058717,D,J
1065348,B,I
890389,A,J
1065142,E,E
1065320,E,E
1065304,B,I
1065180,C,J
1065298,C,J
1064904,B,J
1064696,A,J
977277,B,B
1065260,B,J
1059734,D,D
1065110,D,J
1047987,C,J
1065104,B,B
1065103,B,I
1065254,A,I
1064873,B,J
1065244,C,J
1064969,C,J
1059620,B,I
1032978,D,J
1065234,B,J
1064958,E,E
1065196,B,I
1065199,C,J
1065195,B,J
1065020,A,J
1065016,D,J
1064924,A,J
1064940,A,J
1064932,C,J
1062248,A,I
1064985,C,J
1064926,A,J
1064908,C,J
1059118,A,J
1064897,E,E
1064754,E,I
1060082,C,J
1064736,C,J
1064727,B,I
1042668,B,J
1064862,C,C
1064711,B,J
1032875,A,J
1064830,D,J
1064681,B,J
1064383,B,J
1064675,B,J
1064666,B,J
1064639,E,E
1064636,A,I
1064805,A,J
1064635,C,J
1064793,A,J
1056865,B,I
1064783,B,I
1064623,B,J
1064792,B,J
1062701,B,J
1064781,A,J
1064774,B,J
1053765,B,J
1064608,A,I
1064589,B,B
1064558,D,J
1064585,D,D
1064548,A,J
1064462,B,J
1064582,B,J
1064579,B,J
1046511,C,J
1029191,D,J
1064527,C,J
1064567,C,J
1064500,A,J
1063899,C,J
1057598,C,J
1052002,F,F
1064323,C,J
1064317,C,J
1064471,B,J
1060374,D,J
1064452,F,J
1064453,A,J
1064284,C,J
1063081,A,J
1064251,E,I
1064407,B,J
1035800,C,I
1063678,B,J
1059751,C,J
1064386,B,B
1055800,A,J
1064221,B,J
1064210,A,J
1064209,A,J
1064366,C,I
1064216,A,J
1064150,C,I
1056864,E,J
1064146,C,J
1064183,A,J
1064185,B,J
1064126,D,J
1029473,C,I
1057239,E,E
1064128,C,J
1063949,B,I
1064166,A,J
1064133,D,I
1064094,D,D
1063505,A,J
1063528,B,J
1063912,A,J
1064082,B,J
1063892,A,J
1064061,A,J
1063876,A,J
1042841,A,J
1063864,A,J
1064051,E,J
1063847,A,J
1062833,D,J
1062032,B,J
1063843,D,J
1063828,B,J
1064006,B,J
1063729,C,C
1062625,B,J
1062070,B,J
1063964,B,J
1063804,A,J
1063751,D,I
1063982,B,J
1063972,A,J
1063785,A,J
1063788,D,I
1063485,A,J
1063781,B,I
1057766,B,J
1063778,D,I
1062818,E,J
1042037,B,J
1063518,D,J
1063515,B,J
1063524,A,J
1063519,C,J
1063521,A,J
984879,B,J
1063509,D,J
1063693,D,I
1063700,D,J
1056934,B,J
1063246,D,J
1057424,A,I
1063680,B,J
1063679,A,J
1063034,A,J
1063448,C,I
1063431,B,B
1060804,B,J
1027771,A,J
1063653,E,E
1063421,A,I
1062855,C,J
1062490,E,J
1063626,C,C
1063407,A,J
1063609,C,J
1063602,B,B
1063393,E,I
1063388,A,J
1063582,C,J
988402,B,J
1063564,C,J
1063121,B,J
1063275,B,J
1057756,D,J
1059960,B,J
1059525,C,I
1062577,C,J
1053188,B,J
1063098,B,J
1063238,C,J
1062043,C,J
1063228,B,J
1039993,B,B
1063197,D,J
1063069,B,I
1063062,C,J
1063199,D,J
1063187,C,J
1063040,B,J
1063020,C,J
1062929,D,J
1063003,C,J
1063001,E,J
1062997,C,I
1061315,D,J
1062808,A,J
1062918,B,I
1062983,B,J
1061530,A,J
1035958,C,J
1062894,B,J
1062895,E,J
1062976,E,I
1061972,A,J
1062897,A,I
1062857,B,J
1059828,B,J
1059486,C,I
1062887,B,J
1062851,E,I
1062756,G,G
1062844,D,I
1062753,F,J
1062873,C,J
1062860,D,J
1062738,C,J
1062864,D,I
1062734,B,I
1052370,B,J
1058564,A,J
1062584,D,J
1062253,D,J
1062795,C,J
1062614,B,J
1061378,B,J
1062781,A,J
1023158,A,J
1062654,B,J
1062665,C,J
1062555,C,I
1062606,A,I
1062643,B,J
1062535,B,J
1062536,A,I
765927,A,J
1031451,B,J
1062612,E,E
1062510,B,J
1062508,C,C
1036838,D,I
1062478,B,I
1055974,A,J
1062462,E,J
1062458,B,J
1062454,D,I
1060762,B,J
1062564,B,J
1061570,C,J
1062418,A,J
1062413,B,J
1062330,A,I
1062414,D,I
1060966,D,J
1062401,B,I
1057454,B,J
1062179,D,J
1062293,B,J
1062384,B,J
1031348,D,I
1062268,D,I
1062161,C,J
1062369,E,E
1061409,B,J
1061705,D,J
1062146,F,I
1058699,B,J
1062150,B,J
1062257,E,I
1061420,E,J
1062250,A,I
1020855,B,J
997521,B,I
1058624,G,I
1062232,B,J
1062235,C,J
1060429,B,J
1062102,E,E
1060885,D,H
1060630,E,J
1062192,C,J
1059016,A,J
1056174,A,J
1062045,B,J
1059395,E,J
1062012,B,J
1061941,D,D
1031266,C,I
1061975,D,J
1061914,G,I
1061750,B,J
1061741,B,I
1061747,D,D
1040188,B,J
1057749,B,I
1061721,D,D
1061869,C,I
1060650,A,J
1059701,A,J
1061842,E,J
1061837,A,J
1057272,E,J
1061675,D,J
1061661,B,I
1061656,B,J
1061776,B,J
1061767,B,J
1052746,D,D
1061643,B,I
1061785,C,J
1061623,A,J
1030795,A,J
1061598,A,J
1061772,E,J
1058931,C,I
1061355,B,J
1061593,C,J
1061581,C,C
1061583,B,J
1059572,B,J
1053004,A,J
1061496,C,I
1051434,D,J
1058174,B,J
1061547,C,J
1061317,B,B
1061306,E,J
1061515,C,J
1058858,D,I
1051045,D,D
1060415,B,J
1061279,A,J
1058942,D,J
1042958,B,J
1061251,A,J
1058015,B,J
1059858,C,J
1061247,B,J
1061250,E,J
1061245,B,J
1060411,B,J
1061416,A,J
1040053,D,J
1061227,E,J
1061403,C,J
1061413,C,J
1061202,A,J
1061204,C,J
1061380,A,J
1061193,D,J
1051953,B,B
1061194,A,J
1060945,B,J
1057719,A,J
1059906,B,B
1061383,B,J
1050511,A,J
1061175,B,J
1061122,B,J
1061095,E,J
1061164,B,J
1060436,E,I
1061133,A,J
1060855,D,J
1058477,B,J
1060995,B,I
1061135,B,I
1059939,B,J
1060951,C,J
1046507,B,J
1060880,C,J
1060934,B,I
1061128,B,J
1061130,C,I
1061126,D,J
1056057,B,B
1060895,C,J
1061106,C,J
1060925,B,J
1045240,E,E
1024951,C,J
1061070,B,J
1061060,A,J
1055190,B,J
1060848,C,C
1053622,D,D
1060865,E,E
1051018,C,J
1059259,A,J
1060853,E,E
1060831,C,J
1058228,C,J
1060841,A,J
1056914,D,J
1060794,A,J
1061003,C,J
1061008,A,J
1060779,A,J
1060993,A,J
1060553,C,I
1058200,C,J
1060544,D,J
1060979,D,I
1060698,B,J
1060970,B,I
1060760,D,J
1060753,G,J
1060559,B,J
1060696,C,J
1060735,B,J
1060720,B,I
1060558,A,J
1060731,A,J
1060536,B,J
1060721,B,J
1060527,A,J
1060714,B,J
1060508,C,J
1059582,C,J
1060481,B,J
1052346,D,H
1054397,E,J
1055294,C,J
1060485,B,I
1060697,E,J
1060670,B,J
1060452,B,J
1051471,C,I
1059954,D,J
1059310,D,J
1055282,C,J
1060631,B,B
1058486,C,J
1060427,C,J
1060418,B,J
1060605,A,J
1060597,C,J
1060600,B,B
1053763,F,I
1060581,D,D
1060372,A,J
1060371,D,J
1060369,A,J
1060365,B,J
1060086,D,I
1058493,A,J
1059978,B,J
1059252,C,J
1060167,B,J
1059974,B,J
1060046,B,J
1060030,C,J
1059948,A,I
1060036,A,J
1055631,E,J
1060019,E,I
1053454,A,I
1059930,D,D
1060004,C,J
1060015,B,J
1059936,C,J
1059288,C,C
1052230,B,J
1059996,A,J
1059887,B,J
1010310,B,J
1059889,D,J
1059736,A,J
1059870,C,J
1059874,A,I
1032863,B,I
1054178,B,B
1059843,C,J
1057243,C,I
1059785,D,J
1059698,C,C
1059704,A,J
1059801,C,J
1059605,B,J
1058085,B,J
1059157,C,I
1059627,D,D
1023566,C,J
1059657,B,J
1059639,A,J
1059571,D,J
1059623,C,C
1059629,B,J
1057474,D,D
1059603,A,J
1059522,B,I
1059529,C,J
1059502,D,I
1058733,B,J
1059497,B,J
1059433,A,J
1059469,D,J
1048973,B,B
1059444,C,J
1059311,D,J
1059333,D,J
1055994,C,I
1059386,C,J
1059289,A,J
1058552,A,J
1059461,E,I
1059312,F,J
1058031,B,J
1059447,E,J
1059319,E,I
1059274,C,C
1059291,D,I
1059280,B,J
1059284,E,E
1059362,C,J
1059262,B,J
1059409,E,I
1057384,A,J
1058892,C,I
1059282,C,C
1052360,A,J
1059251,A,J
1059227,C,J
1059236,B,J
1042427,B,B
1059210,D,J
1059174,B,J
1057064,B,J
1059199,D,J
1048482,E,E
1058946,C,J
1059186,C,J
1059120,A,A
1050101,B,J
1059128,A,A
1058958,A,J
1032427,C,J
1058956,B,J
1058959,D,J
1058952,E,E
1055920,B,J
1059103,A,J
1059046,B,J
1058943,D,J
1059100,A,J
1058926,A,J
1034052,B,J
1057403,B,I
1058924,A,J
1058885,F,F
1058877,A,J
1059041,B,J
1059039,C,J
1059024,D,J
1054453,A,I
1058814,C,J
1058830,A,J
1053112,B,J
1058317,B,J
1058846,B,J
1058824,F,I
1058828,C,J
1058831,B,J
1052449,B,J
1058974,E,E
1058734,D,I
1058209,C,J
1058749,B,J
1058782,A,J
1056831,D,J
1054373,B,J
1058744,C,J
1047572,A,J
1056011,C,J
1058718,B,J
1058792,D,J
1058556,B,J
1058407,B,J
1029236,A,J
1058698,E,E
1058696,A,J
1058411,C,C
1058515,B,I
1058110,B,I
1058519,B,I
1058494,A,J
1058634,B,J
1058483,C,I
1055678,C,J
1058484,F,I
1058615,A,J
1058603,B,J
1058625,F,F
1058468,D,J
1058440,D,J
1058451,B,J
1058596,B,J
1058578,A,J
1058423,B,J
1057201,F,I
1058396,B,J
1046641,E,J
1053982,A,J
1058372,C,I
1051228,A,A
1058368,D,J
1058155,B,J
1057701,A,J
1058301,D,I
1058237,A,J
1058309,B,I
1058318,C,J
1058381,C,C
1058282,C,J
1051960,D,J
1058289,C,J
1058241,C,J
1058276,B,J
1058123,C,J
1058126,D,I
1058242,B,J
1058119,C,J
1058084,B,J
1058111,B,I
1053505,B,J
1058101,D,D
1058072,A,J
1058082,E,I
1058221,B,J
1058078,C,J
1058213,A,J
1058059,B,J
1058060,D,J
1055436,D,J
1058186,D,I
1054438,A,J
1058203,B,J
1058042,F,J
1058195,A,J
1053728,C,J
1058177,C,I
1054408,F,F
1058173,D,D
1057996,B,J
1058162,C,I
1055265,B,J
1018385,A,J
1054294,C,J
1057750,B,I
1057923,B,J
1057816,B,J
1057900,A,J
1056770,B,I
1057710,B,J
1057323,D,J
1057878,B,J
1057726,B,J
1057720,E,I
1049053,C,J
1057448,E,J
1057669,F,J
1050535,D,J
1057674,C,J
1057806,B,J
1057615,A,J
1057818,A,J
1057629,C,J
1057621,B,J
1057787,B,J
1057770,E,E
1057275,D,J
1057330,C,J
1057773,C,J
1057343,C,J
1057562,B,J
1057776,B,J
1057519,A,J
1057314,B,B
1057537,A,J
1057358,C,I
1057038,B,J
1057316,B,J
1057350,A,J
1057319,B,J
1052234,D,J
1041468,A,I
1057515,D,J
1057522,E,J
1057428,B,J
1057318,B,B
1057451,A,J
1048164,C,J
1057482,B,J
1057501,B,J
1057458,C,J
1057445,C,J
1057211,C,J
1057055,D,I
1057199,E,J
1057375,D,J
1057238,B,J
1057204,F,I
1057171,D,D
1057013,B,J
1057397,B,J
1056945,E,E
1056969,E,E
1056923,B,J
1057140,A,J
1055794,B,J
1057083,C,I
1056866,B,J
1057071,C,C
1056925,A,J
1057099,B,J
1056297,B,J
1056889,E,J
1057113,C,J
1056786,C,J
1057110,A,I
1057080,B,J
1057031,F,I
1050520,B,B
1056845,A,J
1057065,A,J
1057026,B,J
1056070,D,J
1056857,F,J
1056856,D,J
1057054,C,J
1056817,B,J
1057024,B,J
1056799,E,I
1056133,C,C
1056835,A,J
1056055,C,J
1055476,B,J
1055593,B,J
1056585,F,J
1056773,C,C
1056374,A,J
1055929,D,J
1056772,B,J
1055229,B,J
1056601,D,J
1011430,A,J
1056115,C,J
1056345,A,J
1054308,F,I
1056351,C,J
1056320,E,E
1056090,B,J
1056273,D,I
1053961,A,J
1056155,F,J
1056147,A,J
1056107,B,J
1056157,D,J
1056298,C,I
1056299,C,J
1056248,F,J
926180,A,J
1056261,D,I
1056098,E,E
1056081,D,J
1056062,B,J
1056239,C,I
1056093,C,J
1056080,B,J
1056234,B,I
1053252,B,I
1056186,B,J
1056039,D,D
1055960,C,J
1048116,B,J
1056204,B,J
1056163,B,J
1050689,F,F
1056173,E,E
1055949,C,I
1051959,A,J
1056000,E,E
1055912,B,J
1055757,B,J
1053910,D,J
1055977,C,J
1055982,C,I
1055921,C,C
1055723,E,I
1055810,B,J
1055873,D,I
1055657,B,J
1055838,A,I
1052534,B,J
1055716,C,I
1055701,A,J
1055693,B,J
1055843,C,J
1055696,B,J
1055834,B,I
1055653,D,D
1055682,C,C
1055641,C,J
1055835,A,J
1055646,D,J
1055612,A,J
1055639,A,J
1055636,D,I
1055350,B,J
1055357,E,J
1055587,D,J
1055566,A,I
1053384,C,J
1036318,C,J
1055509,E,I
1055527,B,I
1055502,B,J
1055322,D,I
1055535,B,J
1054695,C,C
1055300,C,I
1055275,B,J
1054743,A,J
1055212,B,J
1055468,B,I
1055260,B,I
1055240,A,J
1055239,B,J
1055405,C,J
1055231,A,J
1055225,G,J
1055222,C,J
1055455,A,J
1055426,C,J
1055394,B,J
1055195,C,J
1055362,A,J
1054703,B,I
1055392,E,J
1049553,E,I
1054237,A,J
1052179,C,J
1055372,A,A
1055374,B,J
1052618,B,J
1055163,C,J
1054796,A,J
1054702,B,B
1054558,B,J
1054203,B,J
1054700,A,J
1054552,F,F
863895,A,J
1053176,B,J
1054692,C,I
1054683,B,J
1054653,E,I
1054655,D,J
1054445,C,I
1054489,C,J
1054630,D,I
1051508,F,J
1054482,C,J
1054469,C,J
1054628,B,J
1054484,B,J
1054476,B,J
1054607,A,I
1054461,B,J
1054441,B,B
1050216,C,J
1054301,B,J
1054292,E,J
1054298,G,G
1054150,E,J
1054137,A,J
1054129,B,J
1054269,C,J
1054244,D,J
1054235,A,J
1054215,B,J
1054100,B,J
1054074,A,J
1054189,C,J
1054185,A,J
1053948,C,J
1054034,F,I
1054165,B,B
1052220,C,I
1053953,C,I
1053935,A,I
1054018,E,J
1053287,B,J
1053902,A,J
1053917,E,I
1054000,B,J
1053997,A,J
1050827,A,J
1053837,C,J
1053966,A,J
1053868,C,J
1044599,B,B
1033775,D,D
1051404,B,J
1053817,D,D
1047639,B,B
1053702,B,I
1053711,A,J
1053718,A,I
1052689,B,J
1053500,E,I
1053783,E,J
1053767,A,J
1051349,C,I
1053656,A,J
1053555,C,J
1053652,B,J
1053648,D,D
1047771,A,J
1053382,B,J
1053539,A,A
1053529,C,I
1053621,A,J
1053617,A,J
1053583,E,J
1053591,E,E
1053430,C,J
1053569,A,J
1053576,D,D
1053441,A,J
1053445,A,I
1053325,D,J
1053312,D,J
1053415,A,J
1050309,C,J
1053411,E,J
1053319,D,J
1052586,A,J
1053401,B,J
1053390,B,J
1053374,B,J
1053142,A,J
1053309,B,J
1053301,B,J
1051079,B,I
1053157,B,J
1053289,E,E
1053280,A,I
1053117,C,C
1051961,D,J
1045133,A,J
1053270,B,J
1053115,F,J
1053257,B,J
1053251,B,I
1052446,D,J
1048070,C,J
1053094,C,J
1053092,D,I
1053090,C,I
1032261,D,J
1053074,A,J
1053217,D,I
1053061,C,J
1050139,A,J
1053045,B,J
1053041,B,I
1053018,B,J
1052950,C,C
1052979,C,J
1052924,D,J
1052725,D,D
1052871,B,J
1052717,C,J
1052731,C,J
1052848,B,J
1052817,A,J
1052681,B,J
1052670,D,J
1052830,D,J
1052789,C,C
1052795,C,J
1052809,A,J
1052144,B,J
1052800,C,J
1052258,B,J
1052625,B,J
1052616,C,C
1052601,B,J
1052607,A,I
1052357,B,B
1052548,F,I
1052516,C,J
1052545,D,I
1052477,C,I
1052358,A,J
1052329,A,J
1052333,B,J
1052327,C,J
1052510,C,J
1052485,B,I
1051899,A,J
1052295,B,I
1052469,D,I
1052225,C,I
1052257,D,J
1052247,B,J
1052196,B,J
1052169,C,J
1051548,B,B
1052218,D,D
1052397,A,J
1052195,B,J
1049945,B,J
1052181,A,J
1052394,B,J
1052387,D,I
1052184,A,J
1052168,B,I
1052379,A,J
1043109,B,J
1052376,D,I
1052094,C,J
1049941,A,J
1052155,A,J
1051809,E,I
1035508,A,J
1052133,C,J
1042417,B,B
1050460,A,J
1052102,C,I
1031816,D,J
1052071,F,F
1034572,B,J
1052063,B,J
1052061,C,J
1050697,A,J
1051869,B,B
1049803,A,J
1050893,B,J
1048558,A,J
1023228,B,J
1052008,D,D
1051662,B,J
1052012,A,J
1051845,B,J
1051998,B,J
1047748,F,J
1051764,B,I
1032942,A,J
1051720,A,I
1051709,B,J
1051710,A,I
1050684,A,J
1011422,B,J
1051694,E,I
1051513,E,J
1051506,A,J
1051652,D,J
1048949,B,B
1051502,B,J
1051488,A,J
1051492,B,J
1018387,A,J
1051410,B,I
1051470,C,J
1042904,B,J
1051458,B,J
1046355,C,J
1051570,A,J
1051447,D,J
1051442,C,I
1051433,C,J
1051609,C,I
1051409,B,J
1051591,B,I
1051412,E,J
1051586,C,J
1051063,A,J
1051355,C,I
1051159,C,J
1051328,A,J
1041216,D,I
1051152,B,J
1051341,B,J
1051151,B,J
1051325,C,J
1051321,A,J
1047098,B,J
1051124,C,I
1050137,B,J
1051297,B,J
1051094,A,J
1048624,D,D
1047379,A,J
1042854,A,J
1051048,C,I
1051236,C,J
1051225,B,J
988714,D,J
1051204,C,J
1051011,A,J
1051020,A,J
1050995,F,I
1051186,B,I
1051000,B,J
1051194,D,J
1050758,B,J
1047014,A,J
1050978,A,J
1050977,A,J
1045401,B,B
1050965,B,J
1050921,C,I
1050962,B,J
1050934,A,I
1050914,A,J
1050926,B,J
1050726,B,J
1050920,B,J
1047216,A,J
1050905,B,I
1024083,A,J
1050657,A,J
1015745,C,H
1050706,D,J
1050681,C,J
1050886,D,J
1050656,E,J
1039409,C,J
1040288,C,J
1050833,C,J
1050642,A,J
1050244,A,J
1050591,A,J
1050340,A,J
1050143,B,I
1046516,B,J
1050329,E,I
1050245,C,J
1050454,B,J
1050287,A,J
1050278,B,B
929732,C,I
1048310,D,J
1050229,D,I
1050256,F,F
1046358,B,J
1050226,E,J
1050377,D,J
1050213,B,J
1050195,B,J
1050212,B,J
1047954,B,J
1041019,B,J
1035743,C,J
1050177,C,J
1050062,F,J
1049936,B,J
1050080,A,I
1049924,C,J
1041299,C,J
1050056,D,D
1050039,A,J
1049899,C,J
1050042,A,J
1049982,C,J
1050007,A,J
1050014,B,H
1049998,D,J
1033731,B,I
1049844,C,J
1049969,A,J
1049832,C,J
1049278,A,J
1049802,A,J
1038531,A,J
1045712,D,J
1049691,A,I
1049524,C,C
1049675,A,J
1049079,E,J
1049522,B,I
1031978,B,J
1038425,C,C
1049647,B,J
1049632,B,J
1038880,D,D
1048647,D,J
1036964,C,C
1049033,C,C
1049595,D,J
1049353,B,J
1049409,C,C
1047885,D,J
1049360,B,J
1049562,E,I
1047388,B,B
1006779,B,B
1009907,E,E
1049393,B,J
1049124,A,J
1049310,A,J
1049385,B,J
1049279,A,J
1049276,A,J
1049157,A,J
1049271,C,J
1049134,C,J
1049201,E,I
1047384,B,J
1049128,B,J
1048372,D,D
1049225,A,I
1049226,B,B
1049215,B,J
1048862,A,J
1049214,C,J
1048132,B,J
1042765,A,J
1046668,C,J
1026422,D,I
1049180,A,I
1048423,B,J
1044695,E,J
1047400,D,D
1048917,A,J
1049026,D,J
1048941,A,J
1044354,A,J
1048931,B,J
1048930,C,C
1048911,D,J
1048906,B,J
1048881,A,J
1048887,F,I
1049007,B,J
1048813,C,J
1042785,A,J
1048987,A,J
1048874,B,I
1048877,B,J
1048337,B,I
1048835,B,B
1048982,C,J
1048016,C,I
1048797,B,J
1047552,D,I
1048806,B,J
1048550,B,J
1048800,A,J
1048395,A,J
1048535,A,I
1048519,B,J
1032109,B,J
1047889,C,J
1048727,C,C
1047357,C,I
1048710,C,I
1037219,A,J
1048475,D,J
1048692,C,J
1048690,C,J
1048681,E,E
1048666,A,J
1048307,C,J
1048110,A,J
1048659,D,I
1047727,D,J
1048435,A,J
1048621,B,I
1048407,A,J
1048161,C,J
1048051,B,I
1048392,C,J
1048140,A,J
1048572,E,I
1048336,B,J
1048151,A,J
1048362,A,J
1047906,B,J
1048315,B,J
1048083,D,I
1048279,B,J
986905,A,J
1048064,C,C
1048075,A,J
1048215,B,I
1048044,C,J
1036762,C,I
1048248,B,J
1045354,B,J
1048214,C,J
1031182,E,I
1047612,G,J
1048026,C,J
1048015,B,B
1047994,C,C
1047982,F,I
1038218,C,J
1039359,B,J
1048162,B,J
1047970,B,J
1047966,A,J
1043020,E,I
1047743,D,J
1046979,C,C
1047952,B,J
1045540,C,I
1047935,B,J
903197,B,J
1047705,D,J
1047711,D,J
1047910,B,J
1039372,A,J
1044130,C,H
1030910,A,J
1036728,E,J
1047667,A,J
1047665,C,J
1047082,B,B
1047657,A,J
1043775,B,J
1047659,A,J
1047652,B,J
1047451,A,J
1047832,B,J
1046328,B,J
1047534,C,J
1047638,B,J
1047644,E,J
1047650,B,J
1047813,B,J
1047351,D,J
1046334,B,J
1040555,C,J
1047629,B,J
1043259,C,J
937673,A,J
1047779,A,J
1036629,A,J
1046245,B,J
1042468,B,J
1040436,B,J
1047556,D,D
1047368,C,I
1047606,B,J
1047765,E,J
1030533,C,C
1047604,B,I
1043970,C,J
1047559,B,J
1046561,A,J
1047525,D,D
1047564,B,B
1047518,D,J
1040942,A,J
1047458,E,J
1047511,A,J
1046480,B,B
1039974,C,C
1047322,D,I
1026253,F,J
1047470,B,J
1015821,B,I
1046448,B,J
1013090,D,J
1044585,D,I
1047248,G,I
1047427,B,J
1047409,B,I
1038490,B,J
1047402,B,J
1031863,B,J
1047260,D,I
1047256,A,J
1041247,C,J
1047217,C,J
1044775,C,J
1047145,B,J
1047209,C,C
1047143,D,D
1045978,D,I
1047133,A,I
1047124,C,J
1040115,B,B
1047168,B,J
1046950,B,J
1047080,D,J
1032149,D,J
1047075,E,J
1046942,A,J
1038943,F,J
1047067,A,J
1045375,B,J
1046931,B,J
1047061,A,I
1039468,B,J
1046905,F,I
1047031,C,I
1047020,D,J
1046890,A,J
1047018,B,J
1040467,C,I
1046549,C,J
1047002,B,J
1046117,C,C
1046854,C,J
1045047,A,J
1036307,C,J
1046840,E,J
1046255,B,I
1046826,C,I
1046749,D,J
1046822,D,J
1046809,B,J
1046792,E,I
1039392,E,J
1046712,B,J
1046552,F,I
623231,B,I
1040347,C,J
1046653,B,I
1046531,C,I
1046646,C,J
1043550,C,J
1043410,A,J
1046530,C,C
1046616,D,J
1035978,A,J
1046407,E,J
1046604,C,J
1043080,A,J
1044522,B,I
1033007,B,I
1043274,B,J
1023901,F,I
1034286,D,J
1045293,B,J
1046442,C,I
1046443,A,J
1042802,A,J
1046276,B,J
1041857,C,C
1046300,D,J
1046371,A,J
1046275,A,J
1046380,A,J
1046153,E,E
1046382,D,J
1046366,C,J
1046247,B,J
1014538,E,E
1030260,B,J
1029563,A,J
1031634,D,I
1042392,A,J
1046227,D,J
1046047,B,J
1033253,B,J
1046029,E,I
1043257,E,E
1044595,A,J
1046031,C,J
1046181,C,J
1043030,A,J
1022862,D,D
997934,A,J
1045932,A,J
1045996,A,J
1045909,E,J
1045315,E,E
1045902,A,J
1045970,A,J
1045966,F,I
1045759,C,J
1045885,G,J
1045892,A,J
1045795,C,J
1045739,B,J
1042203,D,D
1045826,A,J
1043408,B,J
1045843,D,J
1042384,B,J
1045841,C,J
1038832,B,J
1045684,B,J
1037682,B,J
1045159,E,E
1045560,B,J
1045519,B,J
1045554,C,J
1045472,E,I
1045515,B,J
1045616,A,J
1043564,A,J
1045590,C,C
1044701,B,J
1045417,A,J
1045584,A,J
1045358,B,I
1045477,E,J
1045339,A,I
1045458,B,J
1040508,D,I
1045468,B,J
1037186,B,J
1043332,E,I
1037627,D,J
1044661,E,I
1044206,B,J
1045284,C,J
1045409,D,J
1045042,D,J
1045291,B,B
978527,G,J
1042294,A,J
1043785,C,J
1040196,F,I
1045232,D,J
1040409,C,J
1045106,A,J
1045108,A,J
1045100,C,C
1045198,A,J
1045091,C,J
1033625,F,J
1045054,D,J
1045045,F,I
1044958,B,J
1044959,A,J
1045043,A,J
1045034,B,J
1041954,B,J
1044994,D,I
1044872,D,J
1044982,B,J
1041749,B,J
1044761,D,J
1044864,D,D
1044826,B,B
1044665,B,J
1044657,B,J
1044801,C,J
1044615,A,J
1044543,B,B
1038768,D,J
1044605,B,J
1044511,E,E
1043457,A,J
1044537,B,J
1042702,D,D
1044514,D,J
1044347,C,J
1044500,F,F
1044512,C,J
1044336,D,I
1040934,C,J
1044323,A,J
1044499,E,E
1044495,C,J
1044300,D,J
1044298,A,J
1044226,A,J
1044459,B,J
1044462,B,J
1044266,A,J
1044444,C,J
1044439,D,J
1044248,B,J
1044441,C,J
1016799,D,D
1044415,C,I
1044372,C,J
1044207,E,J
1044201,C,C
1031770,C,J
1044366,A,J
1044374,C,J
1044156,A,J
1044183,B,J
1044140,B,I
1044134,B,B
1044133,B,J
1041602,A,J
1044119,A,J
1043922,C,J
1044083,B,J
1044073,E,H
1044077,A,J
1043899,A,J
952346,F,I
1044042,D,I
1042228,B,J
1041120,B,J
1034765,C,J
1043852,C,J
1036033,D,I
1043814,B,J
1027201,C,J
1007963,D,I
1043742,B,J
1043714,D,J
1043511,B,J
1043703,B,J
1031255,D,I
1034530,B,J
1013065,C,J
1043636,B,J
1043428,D,J
1043394,A,J
1042617,A,J
1043347,D,J
1043300,C,J
1043085,A,J
1043299,F,I
1039551,A,J
1039029,B,J
1042657,E,I
1042101,B,B
1042483,A,J
1043264,C,I
1043241,C,J
1043012,E,I
1043187,B,J
1043202,A,J
1042980,E,J
1043174,C,J
1040232,C,J
1035385,B,J
1042746,E,I
1042095,A,J
1043163,B,J
1042948,E,I
1042944,B,J
1042935,C,J
1042915,A,I
1042914,C,I
1042891,A,J
1042690,A,J
1042857,B,J
1042852,C,J
1042844,C,J
1042366,B,J
1042630,D,I
1042606,E,J
1042768,A,J
1042610,C,J
1042771,A,I
1041001,B,J
1042544,C,J
1042541,E,J
1042579,D,I
1042314,C,C
1042500,B,J
1041689,C,J
1042430,C,J
1039321,B,J
1033609,B,J
1042405,B,J
1042402,A,J
980339,B,J
1042053,A,J
999353,B,J
1042250,C,J
1042253,B,J
1042239,B,J
1040205,B,J
1042157,D,I
1040112,B,J
1041447,B,I
1033824,C,J
1042138,C,J
872910,B,B
1042198,C,J
1042195,E,I
1042083,E,E
1042059,D,J
1042060,F,I
1033121,A,J
1042046,B,J
1041805,A,J
1042047,B,J
1041933,E,I
1041887,B,B
1041975,D,J
1040864,D,J
1041757,D,J
1041856,A,J
1041844,D,I
1041716,A,J
1040151,C,J
1041823,D,D
1041683,C,J
1041816,D,D
1041813,A,J
1039975,D,J
1041802,C,I
1041781,A,J
1041645,E,E
1041776,A,J
1041637,C,J
1039971,B,J
1041622,B,J
1041619,A,J
1041546,B,B
1041534,E,I
1041523,D,D
1041503,A,J
1041507,D,I
1041567,B,J
1041490,B,J
1041332,E,J
1041357,A,J
1041333,A,J
1041316,B,J
1041437,B,J
1041438,A,I
1041285,B,B
1041284,B,J
1038354,D,J
1040932,C,J
1037138,B,I
1041378,B,J
1041157,A,J
1041364,A,J
1039148,A,A
1036062,E,J
1041149,C,J
1037389,E,J
1041201,D,J
1041115,B,B
1041173,B,I
1041101,A,J
1031937,B,J
1040959,E,I
1039833,A,J
1040921,C,J
1038455,B,J
1037687,E,I
1040902,C,J
1038914,A,J
1040889,C,J
1035141,B,B
1041025,A,J
1040872,C,J
1040879,B,J
1040865,A,J
1040854,B,I
1040965,D,D
1040840,A,J
1040822,G,J
1040748,C,J
1040635,C,J
1038123,B,J
1039027,C,J
1040729,B,I
1037410,C,J
1030791,A,J
1030666,A,J
1025487,B,J
1040716,B,J
1033097,B,J
1040710,E,J
1040295,C,J
1010594,C,J
1040538,A,I
1040671,B,I
1040531,C,J
1040679,E,I
1040663,D,I
1040640,A,J
1040649,B,J
1036826,B,J
1040577,C,J
1038861,C,J
1040481,B,J
1025315,A,J
1037108,D,I
1040470,A,J
1040421,F,I
1039174,F,F
1040440,B,J
1031152,D,J
1040578,B,J
1038627,E,I
1040586,A,J
879754,A,J
1040574,B,J
1039015,C,J
1040399,D,J
1039102,D,J
1036067,D,J
1040564,A,J
1033722,C,I
1040121,B,J
1037142,D,J
1040382,C,J
1040144,D,J
1040391,E,J
1040142,B,J
1035283,E,E
1040373,E,J
1038737,D,J
1040361,A,J
1031022,D,H
1037203,C,J
1040340,B,J
1040330,B,J
1039496,B,I
1040236,F,F
1039811,E,E
1040095,B,J
1038285,B,J
1040309,A,J
1040070,A,J
1009106,B,J
1040276,B,J
1040262,D,J
1040234,C,J
1040256,B,J
1040037,B,J
1040032,B,J
1035363,F,J
1040029,B,J
1033851,A,J
1040028,C,J
1038341,C,C
1039773,D,J
1037702,A,J
1040000,B,J
1033437,A,A
1038126,A,J
1040199,F,J
1031489,A,J
1040170,C,J
1039965,C,J
1023014,A,J
1039688,A,J
1039887,F,F
1039671,B,J
1038322,B,J
1039669,B,J
1039609,C,J
1038009,A,J
1039868,B,J
1039849,B,J
1036356,D,J
1039802,B,J
1039836,B,B
906464,A,J
1039635,A,J
1039627,D,D
1030884,C,J
1001818,A,J
1039790,C,C
1039299,D,J
1039586,A,J
1039581,C,J
1039555,A,J
1038342,C,C
1036828,C,C
1039330,A,I
1039327,F,J
1039521,D,J
1039410,A,J
1039318,A,J
1039507,B,J
1039279,B,I
1039489,C,J
1039478,E,E
1039477,C,J
1039464,F,J
1039243,C,J
1038274,C,J
1034116,B,J
1039247,A,J
1037870,C,J
1039261,D,J
1039258,A,I
1039253,D,J
1033003,D,D
1038061,B,J
1039406,C,J
1038931,B,J
1039178,B,J
1033747,C,J
1033602,B,J
1036901,A,J
1034721,B,J
1038918,D,J
1033880,C,J
1038907,C,I
1038900,D,J
1039098,D,J
1033867,A,J
1038453,A,J
1038878,B,J
1038889,C,J
1038875,B,J
1038868,B,J
1038103,B,B
1038980,B,J
1023701,C,J
1039010,B,J
1038984,C,J
1038475,F,I
1039020,A,J
1038761,C,J
1038970,A,J
1026743,B,J
1032033,C,I
1038750,C,J
1038683,B,J
1037971,B,J
1038741,C,J
1037261,F,J
1038738,D,D
1001264,B,J
1038542,C,J
1038713,D,D
1030660,A,J
1038701,B,J
1038518,B,B
1028642,C,I
1038680,C,J
1038510,E,J
1038500,A,J
1037538,A,J
1038672,C,J
1038479,A,J
1038642,B,J
1017720,A,J
1038481,C,J
1038484,B,B
1038617,F,I
1038476,A,I
1038362,D,J
1038639,C,J
1038651,B,J
1038609,E,I
956756,C,I
1033819,B,B
1038447,B,B
1038434,D,D
1038602,B,I
1038607,B,J
1037402,A,J
1038022,D,D
1038336,A,J
1038566,C,C
1038180,A,J
1009991,B,J
1038158,C,J
1038330,E,E
1038314,B,J
1036857,D,I
1034800,B,J
1034920,F,J
1038320,D,J
1038147,C,J
1038101,C,J
1038284,C,J
1038275,B,J
1038273,E,I
1038105,C,J
1036486,B,J
1038098,C,J
1038094,B,J
1038090,B,J
1038253,D,J
1038074,B,J
1036032,D,J
1038226,C,J
1038230,B,J
1038060,C,C
1038229,E,J
1038223,A,J
1038222,E,J
1038041,A,J
1038012,B,J
1038010,E,J
1038001,F,F
1037993,B,J
1037964,A,J
1037956,D,J
1037951,C,J
1037882,A,J
1037889,E,E
1037880,B,J
1037891,B,J
1037841,A,J
1037730,C,I
1037873,C,I
1036474,C,J
1037683,A,J
1037844,B,J
1037470,C,J
1037646,C,I
1037793,B,J
1037813,B,J
1037640,B,J
1037801,A,J
1037812,C,I
1037805,B,J
1037608,D,D
1036416,B,J
1037188,F,J
1037763,A,J
1037540,B,I
1037546,B,J
1037354,B,J
1034681,A,J
1035024,A,J
1035030,B,J
1037304,D,J
1037492,D,J
1037313,A,J
965286,E,E
1037462,D,J
1037419,C,J
1037268,A,J
1037258,C,I
1037260,A,J
1037404,C,C
1037251,C,J
1032220,C,J
1037375,B,J
1037231,C,I
1036925,A,J
1037197,B,J
1037371,B,J
1037146,A,J
1037135,A,J
940393,D,J
1017500,B,J
1036945,E,I
1036916,A,J
1036941,A,J
1034139,E,J
1036932,C,J
1036928,A,J
1036923,D,J
1037033,E,I
1034295,B,J
1036749,C,I
1035664,E,I
1015002,C,J
1037038,B,J
1037026,D,I
1037046,D,J
1031409,B,J
1037010,D,J
1037004,C,J
1036818,D,J
1036813,B,I
1036827,B,J
1036769,B,J
1034265,D,J
1036962,B,J
1036752,C,J
1036774,A,I
1036766,C,C
1035085,E,J
1025417,F,F
1036508,A,J
1031692,B,J
1036551,A,J
1031422,C,J
1036674,F,I
1031328,D,I
1036707,D,I
1035592,C,I
1036700,D,I
1036680,E,I
1036676,B,J
1029411,D,J
1036511,E,J
1036681,C,J
1036113,F,I
1036434,D,J
1036484,E,J
1026558,B,J
1036481,D,J
1036604,B,J
1036475,B,J
1036407,C,J
1036448,B,J
1036584,B,J
1036593,B,J
1036257,B,J
1036603,A,I
1036421,A,J
1032953,A,J
1031371,D,J
1031944,D,J
1036305,C,I
1032535,A,J
1036334,B,J
1036331,A,J
1012847,B,J
1036343,B,J
1021515,A,J
1036336,E,I
1036337,C,J
927235,C,I
1033744,A,J
1036314,D,D
924776,C,J
1036132,B,J
1035167,E,I
1025117,B,J
1036129,B,J
1036262,C,J
1036112,A,J
1036078,B,J
1036259,A,J
1036237,D,J
1036102,A,J
1036084,B,J
1036069,B,I
1036224,A,J
1036064,B,J
1036060,G,I
1034612,F,I
1036042,B,J
1036047,A,J
1000862,F,F
1036041,B,J
1036036,B,J
1036030,B,J
1036025,C,J
1036190,B,J
1036017,B,I
1036015,D,J
1036008,B,J
1018242,E,I
1035987,E,J
1035990,B,J
909492,C,C
1035913,D,H
1035963,B,J
1035891,C,J
1035884,B,J
1035858,A,J
1035859,B,J
1035719,C,C
1035851,C,J
1035817,D,I
1029082,D,I
1035681,F,F
1031901,A,J
1035812,C,J
1035655,B,J
1012570,B,J
1035619,C,J
1035647,A,J
1035771,B,J
1035774,A,J
1035636,B,J
1035631,A,J
1035775,B,I
1035428,C,J
1035597,B,J
1035594,D,D
1035518,B,I
1033270,B,B
1035582,E,E
1035381,A,I
1035487,F,I
1034421,C,J
1035349,C,J
1035481,B,I
1035373,B,I
1035463,D,J
1035436,C,J
1035444,C,J
1035442,C,H
1015561,C,H
1035425,F,F
1035424,C,I
1035295,B,J
1035408,C,J
1034363,E,I
1035402,D,I
1035284,C,J
1035386,E,J
1035392,C,J
1035273,A,J
1035255,B,I
1035215,C,J
1034441,B,J
1035160,E,J
1035219,B,J
1030266,A,J
1035202,A,J
1035203,A,J
1030351,B,J
1027926,E,J
1035174,C,J
1035176,C,J
1035105,D,J
1035171,C,J
1034394,A,J
1035162,A,J
1035053,B,J
1035086,E,J
1034948,C,J
1034598,A,J
1035079,E,E
1035067,D,J
1034932,F,J
1034923,B,J
1035063,D,J
1030426,B,J
1035062,E,I
1022965,A,J
1034896,D,I
1034912,B,J
1035054,C,J
1035051,B,J
1034899,B,J
1008652,A,J
1035025,C,I
1034802,A,J
1035032,E,J
1035022,B,J
1034865,C,I
1034832,E,E
1034816,B,J
1034807,D,I
1034803,C,C
1034970,B,B
1033565,C,I
1034757,A,I
1034746,B,J
1034776,C,J
1034778,C,I
1034771,C,J
1034552,C,J
1034550,A,J
1034733,E,I
1034539,D,J
1034722,A,J
1034529,C,I
1034518,C,J
1034517,D,J
1034507,B,J
1034512,C,J
1034692,A,J
1034684,B,J
1034502,A,J
1034463,B,J
1034368,C,J
1030638,A,J
1034454,F,J
1034632,B,J
1034427,C,J
1034418,A,J
1034587,A,J
1025155,F,J
1034346,B,B
1034396,D,D
1034389,C,J
1031076,A,J
1034326,B,J
1034112,C,J
1032244,D,J
1034124,B,J
1034335,G,G
1033959,C,J
1034117,E,J
1034017,E,I
1034316,E,J
1034236,E,J
1034299,E,E
1034287,D,J
1034063,B,J
1034283,E,J
1034285,C,J
1034059,G,I
1034032,D,J
1034262,E,J
1034247,A,J
1034255,C,J
1034051,D,I
1034218,C,J
1034228,B,J
1033995,D,J
1033998,F,J
1034013,B,J
1032493,E,E
1033990,C,J
1033999,E,J
1034179,B,J
1033980,B,J
1033954,D,D
1033948,C,I
1033938,D,J
1033977,A,J
1033927,C,C
1033590,D,J
1033754,B,J
1033743,B,J
1033888,B,J
1033918,C,J
1033741,A,J
1033715,E,J
1033719,E,J
1033717,B,J
1033885,C,I
1033865,A,J
1033711,B,J
1028694,E,J
1033835,B,J
1033887,C,J
750710,A,J
1033679,B,J
1033837,A,J
1033681,B,J
1033691,A,J
1033868,A,J
1033854,C,J
1033669,F,H
1033838,C,J
1033663,B,J
1033826,B,J
1033807,C,J
922483,B,J
1033633,B,J
1012332,C,J
1033554,F,J
1033606,B,J
1033601,C,J
1033561,D,J
1033765,C,J
1033553,C,C
1033330,B,J
1031499,A,J
1033569,B,I
1025389,C,J
1033285,D,J
1033318,B,J
1033192,A,J
1033487,B,J
1033480,B,J
1033498,A,J
1033276,B,J
1033481,B,J
1033307,B,J
1016253,B,I
1033301,B,J
1033280,E,J
1033249,B,J
1033445,D,J
1033264,C,J
1033444,A,I
1033259,A,J
972799,B,B
1026867,C,J
1031899,B,J
1025542,A,J
1033410,C,J
1030924,D,D
1033362,E,E
1033173,E,E
1033154,E,J
1032954,B,J
1032956,C,J
1032949,A,J
1031222,D,I
1032935,B,J
1033120,C,C
1033115,C,J
1032923,A,J
1033099,E,J
1033086,C,J
1032887,C,J
1032885,A,J
1033063,B,J
1022403,A,J
1033047,F,I
1033033,C,I
1030816,C,J
1033026,F,F
1030809,C,C
1032990,B,J
1032540,B,J
1032764,B,B
1032577,D,I
1032771,E,I
1032547,D,J
1032963,A,J
1032563,B,J
1032337,F,I
1032474,D,J
1032352,F,I
1032357,E,J
1032334,C,I
1032302,B,J
1032486,B,J
1032519,C,I
1032503,B,J
1032502,B,J
1031068,B,J
1032489,E,J
1029064,A,J
1032477,E,J
1032475,D,J
1032473,B,J
1032466,A,J
1032453,B,J
1032251,C,C
1032260,D,I
1032430,E,J
1000115,A,J
1032417,D,D
1032418,C,J
1032408,B,J
1032214,A,J
1032392,C,I
1032213,B,J
1031828,B,J
1032366,A,J
1032150,D,J
1032171,C,J
896003,G,I
1019193,C,J
1032166,B,J
1032131,D,J
1032120,C,J
1032098,A,J
1014798,A,J
1032083,B,J
1032091,F,F
1031920,B,J
1032053,A,J
1032073,C,J
1032057,A,I
1031861,E,I
1032016,E,J
1032020,C,J
1032007,D,J
1031719,B,J
1031991,E,I
1032002,B,B
1031998,A,J
1030151,A,J
1031808,D,J
1031969,B,J
1031809,C,J
1031780,B,I
1031967,F,J
1029762,C,C
1030280,B,I
1031706,E,J
985283,B,I
1031678,B,J
1013587,D,J
1031521,E,I
998706,E,J
1031720,B,J
1031691,B,I
1031519,B,J
1031501,B,J
1022421,C,I
1031500,E,I
1031599,A,J
1031471,A,J
1031659,A,H
1031490,A,J
1031642,D,J
1030254,B,J
1031647,D,I
1031612,D,J
1031645,B,J
1031425,A,J
1031462,C,I
1031468,G,I
1031631,E,I
1031052,C,J
1031139,C,J
1031570,A,J
1031446,A,J
1031605,C,J
1004345,B,I
1018736,B,J
1031564,C,C
1031567,D,J
1031583,B,J
1031352,F,F
1031381,C,C
1031379,B,J
1031247,A,J
1008332,A,J
1031138,A,J
1031117,E,J
1031306,A,J
1031278,E,I
1029623,B,B
1031074,E,E
1021474,A,J
1031249,E,J
1030451,C,J
1031054,C,I
1024037,F,I
1031219,C,J
1031213,D,J
1030248,A,J
1031026,C,J
1031193,B,J
1031189,E,E
1031003,A,J
1030982,F,F
1031168,B,J
1030918,A,J
1031175,B,J
1030940,C,J
1030947,B,J
1020983,C,J
1030732,C,J
1030728,E,J
1026877,B,J
1030869,F,J
985043,C,J
1030634,E,J
1030851,B,I
1030656,B,J
1030625,B,J
1030607,C,J
1030131,B,J
950920,E,J
1030552,A,J
1030237,B,J
1025626,A,J
1030803,C,J
1030796,B,J
1030782,B,J
1026295,A,I
1030338,D,J
1030567,A,J
1030578,B,J
1030778,C,I
1030534,D,J
1030558,D,I
1030354,C,I
1030551,A,I
1030282,C,J
1030291,B,J
1030324,B,J
1030283,C,C
1030284,B,J
1028899,A,J
1030264,D,I
1030413,A,J
1030450,B,J
977111,B,B
1030250,C,J
1026933,B,J
1030423,D,J
1030425,E,E
1022290,B,J
1030431,B,J
1030218,B,J
1030418,A,J
1030394,C,J
1030215,D,J
1030381,C,J
1030384,C,C
1030372,C,J
1029649,E,J
1030161,A,J
1029933,B,J
1029889,B,J
1030106,D,J
1029900,B,J
1024123,A,J
1029868,C,J
1030060,C,J
1028867,E,I
1029847,C,J
1029839,C,J
1029819,C,J
1030004,B,J
1029791,E,J
1029783,C,J
1029654,B,B
1029792,A,J
1029779,C,I
1029778,C,J
1029535,B,J
1019588,D,J
1028780,C,J
1029506,B,J
1028990,A,J
1027930,F,J
1029687,C,J
1029648,C,J
1029645,A,J
1026337,C,J
1029488,A,J
1026246,B,J
1029617,C,J
1023925,A,J
1029357,C,J
1029359,B,J
1029118,B,J
1029340,D,J
1029332,B,J
1029334,A,I
1029089,B,J
1029084,D,J
1029273,B,J
1029309,C,C
1029304,F,F
1028983,A,J
1029013,C,J
1029240,C,J
1029224,B,J
1029200,B,I
1028987,A,J
1029186,B,J
1028969,E,J
943149,A,J
1028903,E,E
1028703,D,D
1028698,A,J
1019316,C,C
1028886,A,J
1018297,B,J
1028681,B,J
1028864,A,J
1028658,D,I
1028866,C,C
1028649,C,J
1028635,B,J
1028829,C,C
1028850,C,J
1028819,A,J
1028574,B,J
1028809,B,J
1027054,D,D
1028586,A,I
1028591,C,I
1028147,C,J
1028222,D,D
1028224,A,J
1028180,B,J
1028216,E,I
1028400,B,J
1026621,E,J
1028169,B,J
1028164,C,I
1026247,B,J
1026750,A,J
914377,B,J
1028145,D,D
1027931,B,I
1026320,E,J
1028095,A,J
1027779,D,J
1028073,B,J
1012913,A,J
1028074,A,J
1027861,E,E
1026865,A,J
1027858,B,J
1028056,D,J
1027783,B,J
1028052,A,J
1026242,D,I
1027822,A,J
1022057,D,J
1027992,B,J
1027785,A,J
1027807,C,I
1027973,A,J
1026729,C,J
1027969,E,J
1027758,A,J
1019275,A,J
1024548,B,J
1027479,B,J
1027375,B,J
1019978,G,I
1014115,B,I
1026919,A,J
1027614,D,J
1026271,A,J
997918,D,I
904606,D,D
1025461,B,J
1027372,A,A
1027067,A,J
1027182,F,I
1027164,G,G
1017792,C,J
1025371,C,J
1026934,C,J
1026983,A,J
1026962,C,I
1026727,D,J
1025258,C,J
1026856,B,J
984141,B,J
823400,E,I
1025950,C,I
1026671,A,J
1026806,B,J
1026657,C,J
1026627,C,J
1026529,B,J
1026766,A,J
1026770,A,J
1026553,C,J
1026623,A,J
1025947,C,I
1024935,B,J
1026599,D,J
1026594,C,I
1026512,A,J
896950,D,J
1026526,B,J
991586,B,J
1023170,B,B
1011358,D,I
1026310,B,B
1026458,A,J
1026463,C,I
1026434,B,I
1019989,A,J
1026311,B,I
1026450,A,J
1026301,E,J
1024126,A,I
1011810,B,J
1026435,A,J
1025821,A,J
1026409,D,J
1026420,D,J
1026237,A,J
1018943,A,J
1026221,A,J
1017595,A,J
966961,B,J
1026363,A,J
973804,D,J
1026192,B,J
1026191,A,J
1014580,B,J
1026174,B,I
1025865,B,J
1025734,A,J
1020226,E,J
1025211,F,F
1021469,A,J
1025052,A,J
1025555,A,J
1022570,C,J
1025554,F,I
1013780,B,J
1025533,B,J
897096,D,D
1025633,B,J
1025609,C,J
1020563,C,J
1025512,A,J
1024268,A,J
1025596,A,I
1025583,D,I
1025585,C,J
1025579,A,I
1025574,G,I
1025160,E,J
1022522,A,J
1011178,C,J
1025411,E,J
1022092,B,J
1024600,C,I
1025415,D,J
1017526,B,B
1025314,B,J
1025274,A,J
1021832,E,E
1025301,A,J
1009492,C,J
1023996,C,J
1025259,A,J
947619,D,J
1025199,B,J
1025132,B,J
1025239,E,J
1025108,B,I
997046,F,F
1025186,B,J
1025100,E,I
1025163,B,I
1025055,B,J
1024918,B,J
1025062,B,J
1024916,A,J
1023918,B,J
1008323,A,J
1025008,B,J
1024864,D,D
1022972,A,J
1014729,D,J
1019123,A,J
1024738,B,J
1024741,C,J
935790,D,J
1024649,A,J
1024721,A,J
1024806,E,J
834073,A,J
1024800,C,J
994765,B,J
1024798,E,I
1015995,D,I
1024542,A,J
1024678,F,J
1018744,B,J
1024549,A,J
1024543,C,J
1024691,D,J
1017039,D,D
1024670,E,E
1024471,A,J
1009584,A,J
1024656,A,J
1024482,C,J
1020583,A,J
1024620,C,J
993978,D,D
1024480,B,I
1024144,B,J
1024423,B,J
1024323,D,J
861652,B,J
1024302,B,J
915599,E,E
1007810,C,J
1024122,A,I
1020621,E,I
1024086,E,J
1023029,A,J
1024044,B,J
1024051,A,J
1024170,E,J
1022612,B,J
1017853,C,C
1023951,B,J
1023946,B,I
993387,B,J
1023914,A,J
1023909,D,I
1023972,C,I
1023591,B,J
1023877,A,J
1023875,A,J
1023842,E,I
999687,A,J
1023699,E,J
1023860,C,I
1023704,D,I
1023044,B,B
1023824,A,J
1020966,C,I
1023802,D,I
1023659,A,J
1023555,D,I
1022827,C,J
1023438,B,J
1023542,C,I
1022552,A,J
1023547,A,J
1023590,C,J
1023522,D,J
1023485,B,J
1016736,A,J
1023459,A,J
996371,A,J
1023275,E,I
1022643,B,J
1023219,E,I
1023178,A,J
1023172,D,I
1022961,E,I
683110,A,J
1015815,B,J
1022929,C,J
1022912,B,J
1022908,B,J
1022889,A,J
1021934,A,J
1018263,A,J
1022845,A,J
1022829,B,I
1013775,A,J
1022962,C,C
823001,B,J
1022731,B,B
1022768,E,J
1003648,B,J
1020800,A,J
1022549,A,J
1022696,A,A
1022153,D,J
942440,D,D
1020031,D,J
1022513,A,J
856181,B,B
1022504,A,J
1016815,B,J
1022460,B,J
1022601,D,D
1022445,B,J
1022452,C,I
1022594,C,C
1022579,B,J
1022563,D,I
1022411,A,J
1018045,E,E
1022352,B,J
1022407,A,J
1022409,E,J
1022317,A,A
1022314,A,J
1022256,A,J
1022152,B,J
1020317,B,B
1022130,B,J
1019242,C,C
1022134,B,I
1022125,B,J
1022116,B,J
1021444,F,F
1022052,B,J
1020221,A,J
1022059,B,J
1022038,A,J
1022176,C,C
995236,A,J
1022034,D,D
1011847,A,J
1008914,A,J
1021952,A,J
1020047,C,C
1022002,F,F
981904,B,J
1021935,F,J
1021983,A,J
1021976,B,J
1020469,A,J
1018908,B,J
1015398,C,H
1021865,A,J
1018671,B,J
1021472,C,J
1021844,C,J
1021839,D,J
1021468,B,J
1020342,B,I
1021442,B,J
1021434,E,E
904096,B,J
1010659,A,I
1020113,B,J
1020726,D,D
1021418,A,J
1021383,A,J
1021382,C,J
1021379,E,I
1021172,D,D
1021164,A,J
898164,B,J
1020958,D,J
1020990,B,I
1020936,G,G
1020753,B,J
1017041,A,J
867000,B,J
1020721,A,J
1020889,A,J
1020863,D,J
1017181,A,J
1005707,E,E
1018129,F,F
1020847,G,J
1020845,D,I
1019919,A,J
1020660,C,J
1018254,B,J
1012057,C,J
1020817,A,J
1016517,B,J
1018175,B,B
1020640,C,I
1020774,D,J
1020400,E,H
1020805,B,J
1020628,B,J
1020629,B,J
1015940,E,J
1003309,D,J
1020322,A,J
1015322,D,J
1020765,B,J
1020579,D,J
1020546,D,I
1019133,C,J
1020343,B,I
1020326,B,I
1020545,A,J
1020528,B,J
1020311,D,J
1020303,D,I
1020291,C,I
1000198,A,J
1020477,B,J
1020480,B,J
1020470,C,J
1020243,B,J
1020423,D,D
1020444,A,J
1019631,A,J
1017729,D,J
1019899,C,J
1020220,D,I
1013619,B,J
1020196,B,B
1020393,A,A
1020401,A,J
985454,D,D
1020138,A,J
952615,C,J
1019952,B,J
1020142,B,B
1019895,B,J
1019932,D,J
1020120,B,J
1018925,A,A
1020085,A,J
1020097,A,J
1019887,A,J
1018577,C,J
1009012,E,I
1020042,C,I
1001370,C,J
1020011,A,J
1020002,F,J
1020001,A,J
1019997,B,J
1019807,B,J
1019343,G,J
1019780,A,J
1019633,A,J
1019471,A,J
1016497,D,I
1019432,C,J
1015016,C,J
1019407,B,J
1018112,B,I
1016510,A,J
1019563,B,J
1019333,A,J
1018997,B,I
1008183,B,J
1016347,A,J
1019281,B,J
1019290,B,J
1019072,B,J
1019261,D,I
1014256,A,J
1019257,B,J
911806,B,J
1019046,B,B
905122,A,I
1019040,F,I
1019033,A,J
1019005,E,J
1019003,B,J
1018972,A,J
1017623,D,I
1018962,C,C
1018748,B,J
1018924,D,J
1005144,A,J
1016236,F,I
1018707,D,I
1018910,E,E
1018880,D,J
1017927,A,J
1015651,E,J
1018698,C,J
1018693,C,J
1018679,A,J
1016245,F,I
1015527,B,B
1018152,A,J
1017797,B,B
1018627,C,J
1018784,F,I
901650,A,J
1018179,B,J
1014923,E,I
1018772,A,J
1016604,A,J
1018603,B,J
1018550,C,I
1018587,A,A
1018500,B,J
1018508,B,J
999020,C,J
1018528,D,J
1017154,B,I
1018348,D,J
890375,F,F
1008428,C,C
1018462,A,J
1018453,B,B
1018442,E,J
1018250,C,J
1012055,D,J
909295,C,I
943086,B,J
1018373,E,I
1017849,A,J
1018190,D,D
1016796,B,J
1018133,B,B
1017940,C,J
1018119,A,J
954075,A,J
1018094,C,J
1017926,F,J
1018080,B,I
1017343,E,I
1018084,B,J
1017883,B,J
1017884,B,J
1017873,B,J
1018065,A,J
1018056,D,I
1017848,A,J
1016476,C,C
1017814,A,J
1018009,A,J
1017981,A,J
1017982,A,J
1002483,E,J
1017556,B,J
1017552,A,J
1017768,A,J
1017767,B,J
1017770,C,J
1017546,A,J
1016154,E,I
934024,D,J
1017756,B,I
1017512,A,J
1017149,B,J
1017714,E,E
1017707,B,J
1017495,F,I
1017697,E,I
1017659,C,C
1017680,B,J
1017481,D,J
1017447,A,J
1017461,B,J
1017665,B,J
1017417,B,J
996469,A,J
1017624,F,J
1017620,B,J
1017613,C,J
988627,B,J
1017589,D,I
1017393,A,J
1017566,B,J
1017574,C,J
1017092,B,J
1016532,B,J
1017370,A,J
1017348,E,E
1015173,A,J
936708,A,J
1017115,B,J
1017129,E,E
1017321,B,J
1017316,A,J
1015707,A,J
1013150,B,J
1002295,B,J
1017098,A,J
1017282,C,I
1017196,A,J
1017279,B,J
1017086,C,J
986466,B,B
1012030,B,J
1017021,C,J
1017217,C,J
1017211,B,J
1016680,D,J
1016996,D,J
1017187,A,J
942565,C,J
1017174,A,J
1015096,C,J
1012129,A,J
1016750,A,J
998075,E,J
1016748,B,J
1016819,C,J
1012318,A,J
1016780,B,J
1005735,B,J
1016769,A,J
928821,D,J
1016732,A,J
1016722,C,J
905862,D,I
1016765,A,J
956911,A,J
1016763,B,J
1008227,B,J
1016554,C,I
1016535,A,J
1016514,C,J
1012582,C,C
1016513,B,J
1016508,A,J
904442,D,J
1016647,B,J
792574,B,J
1016648,C,J
1016640,E,J
1016639,B,J
1016483,B,J
1016373,C,J
1016593,A,J
1016427,B,J
1016430,B,J
1016350,E,J
1016424,A,J
1016416,E,J
1016562,C,I
1016420,C,J
1016405,D,J
1016351,B,B
923606,B,J
903790,B,J
1016340,C,J
1016379,C,J
1016371,C,I
1016374,B,J
1016330,A,J
1013089,A,J
1016320,C,J
1016319,B,J
1011985,E,J
1016155,A,J
1014330,B,J
1016318,C,J
1016313,E,J
961751,A,J
1016307,C,C
1007493,C,J
1016140,B,I
1016026,A,J
1016278,C,J
990524,A,J
1016275,A,J
1016113,B,J
1016107,F,I
1014199,C,J
1016106,E,J
1016080,B,J
1016250,C,C
1016090,C,J
1016084,B,B
1016022,B,J
902095,E,J
1016021,E,J
1015178,D,I
1016062,A,J
1016054,C,J
1016225,A,J
1016181,B,J
1016175,B,J
1016053,B,J
1016048,B,J
1016036,C,J
1016039,D,I
913543,C,J
1016171,D,J
1016033,C,J
1016028,F,F
1013818,A,J
1013376,C,J
1015928,B,B
989431,D,D
1004864,A,J
1015930,A,J
1016001,A,J
1011365,C,J
1010828,C,J
1015919,C,J
1015990,F,I
1015973,B,J
1012082,B,J
1013010,B,B
1015893,C,I
1012212,B,J
1015882,A,I
1015868,B,B
1015864,A,J
1015565,A,J
1015726,A,J
1010685,B,J
1015832,A,J
1009618,B,J
1015827,E,I
1015684,A,J
1015685,D,D
1015820,E,I
1015662,D,J
1015798,C,J
1015633,D,J
1015630,D,D
1015628,B,I
1015764,B,J
1015615,E,E
1015556,A,J
1015063,D,J
1003497,G,J
888558,B,I
1015536,D,J
1015522,A,J
1015515,A,J
1015500,A,J
1012796,B,B
965279,C,J
1015338,A,J
1015476,A,J
1015479,A,J
1015464,C,C
1015326,A,J
1015459,D,J
1012586,A,J
1015436,B,J
1015409,B,J
1015252,A,J
1015244,B,B
1015211,F,F
1014826,A,J
1000280,B,J
1015136,D,I
1015119,B,J
1015102,E,I
1014941,A,J
1014934,A,J
1014937,C,I
1012953,E,I
1014918,E,J
1015043,B,J
1014908,A,J
1015039,A,J
1012584,A,I
1015029,A,I
1014850,A,J
1014847,A,I
1014842,A,J
1014974,C,C
1013375,B,J
1014802,A,J
1014776,D,J
1010866,B,J
1014734,B,I
1014419,A,J
1014717,C,J
1014779,D,D
1002249,A,J
1014541,C,I
1014670,C,J
1007227,C,C
1014495,A,J
1014640,A,J
1014586,E,I
907795,D,J
1014422,D,I
1014584,D,I
1014582,B,J
1014573,B,J
1014567,B,J
1014405,D,I
1014401,A,J
1014358,B,J
1014346,B,J
1014352,C,I
1014377,B,I
1014080,B,J
1014337,A,J
1011131,A,J
1014320,C,J
1014312,A,J
1014105,F,J
1014291,C,I
1014117,C,J
1014113,B,J
964811,C,J
1014100,C,I
1014091,C,J
1009315,A,J
1014247,A,J
831622,C,J
1012242,D,J
1008716,B,I
1014023,B,B
1014212,A,J
1014001,B,J
1012923,B,J
458165,A,J
1013989,B,J
1013992,C,J
1012916,A,J
1013972,E,J
1013970,B,J
1013809,B,I
1013788,A,J
1001045,A,J
1013100,E,J
912901,D,J
1013571,A,J
1013197,C,J
1013191,B,J
1004841,C,C
1013155,A,J
994468,A,J
1012014,B,J
1012895,A,J
1013143,B,J
1012878,C,J
1012890,E,I
1013110,A,J
1013106,D,J
1012894,B,J
1013112,B,I
1012882,B,J
1011202,A,J
1012989,B,J
950998,B,I
1012269,A,J
1012851,A,J
1013071,F,J
1013051,C,J
988654,C,J
1012835,A,J
1013026,B,J
967935,D,J
1012816,D,D
1012810,B,J
1012794,A,J
812537,F,J
1012777,B,J
1011825,A,J
1012964,F,F
1012367,D,J
1012628,A,J
1003548,B,J
1012574,C,J
1012385,A,J
1012379,A,J
1012375,B,J
1012353,E,E
1012339,A,J
981611,A,J
1012146,F,J
1012106,B,I
929326,E,E
1012136,C,I
1012300,A,J
1012243,B,J
1012281,F,I
1011650,E,I
1010292,B,J
1011585,F,F
979114,A,J
1007417,C,J
1012038,B,J
1012217,B,J
1012204,C,I
1012020,B,J
1012019,D,I
1012022,A,I
1011998,B,J
923035,C,J
1011990,A,A
1012168,E,J
1011907,B,J
1002974,A,J
1011733,B,J
1011952,C,J
1011948,A,J
1011753,A,J
1011752,A,J
1011665,B,J
1011748,A,J
927787,B,J
1009798,C,J
1011715,C,J
1011857,A,J
1011666,A,J
1005884,B,J
1011721,C,J
1011894,A,J
1011710,C,J
1011816,B,J
1011693,B,H
1011873,B,I
1011652,B,I
1011655,D,I
1010624,C,I
1011550,B,J
1011812,D,D
1011807,C,J
1002568,B,J
1010149,D,J
1011404,B,I
1011597,A,J
1011049,B,J
1011555,B,J
1011571,C,J
1010409,A,J
998229,D,D
1011338,A,J
1011320,B,J
1011319,C,I
1011471,A,J
1011311,A,J
1011478,B,J
1011268,B,J
1011283,B,J
1011263,A,J
1010379,B,J
1011130,A,J
1011256,A,J
1004153,E,J
965356,A,J
1011395,A,J
1007709,B,J
1011211,A,J
1011180,B,J
1010103,B,J
1011164,A,I
1011148,A,J
1004173,C,C
1011128,A,J
1010915,E,I
1011055,B,I
1011087,B,I
1011073,A,J
1010385,A,J
1004514,A,J
1010894,D,I
1010895,B,J
1010884,D,H
1010875,B,J
940886,A,J
1011061,D,J
944592,E,E
1011050,A,J
1008864,B,J
1010794,D,J
1010854,D,J
1011020,B,J
1011032,C,J
1011017,B,I
1010788,C,J
1010824,A,J
1010998,B,I
1010812,A,J
1007174,F,J
1010801,C,C
1010974,B,J
1010776,A,J
1008184,A,J
1003727,D,I
1009591,D,J
1010750,C,J
1010121,B,J
1010721,C,C
1010723,C,J
1010526,E,J
1010496,B,I
1010493,C,I
1010411,F,I
988332,A,J
1010686,B,J
1010499,C,J
1010474,A,J
1010662,B,J
1010658,B,J
1010646,A,J
1010645,D,J
1009419,B,B
1010629,A,J
1010440,A,J
1000799,B,J
1010606,C,J
1010419,B,B
1010410,D,I
1010390,B,J
1009474,D,D
1009147,B,J
878883,D,I
1005982,C,J
1010159,B,J
1000095,A,J
1010321,C,I
868543,C,I
1010143,B,J
1010303,B,I
1010293,B,J
1008590,D,J
1010287,B,J
1010124,B,J
1010277,B,J
926571,F,I
1008388,B,B
1010101,A,J
1004102,B,J
1010269,A,J
1010097,A,J
1009946,C,I
1010083,C,J
1010077,B,J
1001931,B,I
1010037,D,J
1010000,B,I
857062,A,J
1004695,B,J
1010187,A,J
1010206,C,J
1010193,B,J
1010204,C,J
1010003,B,I
1010170,C,J
1010030,A,I
1010191,F,I
1003720,D,I
1010166,A,J
989290,A,J
1009960,B,J
1010015,B,I
1009939,C,J
1010011,F,J
985909,A,J
1009979,E,J
1009981,A,J
981005,A,J
1009751,B,J
1008763,B,J
1008224,B,J
1009747,A,J
1009737,A,J
1009833,E,I
1009699,A,J
1009540,E,I
763009,A,J
1009796,A,J
988006,B,J
1009799,B,J
1008870,B,B
1009673,B,I
1009664,A,J
1007212,D,J
1009772,B,J
1003986,D,J
1009763,C,I
1001786,A,J
1009553,A,J
942739,B,J
1009531,F,I
1009533,B,J
1009187,C,J
1009510,A,J
1009606,B,J
1009595,A,J
1009569,A,J
1009563,C,I
1008431,A,J
1008811,A,J
1009343,C,C
1009320,A,J
1009453,D,I
993914,C,J
1009301,D,I
1009294,B,I
1009288,C,J
1009277,D,J
1009416,A,J
1009418,A,J
1009413,D,I
978488,B,B
1009214,B,J
1009398,A,J
1009387,C,J
1009392,B,J
1009249,E,J
1009120,B,J
1009373,A,J
1009226,B,J
1009138,A,J
994506,A,I
1009152,C,J
1009213,A,J
1009153,B,J
1003712,B,I
1009193,E,J
1003208,E,E
1009171,A,J
987382,A,J
1008959,B,J
1008958,A,J
1009098,C,J
1009082,B,J
1007441,D,D
1009060,D,J
1008915,D,I
1002861,C,J
998473,A,J
1008842,A,J
1009024,C,C
1008869,A,J
1009008,A,J
1008858,A,J
1008845,C,I
1008832,D,I
931391,C,J
988592,E,J
1008791,B,J
1008749,C,C
1003434,B,B
1008802,A,J
1008040,B,J
1008723,C,J
1006108,A,J
1008529,E,J
985145,B,J
1008550,D,J
1008762,B,J
1008334,B,J
1008548,A,J
1008709,C,J
1008504,B,I
1008519,B,I
1008690,B,J
1007615,A,J
1008660,A,J
1008491,F,J
1008668,B,J
1006841,F,I
1008460,D,J
1005146,D,J
1008456,A,J
1008635,B,I
1008627,B,J
1008625,D,J
1003949,B,J
1008593,B,B
1008426,A,J
1008285,C,C
1008377,C,J
995470,E,J
977474,B,J
1008324,A,J
1008369,D,J
1008363,C,J
1002752,B,J
1002396,G,G
1008133,A,J
1001708,C,J
1008126,C,J
1008273,A,J
1008115,B,J
1008119,B,J
1008242,C,J
1008267,A,J
1008099,D,I
1008254,B,J
1007899,C,J
990249,A,J
1008068,C,J
1008057,A,I
1005957,B,J
879841,D,J
1008194,A,J
1008020,A,J
999681,A,J
1007997,B,B
1008165,C,J
1007959,B,J
1001205,A,J
1007951,A,J
1007932,A,J
1007926,A,J
983769,D,D
1007751,D,I
1007918,A,J
1006291,B,J
985200,A,J
1007892,B,J
1007711,D,I
1007871,C,J
1007695,D,J
1007839,A,J
999502,B,J
1007073,B,I
1007826,E,J
1007647,C,C
997316,A,J
990658,D,I
1007619,A,J
1007778,B,J
971035,A,J
1007539,A,J
1007331,B,J
1007317,B,J
1007519,A,J
1007502,A,J
1007513,A,J
999666,C,C
1007397,B,J
1007488,D,D
1007473,D,J
1007291,A,J
1007268,B,J
1005939,B,I
1007257,B,J
1006430,A,J
1007428,B,J
993472,C,J
1007423,A,J
1007228,A,J
1007408,D,D
1007404,E,J
1007209,A,J
1007211,B,J
1007386,E,I
994720,A,J
1006766,D,J
1007379,C,J
1006327,C,J
1007154,A,J
928898,E,E
1007126,B,B
1006907,A,J
1006918,B,J
1007103,B,J
1000208,B,J
1007086,E,J
1006771,B,B
1006875,B,J
1007070,A,J
1002882,D,J
1006885,C,J
1000794,C,C
1006618,C,J
1007042,B,J
1006845,B,J
1004131,A,J
1007014,B,I
1007010,B,J
1006824,B,J
1007009,B,J
1006812,D,I
1006806,B,J
1002546,C,I
1006769,A,I
1006607,B,B
1006616,E,J
1006411,E,J
1006405,C,J
1006397,A,J
1006590,A,J
1006398,B,I
1006581,A,J
1006579,A,I
1002142,D,J
1006377,A,J
1006387,A,J
1004496,A,J
1006564,E,I
1006158,A,J
1006372,C,I
1006364,G,I
1006371,A,J
1006338,C,J
1006331,B,J
980234,A,J
1004491,B,J
1006119,B,J
1006114,C,J
1006322,D,J
997558,B,J
887713,A,J
995703,B,J
1006097,F,F
1004332,A,J
1005015,B,J
1006070,B,J
1006067,B,J
1006283,E,J
1004936,C,J
1006073,A,J
998521,E,I
1006259,B,J
1006032,A,J
1006236,C,I
1005967,B,J
1005050,B,B
1005988,A,J
1005977,B,I
1004502,B,J
1002214,C,J
1005932,C,J
1003910,B,J
944529,E,E
1000816,A,J
1004713,B,J
991475,A,J
999662,A,J
1005910,A,J
1005896,B,J
990546,A,J
973082,A,J
1005153,B,J
1002366,E,J
1005808,D,J
1005865,F,J
1005669,C,C
994734,C,J
1005831,A,J
1000579,A,J
1005837,A,J
1000124,B,B
809739,B,J
1000138,C,J
1005627,E,I
1004088,B,J
998222,B,H
1002729,B,B
1004353,C,J
1005792,A,J
1004157,B,J
1005145,E,I
1005067,C,J
1005763,A,J
1005771,A,J
1005770,A,J
1005579,B,I
1005170,B,J
1005168,A,J
1005161,B,I
1005156,E,J
1005129,A,J
1004939,C,J
997339,C,J
1004908,A,J
1004899,A,J
978833,A,J
1003349,D,J
1005073,A,J
1002033,B,J
1004826,D,J
1003398,A,J
1005052,B,J
1004851,E,J
1004844,D,J
1004771,A,J
1003613,D,D
1004685,B,J
1003976,A,J
999267,B,J
1004804,A,J
1004991,A,I
1004358,C,J
998418,B,J
1000142,A,J
910281,B,J
1004741,D,J
1004545,B,J
1004670,C,I
1004484,B,J
895589,D,J
1004462,G,I
1004453,D,J
1004455,A,J
1003345,B,B
994833,D,J
1004608,C,J
981387,B,J
880757,B,B
1004403,C,J
994821,A,J
970906,A,J
1004142,C,J
1004390,A,J
1004381,A,J
994164,B,I
1004123,B,J
1004336,C,J
1004324,B,J
1004151,A,I
1004145,A,J
1004149,A,J
1004136,B,J
1004005,C,J
1004138,A,J
1004071,C,J
1004134,D,J
1004114,B,I
1004112,D,J
1004099,B,J
953085,B,J
1004274,A,J
1002063,B,B
1004215,A,I
1004079,A,J
890697,B,J
1004240,D,J
1004050,A,J
1004229,B,J
1004227,B,J
1004057,C,J
1003485,C,J
1004175,A,I
1004044,A,I
928485,C,C
1004019,A,J
1004016,A,J
1004013,A,J
1004167,A,I
1004168,A,J
1001397,D,J
1003994,A,J
1003972,A,J
1003925,B,I
987614,C,J
1003896,B,J
1003619,B,J
1003771,E,I
1003716,D,J
1003713,C,J
1003708,C,I
1003704,B,J
1003699,B,J
1003669,C,J
1003668,A,J
977839,C,I
1003645,A,J
1002746,A,J
1003633,F,I
1002456,D,J
1002291,F,I
1003567,B,J
1001407,B,J
1002603,C,J
1003593,D,J
1003594,A,J
1003549,B,I
1003568,C,J
1003356,A,J
1003525,B,J
1003513,B,J
1003335,A,J
1003506,A,J
997828,A,J
1002809,D,J
1003298,B,J
1002150,A,J
1003451,B,I
1003267,B,B
1003444,A,J
1003229,E,E
989598,C,C
1002710,A,J
1002635,C,C
1002859,B,J
1002894,G,I
1002888,A,J
1002790,B,J
1003077,A,J
1002880,C,J
1002878,B,B
1002862,B,J
1001323,C,J
999179,B,J
1003045,B,J
1003040,A,J
1003047,C,J
1003031,D,I
998240,B,J
1003025,B,I
1002813,E,J
999532,A,J
980552,D,D
1002778,C,J
862488,E,J
1002722,C,J
1002556,E,E
1002681,B,J
998475,A,J
1002534,C,I
1002680,C,J
1002518,B,B
1002584,A,J
1002502,B,J
1002509,D,J
1002610,C,J
1001953,B,J
1002436,D,J
1001258,F,I
1002589,D,J
1001871,A,J
968953,A,J
841379,A,J
1002575,C,J
1002440,A,I
1002443,C,I
1002428,A,J
1002562,B,J
1002413,E,J
1002419,A,J
1002404,A,I
1002337,B,I
1001701,A,J
1001573,B,J
1002383,A,J
1002303,C,I
993621,B,J
1002377,A,J
997765,A,J
999955,A,J
1002259,A,J
1001709,A,J
1002062,B,J
1002199,C,J
1002202,D,J
994522,B,I
1002189,C,J
1002026,B,J
1002171,C,J
978009,B,J
1002165,B,J
1001994,C,I
994808,B,I
1001414,A,J
1001944,A,J
1001581,A,J
1001920,B,J
1001752,A,J
1001738,D,J
1001743,C,J
1001243,A,J
1001727,A,I
1001552,B,J
904871,B,J
1001689,A,J
964950,D,J
1001716,C,J
1001868,C,I
1001872,B,J
1001792,E,J
1001855,B,J
1001838,C,J
992362,C,J
1001644,B,J
998884,A,J
890137,F,J
1001640,B,J
1001630,B,J
998591,D,J
1001623,B,J
1001484,F,I
947469,E,J
999176,A,J
1001343,E,I
1001539,A,J
1001480,B,B
1001335,B,I
1001320,A,J
918617,E,I
1001516,A,J
1001151,B,I
1001277,A,J
999338,B,J
1001157,B,J
1001251,A,J
1000989,B,J
988119,D,J
1001241,C,I
1001416,B,J
994018,B,J
1000956,F,J
1001200,A,J
1000384,B,J
999834,F,F
1001175,D,J
1001382,C,J
1001185,A,J
998983,E,J
1001372,A,J
1001365,A,I
1001173,C,J
1001172,A,J
1001167,A,J
1001134,A,J
1000929,A,J
1001116,C,C
1001113,B,J
1000918,B,J
1000903,B,J
1000288,B,J
1001090,D,J
1001086,A,J
1001046,A,J
1000045,D,J
1001032,A,J
1000790,B,B
1000786,C,J
1000967,D,I
1000513,B,J
1000497,A,A
1000673,B,J
1000483,A,J
1000480,A,J
1000468,C,I
996000,B,J
1000643,B,I
997803,A,J
1000396,E,I
1000594,B,I
1000571,C,J
1000309,C,J
1000321,D,I
996982,A,J
971981,C,C
989641,B,J
1000304,A,J
1000262,B,I
1000285,A,J
992580,A,J
1000267,A,I
990514,C,J
1000067,D,D
1000253,A,J
1000242,E,J
1000033,D,J
1000030,A,J
993612,A,J
1000007,E,E
999981,B,J
999983,A,J
999989,B,J
999669,B,J
999746,B,J
999951,A,J
998128,B,J
999744,D,J
999914,C,J
999918,A,J
960257,B,J
998252,B,J
999708,A,J
999905,A,J
999894,C,J
999701,A,J
999879,B,J
991306,A,J
999668,A,J
992300,B,J
999667,A,J
999672,B,J
901982,A,J
973424,A,I
999844,C,J
999639,B,J
999816,C,I
999497,D,J
999634,B,I
991421,A,I
999797,A,J
875809,A,J
999583,B,J
999763,B,I
990118,D,I
999354,A,J
999548,A,J
999335,E,J
999331,E,E
982018,B,I
972572,A,J
999492,C,C
999074,E,J
999295,D,I
999292,A,J
999276,A,J
999469,B,J
999468,B,J
999250,C,I
999248,D,I
999244,B,J
999441,A,J
994517,B,J
900575,C,J
999425,A,J
991299,A,J
991910,A,J
999393,F,J
999033,E,J
999172,A,J
999170,B,J
999168,C,J
998819,A,J
999076,F,J
999060,D,J
998880,D,I
998868,D,J
998864,C,J
998862,A,J
998817,C,C
998968,A,J
998737,A,J
998792,G,G
998505,C,I
998515,D,I
981610,F,I
974413,A,J
998750,A,J
998499,A,I
945434,D,J
993433,A,J
967889,D,J
998559,A,I
997964,A,J
998555,B,J
997996,A,J
997741,A,J
998689,E,E
998530,A,I
998523,E,E
998694,E,E
998704,B,J
996693,A,I
998112,B,J
998488,C,C
998474,A,J
998469,B,J
998470,B,J
996672,A,J
631407,A,J
998616,F,J
998596,C,J
998590,B,J
998587,A,J
998396,A,J
998386,A,J
998359,B,J
998370,A,J
998097,A,J
984625,E,I
998339,B,J
994969,B,J
996890,A,J
998313,A,A
998087,D,J
998111,B,J
998273,A,J
758482,A,J
998203,B,J
998201,A,J
998194,D,I
996434,A,J
956877,E,I
998014,C,H
997879,A,I
995914,B,B
993894,A,I
997954,A,J
913851,E,J
997753,B,J
997748,B,J
997750,B,J
995648,B,B
996517,B,I
997328,E,I
997734,C,I
997736,B,J
997889,C,J
997878,B,J
997623,B,J
997845,E,J
997843,A,J
997677,D,J
997678,B,J
997674,A,J
997612,D,J
996748,F,I
936696,F,J
997825,A,J
997658,F,J
987816,B,J
997606,A,J
997813,E,J
997329,C,I
997632,B,J
997625,C,J
993927,B,J
997797,B,J
993824,C,J
997611,C,J
996337,C,J
916467,B,J
997574,C,J
997586,D,J
884030,A,J
906804,C,J
997567,B,J
997561,A,J
970334,B,J
997570,A,J
997553,C,J
994409,A,J
997543,B,J
997346,C,J
997343,B,J
997340,C,J
997530,A,J
994159,A,J
993535,A,J
997303,E,J
997299,A,J
997281,B,J
997488,A,J
997490,C,I
997273,C,J
987384,E,J
873910,A,J
923728,C,J
997241,D,I
997442,B,J
960175,A,I
979576,B,J
997204,E,I
997381,A,J
997139,B,J
996889,A,J
996934,D,I
996349,B,J
996937,B,J
996417,C,J
996415,A,J
980336,B,B
996919,B,B
996440,E,I
991402,B,J
997090,C,J
994715,B,I
996831,D,J
996881,A,J
996255,D,I
994697,A,J
927958,B,J
996861,B,J
986011,D,J
997047,E,J
996550,E,I
996855,A,J
996851,B,J
996847,D,J
995281,F,I
996815,A,J
946504,B,J
996999,D,J
996814,E,I
988640,B,J
996977,D,I
980136,D,D
996790,B,J
995714,F,F
978623,C,J
949898,B,J
996559,B,J
996558,A,J
987047,B,B
996712,A,J
977077,A,J
996498,C,J
996624,A,J
994135,E,J
996680,F,J
996679,C,J
978549,F,I
996662,A,J
996439,A,J
994355,F,J
950084,B,J
996597,D,J
996595,C,I
996437,B,I
996412,A,J
988457,A,J
995297,A,J
996366,E,J
996048,F,F
994660,A,J
996150,B,I
996119,B,J
973935,A,J
996294,A,J
989612,B,J
996273,B,J
995848,A,J
994994,A,J
995815,A,J
995862,A,J
996199,B,I
996074,B,J
996065,E,J
996053,E,I
993379,A,J
990791,A,J
996235,C,J
985811,C,C
996011,A,J
993542,E,E
994133,C,C
996195,B,J
918287,B,J
987227,A,J
996176,B,J
908350,C,J
980513,A,J
954345,B,J
995956,A,J
995974,A,J
995933,C,J
995717,A,J
915213,C,J
995722,A,J
995913,A,J
995696,D,J
995902,B,J
995906,A,J
995682,A,J
995358,B,J
995895,G,J
995899,C,J
995668,F,J
995878,D,I
978993,B,B
995565,E,J
990813,D,I
976241,B,I
995621,C,J
994914,C,J
987436,A,J
995614,D,D
995819,A,J
995801,A,J
995227,A,J
995579,B,J
995574,B,J
995782,A,J
995327,B,B
995357,B,J
994078,B,I
995561,C,J
995527,D,I
974704,D,J
995551,A,J
986603,C,J
995434,B,J
976725,A,J
995515,A,J
994926,B,J
994520,A,J
995519,C,J
995299,D,J
995296,D,I
995288,A,J
977772,E,E
994940,A,J
993768,D,I
986535,D,I
994039,B,J
994796,G,I
851142,D,J
987906,D,I
994807,B,J
995410,D,I
993915,A,J
995368,D,J
889913,B,B
994949,D,J
988571,D,D
995018,B,J
995009,D,I
994930,C,J
921419,B,J
994983,A,J
993659,B,J
993852,C,I
994744,A,J
994828,A,J
988624,A,J
994826,C,J
994823,A,J
994707,D,J
994632,C,C
994794,D,D
994694,D,J
994699,B,B
904400,D,J
994691,E,J
994681,E,I
790093,C,J
986874,A,J
994508,C,J
994525,B,I
994638,A,J
994635,A,J
994611,B,J
994529,C,I
992446,E,E
994601,A,J
909595,B,J
994578,A,J
994486,B,J
994284,D,I
893013,B,J
994404,B,J
994322,A,J
994442,B,J
992463,B,J
994423,D,D
994294,A,J
992019,A,J
994241,D,J
994273,A,J
982138,C,J
994249,A,I
994238,B,J
979654,A,J
991833,C,J
993953,B,I
994182,D,I
994149,C,J
994158,A,J
994171,B,J
994110,A,I
994128,C,J
994103,A,J
993885,A,J
994123,E,J
994096,B,J
993964,A,J
994083,B,J
993878,C,J
994065,A,J
992140,A,J
994044,A,J
985182,A,J
892936,C,J
968482,D,D
991811,D,D
993754,A,I
992586,D,J
993766,B,J
993747,B,J
993434,B,J
993508,B,J
867871,C,C
993503,B,I
993479,B,J
969421,D,J
788272,B,J
993445,B,J
984853,D,H
993419,B,J
993597,B,J
971671,A,J
993569,A,J
993367,A,J
992247,B,J
891512,C,C
993162,A,J
992549,A,J
992554,A,J
990129,C,J
992489,D,D
992224,B,J
992658,D,D
992517,B,J
992518,A,J
992646,A,A
992618,D,J
978015,C,J
952635,C,J
992467,D,J
992473,B,J
889700,B,J
992433,D,I
992430,C,J
992576,C,I
992382,D,D
992339,B,J
987490,C,J
992372,D,J
988058,C,C
992292,A,J
992293,A,J
992222,C,C
991725,A,J
992218,B,I
565876,C,J
992034,C,J
985495,A,J
992186,B,J
951716,F,J
991954,E,J
991987,F,I
991976,B,J
991964,D,I
991963,A,J
991923,A,I
991921,C,J
991735,B,J
991723,C,J
991708,B,J
991309,D,D
805371,A,J
984701,A,J
991819,A,I
991824,F,F
991800,B,J
991639,C,I
991636,A,J
991801,C,I
991612,D,J
991606,A,J
991608,A,J
991258,A,J
991773,A,J
989764,D,J
991766,B,J
991544,B,J
991280,A,J
991279,C,J
991463,D,J
984402,B,J
991257,C,J
991429,B,J
991431,A,J
991416,B,J
991230,B,J
940733,C,J
991166,A,J
990816,C,I
887254,A,J
991009,C,J
991006,C,J
990763,F,J
990709,D,I
990992,C,J
990789,D,I
990984,D,J
990527,D,I
990764,A,J
990543,A,J
984541,C,C
989249,E,J
985266,B,B
990728,C,J
990688,C,I
990505,E,J
990710,E,J
985964,D,J
990687,D,I
988112,A,A
990486,C,J
990484,B,J
990469,B,J
891646,A,J
977670,B,B
990652,B,J
990654,B,J
894834,E,E
990636,C,J
974750,B,J
990626,B,B
990589,A,J
973618,C,I
990430,B,J
990606,A,J
981721,B,J
990585,A,J
990395,A,J
988301,B,I
990388,B,J
990387,B,J
985956,B,J
990370,B,J
990374,E,E
990357,B,J
988651,A,J
982007,B,J
990346,C,J
891706,A,J
990329,D,D
990324,A,I
990114,B,J
942144,C,J
988221,B,J
990301,A,J
990045,B,J
959260,E,E
969687,A,J
990054,E,E
990073,F,F
987940,B,J
927879,E,E
990043,A,I
871489,A,J
990238,B,J
990008,C,C
984990,C,J
989968,B,B
971262,C,J
901793,C,J
989839,B,J
987401,A,A
989523,B,J
980207,B,J
977671,B,J
989842,E,J
989623,E,J
984841,A,J
988133,B,J
982161,A,J
989786,E,I
989796,G,J
989781,C,J
989294,A,J
989782,B,J
989241,B,J
892205,A,J
989530,E,J
989313,B,I
973561,A,J
989511,D,I
885067,A,J
989375,A,J
989285,G,G
989281,B,J
989476,A,J
989467,A,J
915455,D,D
989257,E,J
989253,F,I
989459,C,J
976184,D,D
989402,A,J
989447,B,J
946905,E,J
989239,A,J
989243,D,J
989434,D,J
987914,A,J
989417,B,J
989219,B,J
989409,C,J
986986,A,J
980473,D,D
989195,D,J
987006,B,I
987852,A,J
978172,B,J
973488,F,I
987066,A,J
989169,B,J
985513,E,H
977052,C,I
987923,B,B
988971,C,J
988969,B,J
978229,C,I
988179,D,J
981531,B,J
987161,A,J
988731,D,J
988724,A,J
904111,C,J
988537,D,J
988536,A,J
988687,B,J
868212,A,J
988586,A,J
988495,C,J
988665,A,I
988489,F,F
988646,A,J
988469,C,H
978407,B,B
981720,F,J
986409,C,J
988637,D,J
988636,A,J
988461,A,I
988142,A,J
981809,C,J
988421,E,I
922186,B,B
988411,B,J
987586,A,J
988410,C,I
988224,A,J
988403,C,J
919910,A,J
987952,B,J
985083,B,I
979317,B,B
988132,B,B
988131,C,I
988100,D,I
988075,A,J
987707,C,C
985952,A,J
988099,A,J
988270,A,J
987372,C,J
875856,C,C
987985,B,J
988067,A,J
976565,B,J
987462,A,J
982285,F,J
988207,F,J
988204,B,I
988193,D,D
988008,B,J
987992,G,J
889543,A,J
987733,D,J
987927,B,I
984921,B,B
987712,B,J
987937,B,J
977792,A,J
987943,B,J
987346,A,J
987930,A,J
987921,D,I
987909,C,J
987700,A,J
987825,B,I
987695,C,J
987890,E,I
966769,G,G
987680,A,J
987886,A,J
987843,B,B
987879,A,J
987663,F,I
987645,A,J
944145,D,J
980270,C,C
987633,B,I
889595,B,J
987354,B,J
986667,B,J
987599,B,J
981435,D,J
984690,D,J
986180,C,C
911190,D,J
987592,A,I
952602,B,J
987778,B,J
987770,B,I
979950,C,J
987342,A,J
987350,F,I
987341,D,I
965596,F,J
862013,A,J
987512,B,I
986302,B,J
987298,D,J
987299,D,J
976982,B,B
987291,B,B
987278,B,J
985825,A,J
987465,D,J
987255,B,I
987428,D,I
883002,B,J
954142,B,J
987224,B,J
987219,A,J
987376,A,J
959310,A,J
979074,A,J
987389,C,J
987383,C,C
987365,A,J
840647,A,J
987165,B,J
987145,B,J
986026,D,J
986906,C,J
984826,B,J
986927,A,J
987122,D,J
986914,B,J
986936,C,J
986915,A,J
891299,B,J
987103,B,I
986911,B,J
987097,A,J
985735,B,J
986898,C,J
987080,B,J
986885,C,C
986668,A,J
982218,A,I
986474,C,J
986841,A,J
986843,A,J
986844,A,J
985205,D,J
987019,C,J
986834,A,J
986347,E,E
986814,B,B
986998,C,J
986804,B,J
986800,C,I
986991,A,I
950092,C,J
981365,D,D
986770,B,J
986749,D,J
986728,A,J
986766,A,J
986557,B,J
984290,B,J
971732,A,J
986731,A,J
986723,B,I
986708,E,I
745526,B,J
986669,A,J
986703,E,J
977021,B,J
986281,B,J
960484,B,J
980381,D,I
985689,C,J
986491,E,I
986657,B,J
978458,C,J
986476,B,J
981639,C,J
986458,A,J
986641,C,C
986646,A,J
986277,C,J
986451,C,I
986370,B,J
986416,A,J
986598,A,J
986304,C,J
986582,B,J
986404,B,J
986567,C,J
986319,A,J
986381,A,J
909451,E,E
986308,C,I
889802,B,B
887071,D,I
986134,D,I
976860,A,J
986296,A,J
986300,B,J
986291,E,E
986289,B,J
959811,D,H
986278,A,J
976729,A,J
986238,C,J
985894,B,J
986214,B,I
900150,C,J
986046,D,J
986049,B,B
986213,D,J
986044,A,J
986032,A,J
986209,E,I
986196,E,J
942897,C,J
986013,B,J
985470,C,J
985912,F,J
892922,A,J
892029,B,B
985932,C,I
985965,B,J
985852,A,J
985889,B,J
985882,B,J
985881,B,I
985706,A,J
971024,B,J
985708,D,D
956541,C,I
985705,B,B
985695,B,J
985674,A,J
985801,C,J
985440,B,J
971309,B,J
985643,A,J
985800,D,I
985644,A,J
985795,B,J
985628,A,J
979141,A,J
920743,E,I
985610,B,J
985545,E,I
983930,A,J
940472,D,J
985357,B,I
985176,A,J
981900,B,J
985332,A,J
972089,A,J
985338,B,J
928022,C,J
985311,G,G
985115,E,H
985475,B,B
985508,G,J
985493,E,I
979592,C,C
985292,F,J
965851,D,J
915691,A,J
982209,D,D
971928,G,I
879982,C,C
985465,B,J
967721,C,J
984397,C,C
910955,A,J
875387,E,J
985276,D,D
985438,A,J
980260,B,J
981516,B,I
985275,C,C
983818,A,J
985412,B,J
924870,E,J
984535,D,J
984588,B,J
985386,A,J
985220,A,J
985210,C,J
985214,D,I
934482,D,D
881823,D,I
984948,B,J
948489,C,J
984940,B,J
937706,C,J
984924,A,J
985140,D,J
983669,A,J
985135,A,J
984910,A,J
985127,E,I
984893,B,J
984889,B,J
985107,C,I
984882,C,J
985071,C,J
984854,B,J
881731,C,J
985053,A,J
901278,D,J
984837,D,D
984808,C,J
852535,A,J
984812,B,J
984805,C,J
984998,A,J
984775,D,D
984792,D,J
984791,B,J
981922,B,J
984968,B,B
951028,E,I
984742,B,J
925063,B,J
984557,B,J
984544,B,J
984527,A,J
984536,A,J
939787,C,J
976844,A,J
984524,B,J
982047,B,J
984507,A,J
982070,B,J
979272,C,J
947226,C,J
984487,A,J
984490,A,J
979176,A,J
984640,B,J
984476,A,J
905821,F,I
984636,A,J
984631,D,J
957739,A,J
984446,B,J
984448,B,J
984361,A,J
980968,D,J
984620,C,J
945775,C,C
984596,B,J
910287,A,J
875065,E,E
980072,B,B
984405,E,J
984579,A,J
984056,B,J
984383,A,J
964047,G,J
979107,C,J
984148,A,I
984147,D,J
930878,C,J
984146,B,J
980522,B,J
984300,B,J
984182,B,B
984113,E,J
984292,C,J
982991,A,J
984102,D,J
984107,C,J
874604,C,J
984277,A,J
984263,B,J
984074,A,J
982320,A,J
984216,C,J
976664,B,J
919270,E,E
974157,B,J
984168,A,I
983992,C,I
983758,A,J
983966,A,J
983747,A,J
983729,A,J
908948,E,I
966855,A,J
983704,A,J
983893,A,J
983890,G,I
960817,B,J
925654,C,I
983843,D,D
885906,A,J
983839,A,J
983626,C,J
983632,A,J
983821,E,J
983816,C,J
983802,A,J
983800,A,J
983780,A,J
910917,D,I
968565,B,I
982314,B,I
982309,B,J
976150,B,J
936437,C,C
982130,A,J
982124,C,J
982256,B,I
982253,B,J
924880,A,J
967524,B,J
924116,C,J
895133,B,J
937124,E,J
981817,B,B
981911,C,J
982170,A,J
981950,E,J
982009,B,B
981458,E,J
979826,D,J
936385,B,I
981540,B,J
982035,A,J
981781,B,J
979205,A,J
981929,F,I
982027,C,C
981980,B,J
968937,E,E
981875,D,J
981913,C,J
967959,A,J
954206,C,J
982001,C,J
981998,B,J
981989,F,I
981878,D,I
980105,B,I
981976,C,I
981855,B,J
981842,A,J
914211,F,J
975156,F,I
981695,C,I
938343,D,J
981482,C,I
980142,A,J
981778,B,J
981750,E,I
981507,A,J
961607,B,J
981504,B,J
936915,E,I
963769,C,C
807393,C,J
981627,D,J
967974,E,I
981465,A,J
981456,D,D
981396,A,J
981683,E,J
977528,A,J
981693,B,B
933804,A,J
981451,A,J
907139,D,J
940996,D,D
972774,C,C
968150,E,J
981670,B,J
960493,B,J
981667,C,I
922097,B,J
981410,D,J
981423,A,J
978282,A,J
900506,B,J
981620,C,J
952829,E,J
981604,F,J
981596,A,J
979572,A,J
908877,D,J
936206,D,I
977140,D,J
971239,A,J
981571,B,J
981177,A,J
981033,D,J
974536,B,I
980540,C,J
980542,A,J
980996,C,I
980494,E,I
980446,B,J
979169,C,I
980428,B,J
953231,B,J
980312,A,I
979580,B,J
979287,F,I
980395,B,B
980378,E,I
980397,A,A
980293,F,I
972943,A,J
897153,F,I
980283,A,J
980289,B,I
906588,B,J
980365,A,J
980278,A,J
918960,B,I
951594,B,J
980239,B,J
970243,C,J
978779,C,J
883712,B,J
743275,A,J
871862,C,J
895586,C,C
866572,A,J
980230,E,E
980075,F,F
980033,G,I
980228,A,J
916491,C,J
980209,A,J
979302,A,J
980215,B,J
896926,B,J
980064,E,J
980191,A,J
977986,F,J
980193,B,J
976577,F,I
974929,B,J
979863,A,J
980174,D,D
975945,B,B
979822,C,J
937246,D,J
979932,A,J
979937,D,J
979752,A,J
979789,D,J
979926,C,J
979730,C,J
976685,A,J
972620,B,J
979827,B,J
978303,C,J
979899,C,J
979864,D,J
979704,D,I
979880,A,J
979689,A,I
979881,D,I
894043,D,J
979858,A,J
978823,A,J
979677,D,D
979667,B,J
979860,A,J
979666,G,I
979659,B,I
979646,A,J
979842,F,J
979840,A,J
979618,A,I
979834,B,B
979814,E,J
942840,D,J
918917,D,I
979819,B,J
979612,A,J
978962,A,J
968567,B,I
978652,B,J
971428,A,J
979778,A,I
979575,B,I
979183,A,J
979157,E,J
895197,B,J
979334,C,J
978077,D,I
979132,B,J
979090,C,H
979316,C,J
716239,B,J
979294,A,J
979271,A,J
979102,C,J
974992,A,J
977674,A,J
798334,A,J
978861,A,J
979032,A,J
951409,C,J
979177,E,E
882698,C,J
977981,G,I
978992,B,J
971578,F,J
978948,A,J
977775,A,J
978944,A,I
978941,A,J
895682,E,E
978745,A,A
978920,A,J
978904,A,J
978335,A,J
978429,B,J
978836,F,F
978860,A,J
978722,A,I
978874,B,J
978877,B,J
891312,B,J
978851,C,J
960837,D,J
978828,D,J
978812,A,J
978679,B,J
978660,B,J
978645,A,J
978379,A,J
978774,B,J
978627,B,J
978770,D,J
884477,A,J
978771,C,J
879200,B,B
978763,A,J
978177,C,J
978766,C,J
870064,A,J
978610,B,J
978602,B,I
978606,E,J
978592,B,B
978217,A,J
977042,A,J
978431,F,I
978584,A,J
978582,D,I
978511,C,I
978498,D,I
978485,D,J
978446,E,J
978463,A,J
978326,B,J
978315,A,J
882969,D,D
978434,C,J
978436,C,J
978420,B,B
978426,A,J
978280,B,J
978254,A,J
977727,A,J
976508,A,J
978391,D,J
978406,C,C
974653,C,J
978090,D,J
975041,C,J
977507,B,J
978372,B,J
973448,C,J
978147,B,J
978142,C,J
977614,E,J
717671,B,J
976290,E,E
977914,A,J
977900,A,J
977893,B,J
977857,A,J
977859,B,J
978016,E,I
886066,E,J
976084,A,J
977988,E,J
977812,D,I
976913,A,J
976240,A,J
977753,C,J
977732,C,J
977741,B,J
977773,A,J
977560,B,J
977707,B,J
977708,B,J
977699,B,J
977526,C,J
976945,B,J
977582,B,J
977518,C,J
976845,A,J
977511,C,J
977644,C,J
977333,B,J
977637,A,J
977612,A,J
977327,D,J
977616,B,I
977465,B,J
977611,F,J
977595,B,J
977431,B,I
977591,B,J
977426,C,I
971965,C,J
977383,E,J
877992,B,J
977338,B,B
977147,D,J
977313,C,J
977294,F,J
974297,A,J
882438,A,J
977281,B,B
977120,B,J
977264,B,J
976700,A,J
972015,A,J
977053,B,J
875393,B,J
977252,C,J
977249,A,J
977092,B,B
977241,D,J
975902,A,J
977232,E,J
977063,B,B
977217,B,J
977211,B,I
977057,A,J
977204,B,J
970938,B,J
977182,D,D
974970,A,J
976952,D,J
976164,G,I
976761,B,J
976906,G,J
976747,C,I
973024,D,I
976878,C,J
976873,B,J
976866,C,J
976704,A,J
976712,D,J
970232,E,J
976841,A,J
976811,A,J
973622,A,J
882784,A,J
973629,A,J
976629,C,J
867360,A,J
976782,C,I
976611,A,J
976592,D,I
976762,B,J
974904,A,J
976542,A,J
976502,B,I
976489,E,E
976344,A,J
974355,E,J
976345,C,I
973519,B,B
973462,A,J
975094,B,B
974819,C,J
868126,B,J
976283,A,J
976384,E,J
976282,A,J
976284,A,J
976390,B,H
973415,E,E
893446,B,J
976229,B,J
976145,B,I
976194,E,E
976180,A,J
973049,A,J
976110,B,J
976108,C,I
973931,A,J
975937,A,J
976075,A,J
975059,D,J
976079,C,J
976067,C,J
976073,D,J
975903,A,J
894260,B,J
974958,A,J
975109,E,I
976028,E,J
976025,B,I
847629,A,J
976022,A,J
975846,C,J
975843,A,J
976009,B,J
876147,B,I
976016,C,J
975777,C,C
975995,A,J
975798,C,I
975807,C,J
975805,E,E
975797,D,J
975796,F,I
974941,B,I
975150,A,J
975968,A,J
975146,B,I
975766,A,J
967294,B,B
975133,D,J
975134,A,J
974952,A,I
816712,A,J
974938,C,J
890730,B,J
975107,C,J
975058,B,J
787977,B,J
972738,D,J
974862,B,J
974781,A,J
974856,C,J
975001,B,J
974837,A,J
974756,B,J
974740,B,J
974774,B,J
892332,E,J
974557,A,J
974543,A,I
974540,B,J
891264,C,C
974518,C,J
966206,A,J
974671,A,J
972576,F,F
974649,E,E
973030,E,I
974619,A,J
974416,C,C
973800,B,J
974430,A,J
974424,B,J
890763,B,J
971771,A,J
974359,B,J
974358,A,J
974392,B,J
974285,A,J
968860,A,J
974273,B,J
973884,B,J
972382,E,E
974121,D,I
891656,C,I
974047,D,J
974224,B,J
974058,A,J
974073,B,J
974186,C,C
973412,A,J
974175,A,J
974043,B,I
974170,A,J
973949,C,I
974037,C,J
973911,A,J
973919,B,J
973176,B,J
974003,C,J
881286,F,F
973890,D,J
973976,A,J
973882,A,J
973852,A,J
878776,B,I
973824,A,J
973679,A,J
973809,E,J
967756,A,J
973792,F,F
973765,B,J
973769,A,J
973780,A,J
973642,A,J
973640,B,J
973764,A,J
973628,A,J
973597,B,J
973533,B,I
972106,B,I
973469,A,J
973506,B,J
973573,B,B
973495,B,J
973417,A,J
973359,D,J
972986,B,J
893140,A,A
968615,A,J
973467,A,J
972953,C,J
971859,C,I
971316,A,J
973302,C,C
973293,E,I
973438,B,J
973435,E,E
972992,B,B
973261,C,J
973262,E,J
973405,A,J
973403,C,I
973232,A,J
894072,F,I
878665,A,J
973214,E,J
973388,B,B
973383,A,J
973218,B,J
972058,D,J
973197,A,A
969474,A,I
969359,B,I
973182,B,J
973128,B,J
973107,B,J
973108,B,J
972601,A,J
972929,A,J
973087,E,J
972913,E,J
887956,B,J
973077,A,I
887442,C,J
972820,D,J
973020,A,J
967655,B,J
972974,A,J
972758,B,J
971860,A,I
970496,D,D
972994,E,J
972999,B,J
972997,D,D
972127,B,J
972787,A,I
972780,A,I
970237,A,J
972726,A,J
972763,B,J
972560,C,C
971781,E,E
972414,D,I
972687,E,I
972735,B,J
972728,C,C
971332,D,J
972715,B,B
972703,C,J
972514,B,J
972681,A,J
873525,B,J
972496,A,J
972662,A,J
972487,D,J
889534,C,C
972488,E,I
972482,D,D
970218,D,J
971991,E,I
971470,A,J
971765,C,I
969878,A,J
972460,A,J
969188,A,J
972636,A,J
972420,C,J
972627,A,J
972613,E,I
971844,A,J
972409,B,J
972592,B,J
966311,A,J
972584,A,J
971088,A,J
970953,B,J
972373,A,J
972573,A,J
972565,B,B
970343,A,I
864379,B,J
972130,A,J
972129,E,I
971925,A,J
972112,C,J
971914,B,I
971927,B,J
972108,A,J
971921,D,J
893561,D,J
966942,C,J
971906,A,J
968392,B,I
965204,A,J
971708,B,I
971719,A,J
971827,G,I
971656,E,E
971809,A,J
971762,B,J
969566,A,J
971704,A,J
971694,C,J
971536,A,J
971514,B,J
970863,B,J
971529,A,I
971512,D,I
970884,E,J
845531,B,J
969525,D,J
971475,B,J
971449,E,I
971583,A,J
971581,A,J
971457,A,J
971421,B,J
971443,A,J
967050,A,J
971441,A,J
971337,B,J
890368,E,J
971328,A,J
971404,B,I
971314,B,B
971389,A,J
971392,C,J
860424,C,J
967431,E,J
891893,E,J
971244,A,J
893646,B,J
971178,E,J
971188,D,J
970684,E,J
971116,C,J
971117,B,J
971107,C,I
971172,B,J
971171,B,J
875644,A,J
970949,A,J
970937,D,J
970910,A,J
971058,B,I
969629,A,J
970672,C,I
971013,B,J
970862,B,J
949901,A,J
828130,B,J
970995,A,J
970844,A,J
970821,E,E
970810,A,J
970963,B,J
970782,D,J
969824,B,J
970754,F,F
870911,A,J
969661,A,J
970784,E,J
892985,A,J
970733,A,J
893637,B,B
970707,A,J
969830,B,I
969259,C,J
970156,B,J
970522,B,J
970518,E,I
970665,C,J
970377,C,C
970651,B,J
970640,D,J
967513,B,I
970420,A,J
970614,A,J
970415,A,J
970609,D,J
970600,D,J
970404,A,J
970574,B,J
969776,B,J
970384,D,J
970573,A,J
970386,A,I
970154,A,J
970029,B,J
970144,D,D
970126,A,J
965807,G,J
970316,C,C
970313,C,C
970091,B,J
970113,C,J
970222,B,J
970090,A,J
966952,C,J
970092,A,J
967338,B,B
970057,A,J
970248,E,E
967108,B,J
970226,D,J
892304,E,J
970196,E,I
970187,C,J
970003,D,J
874851,A,J
969890,A,J
969287,A,J
883720,A,J
969970,A,J
888534,A,J
969858,F,I
969939,B,B
969733,B,I
968019,C,J
969880,C,J
969875,D,D
968716,A,J
969844,A,J
876212,C,J
969688,A,J
889016,D,J
969679,B,J
969664,C,J
969191,E,J
894457,B,J
969660,B,J
969806,B,J
969779,C,J
966985,B,J
868830,B,J
880992,B,J
969625,C,J
969624,A,J
969535,B,B
969615,C,J
969557,C,J
969536,B,J
969613,A,I
969594,A,J
969555,A,J
969508,A,J
969499,B,B
967216,A,J
969355,A,J
883827,C,I
969230,B,B
969400,C,J
969250,D,J
968651,D,J
969413,A,J
967361,B,J
968106,A,J
969370,C,J
969234,A,J
968878,A,J
969156,B,J
969217,B,J
969198,B,J
965938,F,F
969087,B,J
885629,B,J
968691,A,J
969086,A,J
968920,B,B
966843,F,J
969059,C,J
967719,B,J
967906,A,J
969049,B,J
969029,A,J
969040,B,J
967011,B,J
966682,D,J
968269,C,J
968702,E,I
968864,A,J
968973,B,J
968858,A,J
968865,C,C
968758,A,J
968759,F,J
968808,D,D
968717,B,B
968815,A,J
968818,A,J
968706,B,J
968703,C,I
968704,E,E
968700,A,J
968807,C,J
968701,C,J
968671,D,D
968798,B,I
839138,C,J
968522,A,J
968216,A,J
968685,B,I
968778,A,J
968672,E,H
968217,A,J
967866,B,J
968633,A,J
893892,C,J
968598,D,J
968447,G,J
783371,D,J
968585,D,J
968500,A,J
968485,B,J
968563,D,J
968465,C,J
968467,A,J
968180,B,B
968278,A,J
894523,A,J
968239,A,J
968398,B,J
893406,B,J
968366,B,J
968261,C,J
894380,B,B
968370,C,I
965900,A,J
968224,A,A
893562,B,J
968199,A,J
888130,A,J
968130,E,I
872669,E,J
968114,A,I
968098,C,I
968092,A,J
967952,A,J
966908,B,J
879508,F,J
967930,C,I
965918,B,I
968047,C,J
967897,C,J
968042,D,J
892505,B,J
967872,A,J
968014,B,I
967857,F,I
967850,E,J
967843,B,J
968013,D,J
968008,A,J
966792,A,J
967828,A,J
967977,A,J
967801,C,I
966834,B,I
967794,B,J
889172,A,J
967528,A,J
967134,F,J
967498,B,J
894329,C,J
967609,B,B
967712,B,J
949778,B,J
894039,A,J
967468,A,J
967466,B,J
886763,B,J
967672,B,J
965685,C,J
967421,B,J
967590,B,J
891109,E,J
967393,A,J
967372,C,I
967358,B,J
967373,A,J
967350,B,I
967154,D,D
967351,D,J
894548,C,J
893801,A,J
967160,E,E
967332,D,J
967304,A,J
890466,D,J
967290,A,J
967284,D,J
967097,B,J
967089,A,J
967261,D,J
967080,B,J
967084,D,I
967065,B,B
967040,A,J
966954,A,J
967217,C,I
865203,E,J
967207,B,J
967192,C,J
966995,B,B
892889,B,J
892561,A,J
966960,B,J
966950,D,J
966932,C,I
966970,D,J
966910,B,J
965848,D,J
966742,A,J
966895,B,J
893159,A,J
966724,B,J
884465,E,J
966840,B,J
893012,B,J
966657,C,J
966808,A,J
966641,E,J
966615,B,I
966534,C,J
966528,F,F
966564,D,J
966349,B,J
966310,A,J
966335,C,J
875636,A,J
966332,F,J
966448,A,J
966325,C,J
966392,C,J
965935,D,D
966051,C,C
966409,A,J
966277,A,J
966380,B,J
966384,B,J
966261,D,D
966246,A,J
890538,D,H
966145,B,J
966036,C,J
966200,E,J
966192,C,J
966184,B,J
965957,A,J
965950,A,J
966053,D,J
965945,B,I
965937,B,J
966029,B,J
965919,A,J
965640,C,C
965746,B,I
867069,B,J
965753,B,J
965882,D,J
965179,D,J
965742,B,J
965846,A,J
965830,D,J
965687,B,J
892957,D,J
965637,B,J
965678,A,J
965782,A,J
965778,B,J
965662,B,H
890897,B,J
875305,B,I
836134,B,J
769615,A,J
965623,D,J
965621,E,E
873817,B,B
965338,A,J
965324,A,J
965311,B,J
965589,F,F
841116,E,J
965579,A,I
863743,E,J
949960,B,J
949951,B,J
949941,D,J
949914,A,J
949910,C,J
965258,E,E
889444,E,J
965249,C,C
949894,E,I
949841,C,C
894549,D,J
949793,D,J
894438,A,J
892082,E,J
889977,A,J
893553,C,J
892283,E,I
893619,A,J
894501,D,J
893459,B,J
787038,A,J
891090,D,J
894272,D,J
889707,B,I
894434,C,I
894217,E,J
894186,B,I
894096,A,J
893950,B,J
892045,B,J
894190,B,B
894105,C,I
894363,C,I
882197,E,J
893929,A,J
893931,A,J
892139,B,B
884680,D,J
893915,A,J
891796,A,J
892859,C,J
894104,A,J
890700,A,I
894101,D,I
893294,D,J
894086,D,J
894087,A,J
893859,A,J
879369,B,I
892399,A,J
893846,C,J
893050,A,J
886213,A,J
893828,B,J
893819,B,J
893213,D,J
894021,B,I
892927,A,J
893809,C,J
893800,A,J
892946,A,I
893796,A,J
893985,C,J
893788,B,J
893983,E,I
893785,B,J
893714,B,J
893563,A,J
880061,C,J
882404,A,J
893529,A,J
893520,A,J
893407,A,I
880221,B,J
893436,A,J
845785,A,J
893414,A,J
893366,B,J
891287,D,J
890982,C,J
893349,B,J
893278,A,I
893034,E,E
893275,B,J
891543,C,J
893208,A,J
884066,C,J
893194,A,J
893178,A,J
890919,A,J
889244,B,B
893142,A,J
891457,A,J
893166,E,H
879231,B,B
893164,A,J
889606,C,J
893118,B,J
893046,B,J
879425,B,J
893112,A,J
892207,A,J
893009,B,J
886828,B,J
892989,A,J
888097,B,J
881725,B,J
861751,B,I
891753,C,C
839275,A,J
892816,B,J
892341,C,J
892904,A,J
892290,B,J
892868,A,J
892833,A,J
892757,C,C
890539,C,J
892795,B,J
892760,B,J
892734,C,J
892780,B,J
891891,C,J
892726,A,J
892708,D,D
892696,A,J
892585,B,J
891851,A,I
892658,D,J
892672,B,J
892665,B,J
892610,B,J
892628,A,I
891582,B,J
891841,C,J
892547,A,J
892527,A,J
892563,A,I
892468,E,I
892465,D,J
892098,C,J
826135,A,J
880773,C,I
859988,D,D
892429,C,J
892412,A,J
892351,A,J
892349,D,J
892344,A,J
889503,B,J
892301,C,J
890803,A,J
891197,B,J
892242,B,J
892252,A,J
892235,D,J
892209,C,I
890651,A,J
892225,B,J
864266,B,J
892112,A,J
892153,B,J
892182,A,J
892056,B,J
892118,B,J
848803,A,J
892074,A,J
878547,B,B
890209,E,J
838307,A,J
892021,C,J
892064,D,I
871718,C,J
892024,A,J
892020,B,J
891946,B,J
891968,A,J
891857,B,I
891940,B,J
891913,D,I
891918,C,C
891804,E,I
890942,E,I
891867,B,J
891701,E,J
891797,A,J
891799,B,J
891840,B,J
891795,A,J
880146,C,J
891773,B,J
891766,A,J
891745,E,E
891712,A,J
868303,A,J
891713,B,J
891677,A,J
891609,C,J
891718,A,J
891605,D,J
833376,D,J
855095,A,J
891590,A,J
891636,C,J
891622,D,I
881910,C,J
891572,D,J
891566,A,J
891558,B,I
888886,G,G
887460,B,J
891547,A,I
890786,B,J
891490,B,J
868942,F,I
891536,E,J
891404,B,I
890277,D,J
891393,D,D
891438,B,J
890158,B,B
853229,A,J
891428,A,J
866373,B,J
891347,C,J
891334,C,J
891327,A,J
891221,B,J
891318,A,J
891256,D,D
891289,E,J
891255,B,J
891246,C,J
891288,B,J
887606,C,I
891272,C,I
891228,E,J
885250,C,I
891145,B,J
891165,C,J
891105,B,J
891103,C,I
891125,C,J
891092,C,C
891076,A,J
882747,B,B
891116,E,J
890922,C,J
891046,D,J
891011,B,J
890704,B,J
891031,A,J
889800,D,J
890931,A,J
891016,B,J
890975,A,J
890947,E,J
891014,B,J
890959,B,B
891012,E,J
890805,A,J
890956,C,J
890935,E,E
889948,D,J
890873,B,J
890879,A,J
890216,B,J
885824,A,J
890699,A,J
887748,D,J
890834,B,J
890836,E,J
890826,A,J
890816,C,I
890773,B,J
890708,A,J
890689,E,J
890754,C,J
890691,C,J
890625,A,J
890713,A,J
890605,B,J
890642,A,J
888556,B,J
888388,E,J
890643,B,B
890096,B,J
884211,D,D
873050,C,J
890636,B,J
890406,A,J
890569,A,I
890620,D,I
890570,B,J
890563,A,J
890527,B,I
880210,E,J
890515,D,I
890516,A,J
890268,B,J
890401,E,I
890391,C,J
889421,C,J
890346,A,J
888296,C,I
890285,B,J
867178,A,J
890104,C,J
889972,A,J
890232,A,J
890172,B,J
888743,A,J
883855,A,J
890159,C,I
890155,C,I
890144,A,J
890093,A,J
872722,D,J
889491,B,J
889991,C,H
851196,B,B
889750,A,J
889946,A,J
889624,C,J
889934,A,J
889890,A,J
889931,B,J
889798,A,J
889781,F,J
889851,A,J
889621,C,J
889794,E,I
887942,C,I
889797,B,I
889741,C,I
889691,B,J
884736,C,J
889684,E,I
889683,B,J
889729,B,B
889664,A,J
843015,A,J
889647,A,J
889548,D,I
889630,A,J
889614,A,J
889539,A,J
888601,A,J
888973,A,J
874534,D,J
889260,A,J
889368,C,J
889342,B,J
889324,B,J
887469,A,J
889314,B,J
889248,B,J
872334,B,I
888241,B,J
889300,A,J
889263,C,I
888622,A,J
889148,A,J
889156,F,J
889198,A,I
889132,D,J
889036,A,J
889094,B,I
874799,D,J
878306,A,J
889066,B,J
877288,A,J
888951,B,J
883026,A,I
886504,A,J
886513,B,J
888841,B,J
887062,A,J
888876,A,J
888866,A,J
867354,B,J
862447,A,J
888777,B,J
888356,A,J
888725,B,J
886830,C,J
888702,C,J
888658,A,J
888692,D,J
877020,B,J
888578,B,J
888509,E,J
888458,A,J
888484,A,J
888402,F,I
887724,A,J
887545,B,B
888243,A,J
888274,A,J
888263,A,J
888266,B,B
888223,F,I
837367,D,D
888152,A,J
888206,A,J
888117,C,J
880478,A,J
888068,A,I
862217,F,I
887996,A,J
864811,C,C
888048,D,J
886563,A,J
887980,B,J
887952,D,J
863087,B,J
887932,C,J
887905,A,J
877617,A,A
880577,B,J
887833,F,J
887914,A,J
887634,A,J
886982,C,C
887836,C,J
887477,A,J
879412,A,J
887797,A,J
887794,A,J
872282,B,B
887816,C,J
886249,D,J
887766,B,J
887145,A,J
883991,B,J
887709,B,J
887742,B,J
885249,E,I
887650,A,J
887644,B,J
887637,B,J
887633,B,J
887629,B,J
887616,D,I
887364,B,I
887499,A,J
887539,B,J
887533,A,J
887484,A,J
887527,A,J
886292,D,I
887395,C,J
887402,C,I
887394,B,J
886326,E,J
887378,A,J
876837,B,B
887346,B,J
887363,C,C
887370,C,J
887328,A,J
887033,B,B
887295,A,J
875626,B,J
887259,B,J
885196,A,J
887274,B,J
887247,B,J
887246,B,B
886254,E,J
887225,B,J
887182,B,J
887185,E,J
879014,D,J
887160,A,J
887151,B,J
885704,B,J
885986,D,J
887173,B,J
880713,A,J
887079,C,J
879190,B,J
879707,C,I
884607,B,J
887115,E,J
887085,C,J
887077,A,J
887018,B,J
885620,C,J
884931,B,J
886999,B,J
886946,A,J
886952,E,E
886954,C,J
886983,A,J
864135,C,I
886928,B,J
886926,A,J
886858,A,J
886904,E,J
886900,A,J
886824,E,J
849333,E,J
886822,C,J
886870,A,J
886815,B,J
886716,B,J
886664,D,I
885797,E,I
886517,A,J
831934,B,B
886514,E,J
886471,D,J
874854,A,J
886395,A,J
885696,A,J
876575,A,J
886331,A,J
886300,B,J
886290,B,J
883550,B,J
886294,C,I
879872,B,J
886277,B,J
885768,A,J
730844,B,J
886184,D,J
886103,B,J
880531,D,J
886136,B,J
886110,B,J
886116,B,I
886100,B,J
886112,B,J
886071,A,J
886050,A,J
886001,C,J
885976,C,C
884885,F,J
885916,B,I
884188,A,J
885909,B,I
885947,B,J
885951,C,J
885944,B,J
885922,B,I
885931,B,J
885881,A,J
885857,A,J
859156,C,C
885791,B,J
884946,A,J
884769,C,J
885701,B,J
885747,E,I
885675,B,B
863374,B,J
885731,A,J
884840,D,J
868135,B,J
885651,B,J
885637,A,J
871152,B,J
885489,D,I
885569,A,J
885551,A,J
885522,C,I
873624,A,I
884264,B,J
885388,A,J
885389,B,J
885382,A,J
884560,A,J
884937,A,J
885329,A,J
885312,B,J
885282,A,J
885252,D,D
885293,B,J
885280,A,I
859497,A,J
885209,A,J
884856,A,J
885195,A,J
885182,B,J
884223,B,B
867529,B,I
885035,C,J
879929,D,J
885095,B,J
878233,B,J
885011,B,J
885009,A,J
884952,B,B
849512,A,J
885002,C,J
884965,C,I
883463,B,J
884948,A,J
884978,A,J
884963,C,I
883528,A,J
884903,D,I
884911,A,J
884904,B,J
884853,B,J
884487,A,J
884858,A,J
884850,A,J
884798,A,J
884787,B,J
884640,C,C
884789,B,J
884469,C,J
884814,B,J
884813,B,J
884684,A,J
884755,C,J
884055,A,J
884733,B,B
884691,D,I
882899,E,I
884653,A,J
884676,C,J
884267,C,J
876767,A,J
884655,A,J
884603,A,J
884670,B,J
884664,A,J
884582,B,B
884627,A,I
882221,A,I
884544,B,J
884600,A,J
884532,A,J
883890,C,J
883950,C,C
884502,B,I
745380,A,J
884507,D,D
884501,C,I
884295,A,J
884494,D,J
884493,A,J
884484,A,J
884424,B,J
884403,A,I
883533,A,J
884395,B,I
884359,B,J
863723,A,J
881875,F,I
884366,A,J
881539,B,J
884305,B,J
884304,A,J
884303,A,J
884143,C,C
883659,A,J
884196,B,J
884187,A,J
884249,B,J
879516,B,I
884181,D,J
869359,A,J
884109,A,J
882700,C,J
872714,E,J
882831,B,J
884048,A,I
884135,C,J
857163,F,J
883868,B,J
884090,E,J
883516,B,J
880535,A,J
884079,A,J
883894,B,J
878008,B,J
884068,B,J
884064,C,I
884032,C,J
883995,A,J
883986,A,I
883984,F,I
884019,B,J
883911,B,J
883080,B,B
883958,B,I
883972,A,J
883910,D,J
883917,D,J
883912,B,J
876748,A,J
883835,A,J
882466,B,J
850440,A,J
883831,A,I
858300,D,J
883824,A,J
883608,B,J
882697,D,D
881232,B,B
881462,C,J
883717,D,I
883654,A,J
883695,B,J
883638,E,I
883684,B,J
883664,B,J
883618,B,J
883381,C,C
883622,C,J
883617,C,C
883607,A,J
883605,B,I
883161,C,J
883543,A,J
883583,A,J
883572,C,I
883581,B,J
881981,C,J
879867,A,J
883504,D,J
883431,D,I
882001,C,J
883428,A,J
880667,D,J
883418,C,J
883331,C,J
883352,A,J
882853,A,J
883176,C,J
883253,C,C
878073,E,J
882741,B,J
883322,C,J
883314,A,J
883303,B,J
874548,B,J
878753,B,J
864228,D,J
883300,B,J
883289,C,J
883282,A,J
883228,A,J
882237,A,J
883269,D,J
883270,B,J
883216,B,J
882709,A,J
883204,B,J
883203,C,J
879029,C,J
883183,A,J
876792,A,J
883129,F,I
883173,C,I
883165,B,B
883037,F,J
883067,A,J
880401,B,J
882693,B,J
882960,C,I
882910,E,J
882901,D,J
882885,E,I
882849,B,B
882860,C,J
882412,D,J
882416,B,J
882863,A,J
882562,A,J
882824,B,J
875409,A,J
882760,B,J
882774,B,B
882779,A,I
880448,A,J
879843,B,J
878123,A,J
882642,A,J
882724,A,J
882692,C,J
882675,B,J
879569,C,J
882593,A,J
881238,B,J
882613,A,J
882577,C,C
879746,D,J
882555,A,J
882545,C,C
880452,C,J
882450,C,J
877788,B,J
881888,B,I
882465,A,J
882431,D,I
882357,B,J
882462,C,I
878586,A,J
877556,B,J
882355,C,I
882419,C,J
882370,A,J
882100,D,D
882328,D,J
882241,C,J
882365,B,I
882246,B,I
882247,E,J
882293,B,J
881729,A,J
882167,B,J
882281,G,G
882230,C,J
882226,D,I
882215,A,J
882193,B,J
882216,A,J
882067,A,J
882183,D,J
882118,B,I
882090,E,I
881975,B,J
870390,A,J
882097,G,G
881812,B,J
879011,E,J
882018,A,J
881954,A,J
881995,A,J
882006,B,J
876617,B,J
881955,G,J
881994,A,J
881983,D,J
877452,A,J
880318,C,J
881454,B,B
876597,A,J
881918,A,J
881887,D,J
880539,A,J
881824,B,J
875250,C,C
874453,A,J
881765,G,I
881680,C,J
881074,B,I
881619,A,J
881548,C,J
881531,B,J
881518,C,J
881568,B,J
881395,A,J
881415,C,C
881355,A,J
881357,A,J
881334,A,J
881339,B,I
881258,B,J
880642,B,J
880744,B,J
881309,A,J
881288,D,J
881283,A,J
881078,B,J
881188,A,J
877615,D,I
876308,B,B
881092,A,J
881055,D,D
881063,A,J
880784,B,B
881029,C,J
880970,C,J
880824,C,J
880906,B,J
879246,E,J
880876,C,J
880842,B,J
880789,B,J
832346,A,J
880822,A,J
880819,B,J
880753,A,J
880729,A,J
880370,A,J
880696,A,J
880686,A,J
880641,C,C
880639,A,J
880511,B,J
879575,B,J
880459,C,J
880565,A,J
880495,C,J
878872,D,I
877531,B,J
880403,A,J
880407,D,I
870391,A,J
880347,F,I
880187,D,J
880366,C,I
880299,A,J
880291,A,J
880286,F,I
880253,A,J
861707,A,J
880264,A,J
880239,A,J
880198,C,J
880102,B,J
880232,A,J
880230,A,J
877081,B,J
876849,A,J
880082,A,J
880070,C,J
880065,C,J
880007,A,J
775533,E,J
864482,A,J
872854,B,J
879901,C,J
879702,E,J
879885,C,J
879881,A,J
879876,A,J
879844,C,I
879824,B,J
879744,B,I
879688,B,J
874553,B,J
879742,D,J
869300,C,I
879655,B,J
879644,A,J
879597,B,J
879585,A,J
879631,A,I
879560,B,J
879565,B,J
879556,B,B
879545,B,J
875326,B,J
878917,A,J
879493,C,J
878200,C,J
879540,A,J
879487,B,J
879399,B,J
879398,B,I
879452,C,J
879514,A,J
878820,E,J
879446,C,J
879404,A,I
876991,C,J
879386,A,J
879372,E,I
879362,B,J
879378,B,J
879193,A,J
879370,A,J
879297,C,H
879328,A,J
879363,C,I
879277,C,C
879310,B,J
879349,B,J
879232,C,J
879299,A,J
879316,D,I
875179,A,J
879330,B,B
879275,C,J
879262,C,I
853014,C,C
879175,A,A
874557,D,J
879188,C,J
875115,D,J
879169,E,J
879162,A,J
879160,E,I
879158,A,J
878029,B,J
852755,A,J
878599,A,J
876685,B,J
879059,E,E
879024,A,J
879033,A,J
879031,A,J
878629,D,J
872482,C,J
878317,B,J
878770,C,I
878701,C,I
878693,C,J
878728,C,C
878671,C,J
878663,A,J
878673,A,J
878643,B,J
878636,D,J
878553,C,I
871859,A,I
878571,D,J
855581,C,J
875586,C,J
878126,C,C
878462,D,J
878393,C,C
878273,B,J
878395,B,J
878288,D,J
878380,B,J
878372,B,J
878319,C,J
878231,D,J
878266,B,J
876420,B,J
865198,B,I
878232,C,J
877719,A,J
878215,A,J
878161,A,J
878197,A,J
878184,F,F
872504,A,A
870773,E,J
877916,B,J
878091,D,J
878054,B,J
854417,D,J
878108,A,J
878058,A,J
878093,A,J
877961,A,J
877420,A,I
877956,B,I
876343,D,D
877786,B,J
877787,E,I
877457,B,J
877744,A,J
877771,C,J
877727,B,J
877707,C,I
877732,A,J
877712,E,J
824554,B,J
877539,A,J
877651,A,A
877672,A,J
871431,B,J
877663,D,J
877642,A,J
877645,D,J
877604,B,J
877599,B,B
876417,B,J
877581,B,I
875545,A,J
877577,D,I
866035,B,J
877538,A,J
877565,B,J
868027,B,J
877547,B,J
877506,A,J
877520,B,J
877475,A,J
877471,A,J
875004,B,B
877411,E,J
877441,E,I
877399,B,I
877390,B,J
877426,C,J
848826,D,J
877384,A,J
877360,C,J
877221,A,J
877316,C,C
870380,A,J
877214,C,J
877227,A,J
877151,A,J
877124,C,J
875603,F,F
877058,B,J
853183,B,B
807181,A,J
877077,B,J
871927,C,J
876979,A,J
875562,B,J
875376,D,D
875973,A,J
876873,B,J
876796,A,J
876865,F,J
876518,B,J
875150,B,J
876843,D,J
872341,C,I
876409,C,J
876750,B,J
876780,B,B
876782,D,J
876560,C,I
876755,B,J
876722,C,J
875681,C,J
876694,B,J
876693,B,J
876697,B,B
876622,C,J
876252,A,J
876601,B,J
876604,A,A
876593,A,J
876562,A,J
876510,B,I
876501,C,J
876457,C,C
876446,C,J
792026,G,J
876406,C,J
876428,C,J
876418,D,D
876296,B,J
876377,B,J
876351,B,J
876293,C,I
876330,A,J
876274,E,J
876324,E,J
875556,A,J
876167,B,J
864679,A,J
875547,D,I
876146,C,J
876110,C,J
876107,C,J
876159,B,B
876156,A,I
876104,A,J
876138,B,J
874845,A,J
876048,A,J
876008,A,J
875769,A,J
876000,B,J
875999,D,J
875253,D,J
875994,E,J
876026,C,J
876021,E,J
872961,D,J
875099,B,J
875979,A,I
875961,B,B
874447,A,J
875892,B,J
874530,C,I
875905,C,J
875933,F,J
862642,A,I
875843,E,I
875878,B,J
875266,C,J
872924,A,J
875752,A,J
874464,D,I
874160,E,J
875768,D,J
875350,A,J
875720,B,J
875718,B,J
875650,F,J
875646,C,I
875632,D,D
872386,B,J
875113,E,I
875434,A,J
875582,D,D
875569,D,I
872955,A,J
875338,C,I
869340,A,J
875517,A,J
875480,A,J
875528,E,I
875176,B,J
875474,C,J
875446,C,J
871193,F,I
875206,A,J
875449,A,J
875406,A,J
782812,D,I
861609,C,J
875310,C,J
875302,B,J
868624,B,J
874826,A,J
875275,A,J
875286,B,J
875251,A,I
875224,B,I
875270,A,J
875229,D,J
874395,A,I
875198,B,J
873940,B,J
875161,B,J
875175,D,D
740758,B,J
841482,C,J
875114,B,I
875112,A,J
874308,A,J
875052,B,J
875103,B,J
875044,B,J
875025,A,J
875028,A,J
874926,D,J
874886,A,J
871956,A,J
874306,A,J
875015,B,J
875003,A,J
873728,A,J
875005,B,I
874928,A,J
874631,F,J
874931,B,J
874908,D,J
874963,E,J
874923,D,J
874922,A,J
874918,B,J
874907,B,I
874853,C,J
874897,A,J
874873,B,J
872260,B,J
874850,C,J
843299,D,J
874862,B,J
871418,D,J
874821,A,A
874800,A,J
874759,A,J
874749,A,J
874752,A,J
874747,A,I
868228,B,J
874779,A,J
874774,F,J
870603,C,J
874642,B,I
874671,D,I
868961,B,J
874599,G,J
871228,G,I
874580,B,J
874615,B,J
874554,E,J
874549,A,J
874510,F,I
856652,G,J
874537,B,J
874491,A,J
874408,A,J
874463,B,J
874404,A,J
874382,B,J
873560,B,J
874363,B,J
874361,C,J
771059,B,I
874327,A,J
874326,F,J
874275,A,J
874316,A,J
874253,B,J
873874,D,J
874227,C,C
874097,B,J
874158,B,J
874179,D,J
874121,A,J
872616,A,J
858572,C,J
874038,B,J
874030,D,J
869887,D,J
874021,A,I
873946,B,J
872488,A,J
873947,B,I
873954,A,I
873949,A,J
873939,A,J
872985,B,J
873919,B,J
873898,C,J
873865,D,J
873017,D,J
873646,B,J
873784,A,I
871855,A,J
872768,C,J
873510,B,J
873468,D,I
873529,A,J
873570,D,J
873211,B,J
873299,A,J
873341,B,J
873431,A,J
873422,D,J
872798,B,J
873244,B,J
872031,B,J
873309,B,J
873315,C,J
873223,F,J
873219,C,J
873167,B,B
768194,D,J
873144,B,J
872987,D,J
872960,C,J
872959,E,I
872990,B,J
866711,B,J
872953,B,J
872939,C,J
872859,B,I
857636,C,C
867717,B,J
872908,A,J
872814,B,J
872762,A,J
872797,B,J
872789,B,J
872787,B,B
872736,E,J
866432,A,A
872651,D,J
872659,B,J
872700,B,B
869528,C,J
872627,A,J
872619,C,J
872605,C,J
872587,A,J
872487,B,B
872530,D,J
872526,D,J
872447,B,J
872357,C,J
872393,E,J
872394,A,J
872396,C,J
872233,C,J
871883,B,I
849043,B,J
870959,D,J
872275,D,I
872250,C,I
871319,C,I
872230,A,J
872160,B,J
872184,B,J
872182,B,J
872153,B,J
872113,D,D
872057,B,J
870636,B,B
872020,E,J
871941,B,B
871979,A,J
871205,A,J
861141,B,J
871974,B,B
870019,B,I
871731,D,D
871686,A,J
871878,B,J
871846,A,J
871886,E,E
871889,E,J
765715,A,J
871812,C,I
871679,C,I
870068,D,J
871642,B,J
871683,B,J
835852,B,J
871693,A,J
871677,B,B
870540,A,J
871592,A,J
871639,C,I
869165,A,J
871626,A,J
866870,C,J
871613,C,J
871578,C,J
871527,A,J
871365,A,J
871532,D,J
863688,C,C
871479,B,J
871478,B,J
871472,D,J
871467,D,I
870796,A,J
871420,B,J
871158,D,I
871396,C,J
871372,C,I
865217,D,J
850753,C,J
869708,C,J
865353,B,J
870110,C,J
871322,A,J
871230,C,I
871288,C,J
871287,B,I
856912,C,J
852871,C,J
871278,C,C
871242,B,B
871263,A,J
871234,A,J
871213,A,I
871130,B,J
870433,B,B
870504,A,J
871175,B,J
868570,C,J
870158,E,E
865056,B,J
871008,A,J
871062,B,J
871021,A,J
869750,B,J
870820,D,J
866155,A,J
870854,E,I
870884,D,J
870027,B,J
847448,C,I
870703,B,J
870756,A,J
870800,A,J
870750,A,J
870741,A,J
870106,B,J
870610,C,I
870699,B,I
870661,B,J
870692,B,J
870569,B,J
870653,B,J
870710,B,I
864241,C,J
870601,A,J
869672,C,J
870573,C,J
870510,D,J
870435,C,J
847675,A,J
866520,C,C
870332,A,I
859738,B,J
870288,B,J
870271,B,I
869297,D,D
870025,A,J
870119,B,B
870128,B,J
870140,A,I
839272,E,J
862587,C,J
870177,B,J
870129,A,J
870112,D,J
870130,B,J
870162,A,J
870061,A,I
870090,C,J
870020,A,J
870037,A,I
870014,C,I
867618,E,I
869981,D,D
869932,D,J
868685,B,J
869901,A,J
869898,D,I
848840,C,C
869878,A,J
869720,D,I
869761,A,I
869785,A,J
869729,B,J
869736,A,J
869776,C,J
869762,A,J
869722,D,I
868759,B,J
869713,A,J
842522,E,J
869696,B,I
869641,D,J
869473,D,J
867863,A,A
869606,A,J
869561,F,I
869602,B,J
869408,B,J
869566,B,J
869525,A,I
869501,B,J
869505,B,J
869471,B,I
869427,A,J
858319,A,J
861768,A,J
869344,D,J
869377,A,J
869372,E,J
869157,A,J
869295,D,J
869280,C,J
868413,C,J
867431,A,J
869068,B,J
869189,A,J
869186,G,I
869148,B,J
869188,C,J
869138,B,B
869178,A,J
869179,A,J
869119,A,J
868157,B,B
869113,D,I
866840,A,J
869079,D,J
866486,B,J
869064,B,J
869076,A,J
868007,A,J
866531,C,J
868862,D,H
869019,D,D
868369,A,J
868943,A,J
868972,C,J
868932,D,D
868937,B,J
868936,A,I
868562,B,J
866028,C,J
868417,D,J
868293,A,A
868853,B,J
868847,B,J
868879,A,J
868836,B,J
863858,A,J
867974,B,J
868797,C,J
868784,B,I
868702,A,J
861214,B,J
868715,B,J
868716,A,J
866933,C,C
868669,C,J
868596,B,J
868443,A,J
868590,C,J
868580,B,J
868619,B,J
868573,E,J
868500,A,J
868539,A,J
868540,C,J
868411,A,J
868512,B,J
868396,E,J
868458,C,J
868392,B,I
868438,D,I
867417,B,J
868166,E,J
868348,B,J
811962,A,I
868355,A,J
868305,A,J
868277,B,J
868280,A,J
868274,B,J
868268,A,J
827283,B,I
867692,E,J
868255,E,J
868224,A,J
867771,C,J
868236,A,J
865714,A,J
868146,B,B
864473,B,J
868217,A,J
867418,A,J
868215,A,J
867325,A,J
867909,C,J
862592,B,J
868133,B,J
867266,B,J
868112,B,J
858274,C,J
868171,C,C
868042,B,J
853470,A,J
864050,C,J
868103,A,J
868024,C,J
867295,D,I
867853,A,J
868075,B,I
868017,B,J
868012,F,I
867996,B,B
867979,B,I
861467,C,J
867876,C,I
867968,B,J
866058,D,J
787255,B,J
867278,B,J
867848,A,J
867857,B,J
812939,B,J
867893,D,I
837872,D,J
867657,E,J
867836,A,J
867884,A,J
867879,B,I
866203,E,E
867869,A,J
867829,D,I
867809,A,J
867808,D,J
867826,C,I
867802,C,C
867821,B,J
866786,G,J
867756,G,I
867780,A,I
867738,B,J
867729,E,J
867728,B,J
865523,D,I
867707,C,J
867710,B,J
867695,A,J
866174,B,J
867690,B,J
867685,E,I
857942,A,J
867640,D,J
864475,B,J
867616,D,J
867595,D,J
864168,C,J
867569,E,I
867508,A,I
867565,A,J
867531,B,B
847828,A,J
860483,B,I
867393,B,I
867495,A,J
867485,A,J
867442,A,J
867449,A,J
867445,A,J
867397,E,E
866894,A,J
867403,C,J
867425,A,J
867399,C,I
867392,B,J
867416,F,I
867387,B,J
864607,D,D
864038,B,J
866368,A,J
867370,D,J
863089,C,C
867339,B,J
860528,C,J
854575,B,J
862967,A,J
867296,B,B
867290,A,J
865483,A,J
859342,D,D
867209,A,J
867207,A,J
867194,D,J
867191,A,J
867150,D,J
797136,A,J
867052,A,J
861835,D,I
843031,A,J
866975,B,J
866954,D,J
866970,C,J
866943,D,D
865863,A,J
866923,F,F
866814,C,J
866873,B,J
866795,B,J
866837,C,J
863561,E,J
857169,B,J
866812,A,J
866538,A,J
866699,B,J
866746,A,J
863878,F,F
866587,A,J
864657,F,J
866671,A,J
864821,D,J
866594,B,J
847089,E,I
866635,B,J
863733,A,J
866551,A,J
866506,D,H
866493,B,I
865104,B,J
864414,B,J
865845,B,B
866411,B,J
866452,B,J
866400,C,J
822051,A,J
866441,A,J
866387,A,J
844775,D,D
866429,C,I
866216,A,J
866421,B,J
861361,B,I
864082,B,J
866099,B,J
866131,C,J
866257,D,J
815200,B,J
852107,B,J
866005,B,I
866219,D,J
866217,C,J
866160,B,J
866150,A,J
866103,E,J
866112,B,J
866088,A,J
866089,B,I
866075,B,J
865425,B,J
865049,B,I
862589,E,J
866011,C,J
865995,B,J
859957,E,I
865992,B,J
865093,C,J
864846,E,J
865936,B,J
847225,D,J
865338,A,J
865914,A,J
865626,B,I
865872,B,J
865852,A,J
865886,A,J
865803,C,J
865804,A,J
865817,E,J
864353,E,J
865751,B,J
865730,C,J
833468,B,J
821317,D,D
864515,D,J
865653,C,I
863251,D,D
865681,B,B
865583,B,J
865674,B,J
865242,B,J
865576,D,I
865553,A,J
865544,A,I
863837,B,J
860929,B,J
862873,B,J
865539,A,J
865537,A,J
863011,B,B
548511,B,J
865461,A,J
865507,B,B
862314,B,J
865503,C,I
862932,D,J
865446,B,J
863763,C,J
865436,A,I
865474,C,J
864185,D,I
864299,D,I
865398,B,J
865366,B,J
865284,B,B
865204,A,J
865167,B,I
865111,A,J
851780,D,J
865127,E,J
864979,A,J
864417,A,I
865051,D,I
865067,B,I
842490,E,J
863704,B,J
865019,C,J
864982,A,J
863309,A,J
835789,A,J
864919,C,I
864508,A,J
864899,A,J
864722,C,I
864918,B,J
834132,B,J
864841,B,J
862401,A,J
863166,D,I
864873,B,J
864755,B,J
864757,B,J
864744,C,J
864733,C,I
864711,A,J
863405,B,J
864494,C,I
864649,A,I
864625,A,J
864645,B,J
864684,A,J
862285,B,J
863134,B,J
864592,D,J
864577,A,J
864535,D,H
864522,A,J
864207,E,J
864131,A,J
864440,B,B
864430,D,I
860402,A,A
864476,C,I
845342,C,J
864464,F,J
862035,C,C
863570,A,J
737399,C,J
862048,B,J
864325,B,J
863300,A,J
864244,B,J
863927,D,J
864314,B,J
864280,A,J
858154,D,J
864286,C,J
864070,B,B
846512,E,J
864215,B,J
845260,D,I
864108,C,C
864188,C,J
859874,B,J
864147,A,J
864177,E,I
864057,C,I
858551,C,J
839998,C,J
864103,E,I
864110,C,J
852186,A,J
860622,A,J
864121,B,I
864060,B,I
830911,F,J
856621,B,J
864071,D,I
864008,A,J
864035,D,J
864040,A,J
862827,B,J
864027,E,J
864011,B,J
864004,A,J
864023,A,J
863917,D,J
863912,B,J
861809,A,J
863854,A,J
863853,E,I
863842,F,J
863753,B,J
863825,D,J
800480,B,J
863466,A,J
859762,C,I
847265,C,J
863530,C,I
863703,B,J
863379,D,D
851706,D,I
835139,A,J
851388,D,J
862527,B,J
863605,B,J
863609,B,J
861191,D,D
863540,B,J
853735,C,I
863603,B,J
863580,B,J
863602,A,J
863587,A,J
857285,A,J
863509,D,D
863416,A,J
863350,F,I
838924,B,J
863425,A,J
855387,E,J
863424,B,J
837845,A,J
863409,A,J
863398,A,J
863355,B,J
863376,C,J
863348,A,J
834769,A,J
841032,C,J
862780,C,J
862168,A,J
863327,B,J
863295,B,J
863292,C,I
863233,E,J
863274,C,J
863203,A,J
863241,A,I
854646,B,B
863195,D,D
852824,E,E
841071,A,J
863172,B,J
863158,D,J
863164,E,J
863110,B,J
863165,B,J
863103,D,D
862586,C,C
855311,B,J
862943,D,J
863059,D,J
862897,E,E
863063,B,J
862295,B,I
863065,A,J
858470,B,J
863032,C,J
863062,F,J
863027,E,J
862996,C,J
861890,A,J
862963,B,B
862933,D,I
862975,B,J
855837,A,J
842464,B,J
862882,E,I
862900,D,I
862862,B,I
862157,A,J
860209,A,J
862786,B,J
862109,B,B
861845,B,B
862668,E,J
862646,C,J
862101,A,J
862598,A,J
862560,B,J
851887,A,J
862494,D,J
862505,C,J
858527,A,J
862477,D,J
862441,D,J
862434,A,I
862397,E,J
862376,C,J
861085,A,J
862354,B,I
862364,A,J
862305,D,H
862325,B,J
862264,B,J
862271,C,J
854654,B,I
862270,B,J
862210,B,J
862256,B,J
861612,B,J
862226,A,J
862027,B,B
836494,D,D
860485,A,J
862200,A,J
861168,E,J
862181,E,E
862212,B,J
860155,B,J
862154,F,J
860943,B,J
861722,B,J
857313,D,J
862084,D,I
862021,D,J
861292,A,J
862004,A,J
831318,B,I
861997,E,J
861996,B,J
861983,B,J
859150,C,I
861979,B,I
861881,F,I
861878,A,I
861607,B,J
861903,A,J
860765,B,J
861893,A,J
861790,A,J
861889,D,I
856178,B,J
861885,C,J
858157,B,J
861773,A,J
861801,B,J
861830,C,J
840682,C,I
861800,B,B
861699,C,J
861659,A,J
861764,A,J
861770,B,B
861586,A,J
860681,D,J
861767,C,J
861719,C,J
861696,A,J
858050,B,J
861671,B,I
856703,C,J
861498,C,J
861496,A,I
861528,C,C
860236,D,J
849818,E,J
833775,A,J
861308,B,J
861299,E,J
861304,A,J
861295,C,J
857614,B,J
861280,D,J
859615,D,J
852428,A,J
837007,C,J
861237,A,J
861110,A,J
861157,B,J
861147,C,J
861125,F,J
861078,C,J
861046,A,J
853505,C,J
860971,C,J
861018,D,J
860289,B,J
860937,B,J
855789,C,C
859702,B,J
860856,E,I
845625,A,J
860846,B,J
860825,A,J
860830,F,F
860817,F,I
860789,B,J
860812,D,J
859060,B,I
858269,B,B
860705,C,J
860745,D,I
724256,A,J
860734,A,J
833038,D,J
860728,D,J
860723,C,J
860544,A,J
860719,B,J
851441,B,J
860654,D,I
860561,D,J
860655,A,J
860603,B,J
860649,B,J
860597,D,J
860642,C,J
860630,D,J
853404,A,J
859907,C,J
860567,C,J
798635,D,J
855779,E,J
860571,C,J
860554,E,J
855255,D,I
860547,D,D
817315,E,E
860504,C,J
819417,A,J
860452,C,I
819635,B,B
860476,A,J
860439,B,B
860470,C,J
860355,C,J
855539,B,B
860324,B,I
860335,B,I
847243,E,J
860296,A,J
859579,A,J
860287,E,J
860273,D,J
860257,C,C
860255,D,I
859775,A,J
858042,C,I
852988,B,J
854949,A,J
860188,B,J
860218,A,J
860152,A,J
860095,D,J
853495,D,J
860134,B,B
846152,B,I
860071,A,I
859997,E,I
859993,B,J
856139,B,B
860033,A,J
853519,C,J
859961,A,J
859862,B,J
859848,B,J
859837,D,J
857630,B,J
859802,B,J
859047,A,J
859754,C,J
859783,A,J
859753,C,J
859682,B,J
859681,B,B
859552,B,J
859544,F,F
854216,B,J
859299,B,J
859592,C,J
859178,E,J
859555,A,J
859459,D,I
859440,F,I
782917,B,J
859474,A,J
859467,B,J
859049,A,J
859402,B,J
856705,B,J
859412,B,J
859400,A,J
859387,C,J
859389,A,J
859323,E,E
859295,B,J
859205,C,J
859209,B,B
859191,A,J
855842,A,J
859187,A,J
859043,D,J
859172,D,J
857826,F,J
859114,B,J
859013,A,J
859068,C,J
858997,C,J
858957,A,J
858946,B,J
857858,E,J
858949,A,J
858849,C,J
844613,B,J
858814,B,J
858716,A,J
856570,B,J
854024,C,J
858666,F,J
855066,B,J
826192,C,J
851063,A,J
856951,E,J
858554,B,J
857473,D,D
858538,D,J
857831,B,B
858522,B,J
858453,A,I
858359,A,J
858414,D,I
843143,D,H
858415,A,J
858401,C,J
858341,E,J
858390,B,I
856521,B,J
858379,B,J
858120,B,J
858282,E,J
858255,C,I
858267,B,J
858242,C,J
856434,A,J
858219,C,J
858188,A,J
858169,B,J
858203,D,J
858184,D,J
858158,B,J
858164,E,I
848204,F,J
857979,A,J
857879,B,J
857922,C,J
857923,C,J
857905,B,J
857921,B,J
857893,B,J
857869,C,J
857097,B,J
852660,E,J
857865,D,I
857637,B,J
855318,C,J
857617,B,J
857618,A,I
853197,B,J
857601,A,J
857575,A,J
857547,D,I
857545,C,J
856598,B,J
857504,C,J
855158,B,J
821396,E,J
853886,B,J
857017,A,J
857376,F,I
848316,A,J
857384,E,J
856289,B,J
857349,A,J
854197,A,J
857332,D,J
857274,D,I
857314,A,J
857264,E,I
857236,D,J
838047,C,J
856603,A,J
856595,F,F
857267,C,J
830070,B,J
857235,A,J
854703,B,J
857224,D,D
857223,A,J
852461,A,J
857174,E,E
825876,B,B
857120,E,J
758907,B,J
846262,C,C
855781,A,J
857049,B,J
857087,D,J
853323,B,J
857053,A,J
857070,A,J
857027,C,J
833403,B,J
856813,A,J
856974,C,J
856993,D,J
856983,A,J
855678,B,J
856698,A,J
856675,B,I
823080,A,J
856801,A,J
856907,B,B
856867,A,J
856877,A,J
856646,F,J
854523,A,J
833103,B,J
853242,D,J
856049,B,B
856790,C,I
856761,B,J
856726,D,J
804108,C,J
856743,C,J
856729,C,J
856680,E,I
840579,C,J
849295,C,J
856648,B,J
856629,D,J
856631,D,J
856571,B,I
849642,A,J
856538,B,J
856531,A,I
850095,B,I
851229,A,J
856495,A,J
856466,A,J
821254,A,J
853176,D,I
856452,A,J
856438,F,J
856425,B,J
856382,B,B
856360,A,J
856365,C,J
856331,A,J
855637,A,J
856269,B,J
856253,D,J
856252,C,J
856223,A,J
856212,B,J
856190,A,J
856183,A,J
856159,B,J
856163,B,J
854565,A,J
856118,C,J
854714,A,J
856108,C,J
856088,C,J
854443,C,J
856070,D,I
856073,A,I
856059,C,I
856057,A,J
855995,E,I
854636,C,J
854501,B,J
852813,C,C
852054,E,J
855813,B,J
855832,A,J
855838,D,J
855815,A,J
854351,A,J
855737,C,J
855768,B,J
855739,B,J
854413,F,J
855748,B,J
855736,D,J
855688,C,C
853610,D,J
855692,B,J
855694,A,J
855671,A,J
855383,C,J
855639,D,J
855628,A,J
853561,A,J
855586,B,J
855530,A,J
855548,A,J
855527,C,J
855501,C,J
855497,A,J
855484,B,J
855468,E,E
854572,A,J
855474,A,J
855448,A,J
837769,B,J
855460,G,G
854165,B,B
855415,D,J
840721,B,J
837067,B,I
855109,D,J
855254,D,D
855224,A,J
855246,C,J
855245,D,J
854010,B,J
854023,A,J
855195,A,J
855189,A,J
855146,C,J
855151,A,J
855138,C,J
855131,D,J
854256,C,J
855069,C,C
854712,E,E
855019,A,I
855020,B,J
850905,A,J
854996,B,J
854986,E,J
854979,C,J
839319,A,J
854535,E,E
854752,C,J
854866,E,J
854888,D,I
854864,D,I
854835,A,J
853941,C,J
854851,B,B
854802,A,J
854806,A,J
854486,B,I
854792,C,C
854777,D,J
852914,C,J
853224,A,J
854759,C,J
854732,D,J
813185,B,I
854716,A,J
836330,B,I
853520,C,J
854610,C,J
828317,A,J
854568,A,J
854148,B,J
854552,A,J
854545,B,J
854468,B,J
854441,E,E
854481,A,I
850240,A,J
850595,C,I
854409,B,J
854324,B,J
854379,C,I
854366,B,J
854329,A,J
854349,A,J
854309,A,J
851927,C,J
854297,D,I
854228,B,J
854200,B,J
854285,B,B
854249,D,J
833322,F,F
854240,D,I
854211,A,J
854208,F,I
852787,A,I
854126,E,H
854083,A,J
854145,D,J
853604,D,J
852723,A,J
851092,B,J
851851,F,J
853969,B,B
853983,F,J
853971,A,J
853957,A,J
853896,B,I
850958,A,J
853861,D,J
853738,F,I
853805,B,J
853829,E,I
852888,B,J
853784,B,I
851930,A,J
836299,B,J
853576,D,D
853726,B,I
853742,A,J
845856,A,J
853709,E,J
853674,A,J
853684,A,J
853664,A,J
853673,D,J
848559,G,I
853562,B,J
853617,B,J
837814,B,J
783498,B,J
853571,B,H
853508,C,C
853525,B,J
853391,C,J
852736,B,J
853474,B,I
827262,B,J
853435,B,J
834630,C,C
852262,B,B
853406,C,I
853314,D,D
853345,A,J
852189,A,J
853315,C,J
853328,D,J
853331,B,J
852835,C,J
853305,B,J
853280,B,J
850687,A,J
853138,B,J
853254,B,J
853127,A,J
852689,B,J
848811,A,J
853204,E,J
853159,D,J
803050,B,J
853157,E,J
853167,E,J
853145,E,J
853130,C,J
853105,B,J
852931,D,J
853049,B,B
853087,E,J
853071,B,B
852997,A,J
853033,A,J
852793,C,J
853010,B,J
852973,B,I
852982,A,J
852879,E,I
851758,C,J
852921,C,J
852898,C,I
852896,D,J
851328,C,J
845024,B,J
852831,B,J
852809,F,I
846574,A,J
852817,A,J
852703,G,I
852767,A,J
852764,C,J
838790,C,J
844382,A,J
852681,B,J
852632,D,I
852678,A,J
852502,A,J
852643,A,J
852641,C,J
852640,A,J
852591,C,J
852526,C,J
852422,A,J
852474,D,J
852472,A,J
852457,A,J
852421,B,J
852430,B,J
851645,C,J
852429,D,D
851505,F,J
851770,D,I
852404,C,J
848504,C,J
852354,B,J
852355,B,J
835550,C,J
852324,E,E
847999,B,J
850385,B,J
852268,D,J
852265,A,J
852170,A,J
852153,A,J
852134,D,I
852085,A,J
852089,A,J
852064,B,J
842916,C,C
851757,A,J
852040,C,C
852027,D,J
852006,A,J
838539,D,J
851986,A,J
851976,D,J
851874,B,J
851790,C,C
846186,A,J
842395,A,J
851715,A,J
851682,D,J
851615,B,J
851613,B,J
851594,C,J
844621,B,I
851565,C,J
851550,A,J
840686,B,B
849809,E,J
851498,F,I
851439,B,J
851383,A,J
850974,E,J
851222,A,I
851356,B,J
847536,C,J
851224,C,C
851197,A,J
851195,F,J
850335,A,J
851178,D,J
851180,B,I
851151,D,J
851115,B,J
838602,D,I
851080,A,J
850015,F,J
706472,D,D
851074,A,J
847572,B,J
851035,F,F
850988,C,J
850990,B,J
842788,E,E
850617,C,C
850955,B,J
850929,D,J
848727,A,J
850888,E,E
850886,C,J
850828,B,J
850806,B,J
850779,C,J
850754,B,J
850745,F,J
850712,D,J
850116,A,I
850727,C,J
850713,F,I
850711,A,I
850364,B,J
850174,D,J
849438,D,J
849760,B,J
850253,D,J
850652,B,I
850619,C,J
850645,B,J
850632,B,B
850602,D,J
845642,F,F
850530,A,J
850510,D,J
850534,E,J
846260,A,J
850475,A,J
850452,D,J
850448,B,J
816304,C,J
850434,C,J
850435,F,J
850382,C,J
834632,B,B
849154,D,I
850370,B,J
850365,C,J
850360,D,J
850350,D,J
850331,E,I
850312,B,B
850275,B,J
850282,B,J
850197,A,J
848659,B,J
837107,C,J
844571,A,J
850164,A,J
850158,E,I
850126,B,I
850107,A,J
850106,C,I
838123,B,J
850050,B,J
850043,E,J
850025,C,C
850021,D,J
849996,B,I
847201,B,J
849137,D,J
849893,D,J
849912,D,J
849806,A,J
849391,A,J
849819,A,J
841960,B,B
849780,B,J
849784,A,J
849748,A,J
849761,D,I
849681,C,J
847393,A,J
849741,C,J
849728,B,J
849720,C,J
845857,A,J
823634,F,J
849634,A,J
849464,C,J
849514,C,J
849487,E,J
832833,A,J
849396,B,J
849089,B,J
849436,A,J
849425,B,J
848889,C,J
846275,A,J
849385,B,J
849347,B,J
849283,B,J
849316,E,E
849167,B,J
849218,A,J
845275,C,I
847756,A,J
849217,A,J
848746,D,D
849205,B,J
842409,D,D
849141,C,C
849145,B,J
849084,A,J
846685,B,J
849056,B,J
846396,A,I
849008,D,J
848960,A,J
839789,B,J
831935,B,J
848888,A,J
847103,A,J
848890,C,J
835246,C,J
848849,B,J
816802,B,J
848821,C,J
848817,A,J
848794,D,I
833595,A,J
848702,B,I
846205,C,C
840726,A,J
848658,F,I
846016,A,J
848639,B,J
848624,D,J
845396,B,B
847490,C,J
848411,E,J
847900,B,I
847763,C,J
848538,D,J
845058,B,J
848509,D,I
848496,B,J
831172,E,J
848386,B,I
848477,C,J
848469,A,J
840806,D,J
823850,A,J
847174,F,J
848405,B,J
848406,E,I
848389,D,I
848273,C,I
847316,A,J
847006,A,J
848329,A,J
848334,C,J
848303,B,I
848279,D,J
847337,B,B
848173,B,J
848217,A,J
847826,B,J
848175,B,J
848139,B,J
848062,D,J
848086,C,J
848107,B,B
840232,B,J
848033,B,J
847836,C,I
848053,C,J
846704,A,J
846939,B,J
847977,A,J
847946,D,J
847906,B,J
847893,C,J
847866,E,I
847383,E,J
847584,E,E
847649,C,J
847732,B,J
847795,B,B
847808,A,J
847785,B,J
847789,A,I
847435,B,J
847773,F,I
847761,A,J
847728,B,J
847719,A,J
847707,B,J
847715,F,I
847662,B,J
847628,B,B
838454,C,J
847623,F,I
840261,B,J
846731,E,E
847552,E,I
847537,B,J
847538,B,J
847527,A,J
847512,B,J
847515,A,J
847496,A,J
847464,E,J
847463,A,J
847427,E,I
843698,A,J
843784,D,J
847272,D,I
847364,A,J
847288,D,J
847317,C,I
847258,B,J
846992,F,J
847205,C,I
847213,C,J
847196,C,J
815795,C,J
847097,A,J
846618,D,J
847170,D,J
846511,D,I
847172,A,J
847152,D,D
847140,B,J
839036,A,J
838416,A,J
846013,B,J
845927,E,I
846913,E,I
846813,A,J
846890,A,J
846847,D,J
846821,B,J
846807,A,J
846040,A,J
845230,B,J
846758,A,J
846633,B,J
845224,C,C
846710,D,I
840738,C,C
846659,A,J
817666,B,J
846589,E,J
846573,F,J
846616,C,J
846576,B,J
846546,B,B
846554,B,J
838418,A,J
846506,A,J
846484,D,I
845715,A,J
846413,C,J
846440,B,J
846459,D,J
654376,B,J
844894,B,J
846333,C,I
844517,D,J
846309,C,J
846279,B,J
667730,D,D
844292,F,I
846195,B,J
846194,A,J
846167,A,J
846159,C,J
841758,B,J
846127,D,J
843086,A,J
846083,A,J
846077,D,I
846044,D,J
846035,A,J
845948,C,C
845476,D,I
825683,A,J
821300,B,J
845804,A,J
845846,C,J
845238,C,J
845828,A,J
845819,A,J
845793,B,J
845758,B,J
839052,C,J
845741,B,I
845636,B,J
845720,B,J
843777,B,J
845501,A,J
845696,D,J
818619,B,J
842387,B,J
845663,C,J
842798,B,I
843787,B,J
845273,D,I
831137,A,J
842841,D,J
845575,A,J
845120,A,J
592521,B,J
841989,C,J
845474,A,J
845489,B,B
845462,C,J
845410,A,J
845386,B,J
843845,A,J
845321,D,J
837231,A,J
845387,D,I
845340,B,J
842706,B,J
845232,C,J
841575,B,B
845162,C,J
845164,B,J
842708,C,J
818797,B,J
845188,B,I
844946,C,J
845166,E,I
845130,B,J
820281,B,J
845128,A,J
845103,B,J
845122,D,I
843460,A,J
845121,E,J
842456,B,J
845008,C,J
845070,A,J
844925,B,J
845055,D,J
845036,D,J
838179,B,J
844985,A,J
844976,C,J
843113,E,E
844956,G,G
844957,A,J
842600,A,J
844902,C,J
844892,F,J
844314,B,B
812337,F,I
844877,D,J
844853,A,I
844824,D,I
844711,A,A
844784,C,I
844763,B,J
844000,D,J
844720,B,J
818882,C,C
844727,C,J
844713,A,J
844677,B,J
844641,B,J
844633,D,J
844364,F,F
844615,C,J
750151,B,J
841835,B,J
808541,E,J
844451,B,J
844203,C,J
844558,B,J
844536,A,J
844527,B,J
844485,B,J
844483,B,J
841864,F,J
844427,C,J
799106,A,J
844407,D,J
844375,D,I
839065,B,J
844377,C,J
844396,B,J
844358,A,J
844222,B,B
843913,D,J
844362,A,J
844352,B,J
822641,B,J
844310,B,J
813286,B,J
844320,B,J
844298,C,I
844261,A,J
844238,C,J
799861,E,J
844228,A,J
844165,B,B
844156,D,J
844151,C,C
844125,C,J
844120,A,J
844104,C,J
843731,C,J
844070,B,J
842329,C,J
843770,C,J
844022,C,J
844008,B,J
844013,E,E
844002,B,J
843757,C,J
843925,C,J
839811,B,J
843914,D,J
837686,B,B
843844,D,J
843851,B,J
843771,A,J
843646,E,I
843785,A,A
843721,A,J
832491,F,J
843621,B,J
843653,A,I
843108,B,J
843590,C,I
843594,B,B
835597,A,J
799205,C,J
843497,A,J
843485,A,J
843495,B,J
843470,A,J
841907,A,J
840484,A,J
819977,B,I
843415,A,J
843398,C,J
841642,D,I
843351,C,J
843284,B,J
843290,B,B
843307,B,B
843264,B,J
843242,B,J
843247,F,J
843219,C,I
831941,E,E
842968,A,J
843193,A,J
843173,B,J
843168,A,J
843087,B,J
820814,B,J
843064,B,J
836427,D,J
835537,C,J
843071,F,J
837679,E,J
842971,B,J
842964,A,J
842961,E,J
842873,E,E
839744,F,J
807822,F,J
842876,B,J
842865,B,J
842814,A,J
842807,A,J
828539,G,G
821086,A,J
842771,B,J
842775,B,J
841135,C,J
842652,A,J
842469,C,I
842643,C,I
806604,B,I
829823,B,J
831420,C,I
841730,D,J
842583,A,J
842566,A,J
842558,A,I
842502,B,J
842500,B,J
842421,A,J
842351,B,J
842446,B,B
841329,A,J
842402,A,J
842372,C,J
842347,F,F
829315,C,J
842322,A,J
839904,A,J
841822,E,I
839131,C,J
842264,B,J
833135,B,I
842187,B,J
842178,B,J
836587,C,J
842104,A,J
842102,A,J
842084,A,J
842054,B,J
842083,G,I
842073,A,J
842052,D,J
842058,A,J
828375,C,H
841001,A,J
829150,A,J
841940,F,J
840785,C,J
841932,A,I
841875,C,J
839210,B,J
841825,D,J
841749,A,I
837242,A,J
841757,B,J
836691,B,J
841734,A,J
841702,A,J
841714,E,E
834250,E,J
841663,B,B
841621,A,J
841633,B,J
841611,B,J
841619,B,J
841403,B,J
841526,E,J
841518,A,J
840128,D,D
841511,C,J
841485,B,J
841453,C,I
841438,C,J
841415,B,J
841407,C,J
841212,D,J
841350,G,J
841297,D,J
841266,F,I
841309,D,I
838579,B,J
841291,C,J
841158,A,J
841271,D,D
815345,B,J
841238,B,J
841227,A,J
840966,C,C
841230,E,J
841213,A,J
841209,D,J
841198,A,J
838847,B,J
841182,B,J
816631,C,J
819520,A,J
814887,B,J
841129,E,J
840561,B,J
841017,B,J
841051,C,J
838912,D,J
841046,B,I
841024,B,J
841014,B,I
840992,A,J
840980,A,J
840057,B,J
839625,B,J
840246,B,J
840524,E,J
819525,B,B
840876,E,J
840835,A,J
840817,D,J
840801,D,I
840762,A,I
839429,A,J
840756,D,J
840758,C,J
840734,A,J
839750,B,J
840699,C,J
826120,C,J
840643,A,J
840632,A,J
840411,B,J
840541,B,J
840529,D,J
839428,B,I
839637,B,J
840447,D,I
837078,C,J
840514,D,J
840199,A,J
840478,A,J
840456,B,J
805828,B,J
839640,C,J
840441,A,J
840425,C,I
839631,A,J
838810,B,J
832078,B,J
840388,D,J
840337,B,J
840315,A,I
840371,A,J
840354,B,I
840327,C,J
840280,B,J
840203,B,I
840233,C,C
840256,C,J
840257,C,J
839365,D,J
840121,E,J
840015,B,I
840110,B,J
839671,A,J
840091,A,J
840064,C,J
840046,A,J
839980,C,J
839996,B,J
839976,D,D
837638,C,J
839801,A,J
839804,B,I
839927,D,D
836303,B,I
839935,B,B
839948,B,J
839903,B,J
839882,C,J
833996,B,J
839774,A,I
839818,E,J
839778,C,J
839805,A,J
839791,C,J
834329,D,J
839742,C,J
839696,B,J
839689,C,J
839684,D,J
839665,A,I
839657,D,D
838755,A,J
839641,C,J
839621,D,J
839167,D,I
839584,G,G
838792,C,J
839583,C,J
839576,E,J
836737,C,J
839543,B,J
839453,A,J
839440,B,J
838997,D,D
838191,B,J
838725,E,E
839315,B,J
838861,B,J
839379,A,J
833816,A,J
839359,E,I
839338,B,I
839321,B,J
839002,B,J
839303,B,J
839307,C,H
839265,B,B
839247,B,J
839232,A,J
839205,C,J
839198,B,B
839162,B,I
838018,C,J
838549,E,E
838830,B,J
833272,A,J
837818,B,J
838948,A,J
839042,C,I
838983,D,J
837459,B,J
838989,D,D
838966,B,J
838987,E,E
838960,A,J
838981,D,J
838974,A,J
838945,B,J
821466,C,I
838929,A,J
838087,C,J
831552,D,J
828241,A,J
838882,D,J
838863,B,J
838700,B,J
838845,A,J
836909,A,J
838798,B,J
837113,A,J
838834,B,J
831814,C,I
838188,E,J
838565,F,F
836157,B,I
838776,E,I
838763,C,J
838677,A,J
838686,D,D
838691,A,J
838022,D,J
838698,A,J
838669,B,J
838672,A,J
838648,A,J
838504,A,J
836443,C,J
838593,E,J
837318,B,I
838512,B,I
838376,B,J
838560,D,I
838158,B,I
838518,B,J
838457,D,J
810960,D,J
838475,A,J
838433,A,J
822152,G,J
838412,B,J
827374,A,J
838370,B,J
831407,D,I
838392,A,J
838362,A,J
838354,B,J
838332,A,J
838151,E,J
838263,D,J
838277,D,J
838228,C,J
838220,D,J
838233,A,J
838185,A,J
838140,B,I
830870,D,I
836842,B,H
827549,C,J
838088,B,J
834975,B,J
836003,A,J
834252,D,J
837909,C,J
837741,C,J
837868,B,J
837815,D,J
837813,A,I
837805,C,C
837789,A,J
837262,B,I
837783,A,J
837748,C,I
837755,E,E
837733,B,J
837521,B,B
688265,C,J
831149,B,J
837635,A,J
837597,A,J
833541,B,J
837588,C,C
837604,B,J
837450,C,J
837528,A,J
837531,E,J
837403,D,J
787441,F,F
837418,A,J
837434,E,I
837393,A,I
833558,B,J
837198,B,J
837344,E,J
837149,A,J
837215,B,J
836542,A,J
837281,G,J
837266,A,J
837237,C,J
837248,B,J
837222,E,J
837233,B,J
837247,E,J
837180,B,J
837220,D,I
824566,B,J
837000,C,J
837148,B,J
837126,B,I
837088,A,J
837071,B,J
837069,E,J
837048,F,F
837055,A,I
836450,E,J
836902,A,J
833424,A,J
837014,B,J
830486,B,J
836973,A,J
831545,B,J
836877,E,I
836948,D,I
836932,A,J
748740,F,J
836872,C,I
836850,B,J
829868,B,J
836839,D,I
836828,A,J
816822,C,J
836804,A,J
836799,C,J
836792,A,J
824040,D,J
836704,D,D
806956,A,J
836670,A,J
835716,E,J
836680,A,J
836663,E,J
836658,B,J
836637,A,J
836646,E,I
836641,C,I
836606,C,J
836592,D,J
836577,D,J
836555,B,J
836548,D,D
831180,B,B
836483,C,I
836363,A,J
836324,B,J
835528,C,J
833458,F,J
826963,A,J
836214,B,J
836201,D,J
807322,C,J
833456,A,J
835992,E,J
835727,C,J
835973,A,J
835894,G,I
835945,C,J
835925,A,J
835889,B,J
835900,A,J
835875,A,J
835863,A,J
835750,B,J
835723,A,J
835682,B,I
835703,D,J
835680,D,J
832683,A,J
835645,A,J
815548,B,B
835496,B,J
835523,C,I
835498,B,I
834810,D,D
833366,A,J
834983,A,J
835427,C,J
835351,A,J
835357,B,J
835325,A,J
835324,A,J
835269,B,J
835166,A,J
835172,C,I
835163,A,J
834696,E,J
835155,C,J
835127,C,I
834559,A,J
835049,E,I
835018,A,J
833763,B,J
834976,F,I
831616,D,J
834086,B,J
834971,D,I
834961,D,J
821109,D,J
834907,B,J
834888,A,J
834895,B,J
834822,C,C
834002,C,J
834857,A,J
807617,A,J
834640,E,J
834823,B,J
834791,E,J
834423,C,J
834615,A,J
826476,A,J
834759,B,J
834743,B,J
810408,D,J
834707,A,J
834690,C,C
834673,B,J
834642,C,I
834628,A,J
834578,B,I
834566,B,J
823549,A,J
832996,C,J
834473,D,J
834470,B,J
834425,C,J
833345,B,I
818608,B,B
834431,D,I
833722,A,A
834397,A,J
834396,D,J
834311,B,J
832716,A,J
833420,C,J
834281,B,J
834303,D,J
834286,B,I
834298,B,J
834290,A,J
834279,D,I
834232,B,J
834220,E,J
822981,D,I
828761,B,J
831589,A,J
834213,C,J
834212,B,J
834208,D,J
834179,A,J
834168,E,J
834151,A,J
834166,C,J
688802,E,J
832563,B,J
834124,A,J
834105,B,B
834082,B,J
829918,G,I
742449,B,J
832704,E,J
834052,A,J
833971,E,I
834037,B,J
834033,E,J
833890,B,J
823812,D,D
833973,B,J
833957,D,J
831986,B,J
833951,B,J
833946,D,J
833937,E,J
833530,D,J
825187,A,J
833919,A,J
833208,D,I
822881,A,J
822924,D,I
833889,C,I
833074,D,J
833772,A,J
833037,A,J
833744,C,J
817389,D,J
833724,B,B
805015,E,I
822685,D,J
833467,A,J
833679,B,J
833663,B,J
833628,A,J
833632,B,J
833578,B,B
830830,F,I
833570,E,J
833555,E,J
833552,F,J
831880,C,J
812710,E,E
833486,A,J
814210,B,B
785061,C,J
833422,D,J
833396,B,J
833383,B,J
833334,B,J
833338,B,J
830744,B,J
819820,B,J
833335,D,J
833323,B,J
809741,A,J
827559,A,J
833315,F,J
831882,A,J
833278,C,J
812718,E,E
833282,A,J
833275,B,J
833266,A,J
833261,G,J
833244,E,H
833169,D,J
833224,F,J
833210,B,J
832574,D,J
833183,D,J
823784,A,J
813026,B,J
833155,A,J
833138,B,J
833112,D,D
820600,C,J
832513,B,J
829612,B,J
825662,C,J
833116,B,I
833101,B,J
820198,A,J
832185,B,J
832300,B,J
833020,A,J
833019,B,J
833012,A,J
833007,D,J
813562,B,J
832957,A,J
653597,C,J
832885,D,J
832915,C,J
814604,B,J
832811,C,J
832861,A,I
832835,A,J
832834,A,J
832824,B,J
832799,D,J
832796,B,J
832777,B,I
832789,A,J
832765,F,I
820650,E,I
832773,B,B
832754,C,J
832734,A,I
832729,B,I
832719,B,J
830869,A,J
832602,D,D
832688,B,J
832645,A,J
832664,E,E
822371,B,J
831655,E,E
828102,A,J
832618,B,J
832609,D,J
832588,B,J
832582,B,J
828995,C,C
830957,A,J
831331,E,J
832517,A,I
830095,A,J
832490,F,I
812516,A,J
832424,B,J
832428,B,J
832439,D,J
825936,B,J
832446,B,J
832425,A,J
832429,B,J
832426,D,J
827042,D,J
823379,D,J
832403,A,J
832409,E,I
831945,A,J
832373,B,J
832353,B,J
825698,B,J
832317,C,J
832304,A,I
832313,C,J
827553,A,J
832281,A,J
832221,B,J
823313,D,J
830824,A,J
832234,B,J
816812,A,J
829787,C,J
832200,A,J
827937,B,I
832166,C,J
832158,A,J
832159,B,J
828798,A,J
832084,A,I
832080,C,C
831968,D,J
824073,D,J
818939,D,J
832038,A,J
831924,B,J
824387,E,E
831989,A,J
802349,D,I
831774,A,J
822939,B,J
831792,A,J
831907,C,J
831873,A,J
804094,D,D
831225,D,J
831828,B,J
831827,D,J
831833,A,J
799839,A,J
831379,C,J
831761,E,J
831767,D,D
831723,E,J
830426,B,J
831662,B,J
831666,C,J
831660,B,I
831682,F,I
831684,C,J
829630,E,J
822695,C,J
831566,B,J
831534,A,J
831542,A,J
820833,B,J
829148,B,I
823204,A,J
831506,C,J
830970,B,J
831388,A,J
831452,D,I
831454,E,J
829132,B,J
831432,A,J
831431,A,J
831404,B,I
828542,A,J
831344,A,J
831049,E,I
831372,B,J
831291,C,J
825433,D,J
831341,G,J
831300,A,J
831123,C,J
831303,B,J
831285,A,J
831281,E,J
831237,A,J
831264,B,J
831274,E,E
831259,D,J
831232,C,J
831227,C,J
831193,F,J
824881,D,J
831199,E,E
831179,A,J
831189,B,B
808333,A,J
829790,D,D
831169,B,I
831163,G,J
830967,E,J
831110,A,J
830945,A,J
776849,C,J
830165,D,J
831100,F,I
830119,C,J
831050,D,I
831099,C,J
831013,B,J
831074,C,J
831085,C,J
822885,A,J
831057,D,J
831048,D,D
831058,D,J
831056,C,J
831015,A,J
829797,C,I
829862,E,J
829092,D,J
831010,F,I
830986,A,J
830942,D,J
830941,A,J
829507,B,J
830937,B,J
830873,B,J
830920,E,I
830837,D,J
828749,A,J
830871,B,J
808868,A,J
830728,A,I
830782,C,I
828402,D,J
830750,C,J
830748,C,J
830743,A,J
830683,A,I
830671,D,J
830563,B,J
830485,A,J
820786,D,J
830454,A,J
828076,A,J
811453,C,J
830405,C,J
829874,C,J
828499,A,J
829838,E,J
830288,D,J
826113,D,J
826054,A,J
825264,A,J
830225,B,J
812976,G,G
823751,F,J
830191,A,J
830156,B,B
830014,A,J
830129,D,J
830133,A,I
830087,E,J
826376,A,J
830066,A,J
830053,B,I
830027,C,H
830001,D,J
830023,A,J
826310,E,I
829996,B,J
829990,C,J
816411,C,J
829919,A,J
829932,A,I
829927,B,J
829895,B,J
829887,C,I
829393,A,J
829893,C,I
788825,D,J
829875,E,J
829468,D,I
829807,C,J
829828,D,J
829682,B,J
824761,B,J
808759,B,J
812120,E,I
829684,C,J
829665,B,J
829631,C,J
829613,E,J
829594,C,C
829365,A,J
829342,D,J
829473,B,J
829462,A,J
829417,B,B
829429,C,I
829426,B,J
829348,A,J
829368,E,J
829381,B,J
829378,A,J
827017,B,B
829308,G,I
825982,C,C
829355,A,J
829338,E,J
829287,C,C
829264,C,J
827951,A,J
816715,B,J
829229,A,J
829260,B,J
816278,A,J
829202,B,J
829218,E,J
829225,C,C
829193,D,J
829192,D,J
829157,A,J
829146,A,J
829099,A,J
829076,B,J
829066,C,J
828134,C,J
829020,D,I
828978,A,J
812997,F,J
798044,D,J
826733,C,J
827721,D,J
828790,A,J
828634,B,J
828609,C,J
828556,F,J
828506,C,J
798758,A,J
828518,A,J
828497,B,J
828482,D,J
828485,A,J
828473,C,J
828306,A,J
828449,C,I
828391,B,J
825928,G,J
828322,E,J
828334,B,J
813388,A,J
828254,C,I
813141,B,B
812962,B,J
828169,E,I
828138,A,J
828010,E,J
828024,C,J
828007,E,I
826640,D,D
825529,B,J
826943,A,J
827814,B,J
819093,A,J
827774,B,J
827723,B,B
827726,D,J
827717,C,J
826668,B,J
827662,A,J
827625,B,J
827607,D,J
827528,B,J
827524,A,J
827490,C,J
827419,B,I
827476,A,J
827474,G,G
827438,B,J
826922,C,I
827391,B,J
827266,C,J
827071,B,J
827184,B,J
825558,C,J
827145,B,J
816346,D,J
827049,G,G
827105,B,J
827098,C,J
813303,A,J
826987,B,J
824729,B,B
827024,D,I
826990,C,I
826998,B,J
826896,B,J
826973,B,J
826906,A,J
826898,B,J
826893,B,J
825319,B,B
826872,A,J
826833,C,C
826761,D,J
826662,A,J
818370,D,I
825885,E,J
826578,E,E
826293,D,I
826564,B,J
821790,B,J
824609,G,I
821305,B,J
826555,B,J
826532,B,J
826517,B,J
826509,E,I
826478,D,J
826458,D,J
826432,B,J
813146,A,J
826386,C,J
826400,B,J
824910,F,J
826350,D,J
824016,C,J
825195,A,J
826223,B,J
825562,B,J
826173,C,J
826175,A,J
824461,A,J
826140,D,J
826126,A,I
824079,A,J
825531,D,D
825965,B,J
825167,D,D
826091,C,J
825279,F,J
826036,B,J
825958,B,J
825952,A,J
823388,A,J
825911,E,I
819971,D,J
825875,D,J
823029,A,J
825863,A,J
825886,D,D
820398,E,J
825869,E,I
825826,A,I
825805,B,J
814667,A,J
825841,C,J
825788,D,J
825819,A,J
825789,C,J
825775,C,J
823772,F,I
809231,F,J
815096,B,J
825763,D,D
823175,E,J
825750,B,J
825688,C,J
811240,C,J
825649,D,I
825660,B,J
825638,D,J
825643,B,J
825523,B,J
825599,C,J
818147,F,J
797792,C,J
825575,A,J
824905,G,G
825043,A,J
823147,E,J
767458,F,I
825443,A,J
825408,D,I
824986,C,J
825332,A,I
825273,B,J
825288,A,J
825240,A,J
825223,E,I
825176,B,J
825164,G,I
823662,A,J
825091,C,J
825105,B,J
825076,A,J
811899,B,B
825061,D,D
824345,A,J
825058,D,J
823133,C,I
824798,A,J
824978,C,I
824974,C,J
824996,C,C
824949,B,J
824977,A,J
822509,E,J
824890,C,J
824902,B,J
822137,E,J
824782,D,J
824696,B,J
824661,B,J
821257,B,J
824618,A,J
824610,A,J
824508,B,J
824116,A,J
824420,C,J
824222,B,J
824483,C,J
822740,B,I
824249,A,J
822166,A,J
819265,D,J
806665,B,J
824355,A,J
824314,B,J
824279,B,J
824259,D,I
824151,D,I
824140,C,J
823998,A,J
824110,D,J
823863,B,J
824069,A,J
823787,A,J
822971,D,D
824003,A,J
822325,A,I
823999,A,J
823848,D,J
823990,A,J
823979,B,J
823969,A,J
823960,B,B
823962,C,J
823910,A,J
823925,D,I
822130,C,J
823854,B,J
823877,E,E
823357,D,I
822283,C,J
823851,C,I
823833,B,I
823806,E,I
822355,B,J
823233,C,J
823755,D,I
822567,C,J
822163,B,J
821809,B,J
823684,B,J
820142,B,J
815379,E,J
823671,C,I
823598,A,J
823399,A,J
823579,B,J
808419,C,J
823490,D,I
823416,D,J
823420,D,J
823243,B,J
823368,E,I
823365,A,J
823374,F,J
823356,C,J
823220,C,J
819775,C,J
823162,B,J
823159,D,J
823151,F,I
823123,D,J
820957,A,J
817293,D,J
822173,D,I
823069,A,J
823054,A,J
823085,B,J
823003,C,J
823038,B,J
822991,B,J
819666,C,J
822985,B,J
823006,A,J
822992,A,J
822998,A,J
821716,A,J
822910,B,J
822959,A,J
814974,E,E
822937,A,J
815146,B,J
822908,B,I
822880,B,J
822087,C,J
822495,C,J
822845,E,E
822778,C,I
822409,E,J
822747,A,J
807940,B,J
822735,A,J
822688,E,I
822649,B,I
822310,B,J
815728,B,I
822556,C,I
822118,A,J
822555,B,J
822548,D,I
822534,A,J
822526,B,J
794335,B,J
822138,B,I
822504,A,I
803343,D,D
792572,A,J
821606,A,J
820903,B,J
822354,C,J
822262,B,J
822317,A,J
809659,B,J
822314,C,I
822329,E,J
822307,D,J
820375,A,J
822258,E,J
822246,C,J
807192,A,J
822225,B,J
822193,C,I
816092,B,J
822196,E,J
822168,C,C
822150,B,J
822139,C,J
821411,E,J
822056,D,J
822134,E,J
794885,B,I
818540,C,J
822099,C,J
821705,E,J
816632,A,J
822029,A,J
817710,A,J
821981,D,J
821986,E,J
821992,B,J
821954,A,J
821846,B,J
821938,D,H
821972,B,J
821960,A,J
817662,A,J
821953,B,I
821933,E,J
821943,B,I
821640,A,J
814948,A,J
821903,A,J
818907,C,J
821899,A,J
821895,A,J
817147,C,C
821866,E,I
821627,C,J
821828,C,J
821789,E,E
821838,A,J
821835,B,J
821787,B,J
821750,A,J
813575,B,J
821741,C,J
781772,A,J
821725,A,J
821694,B,J
818700,A,J
820983,D,J
802812,B,J
821601,C,J
821580,C,J
821564,G,I
818342,A,J
821507,C,I
821476,A,J
821463,C,J
821459,E,I
819983,E,E
820366,B,J
772417,E,I
821369,B,J
821358,B,J
821334,D,I
818396,C,J
821321,C,J
821256,D,D
820768,B,J
821079,A,J
794820,A,J
821098,B,J
821094,C,J
821051,B,B
820459,D,J
820648,A,I
820791,B,J
821026,B,B
808816,E,J
821024,A,J
821011,B,J
820989,A,J
820986,C,J
820981,A,J
820959,B,I
820930,D,I
820958,B,J
820963,B,I
820918,C,J
820914,B,J
778658,A,J
820815,B,J
820894,E,J
820887,A,J
820865,A,J
820098,A,J
820392,A,J
798550,D,D
820748,B,J
820615,C,C
820667,A,J
820356,D,J
819394,C,J
820679,B,J
820664,D,J
820561,B,J
820653,A,I
815985,F,F
819701,C,J
818412,A,J
818975,A,J
820552,A,J
820482,B,J
820530,D,I
820510,B,J
820501,A,J
819512,A,J
820491,C,H
801342,C,C
813159,F,H
820480,B,I
820473,B,J
814473,A,J
820385,A,J
820425,D,I
820380,C,J
820386,C,I
817783,F,J
820387,B,H
820278,A,J
816335,A,J
820377,B,J
814086,A,J
820345,C,J
820279,A,J
793817,E,J
820300,E,J
788425,C,I
820266,A,J
816383,E,J
820212,D,J
820174,A,J
819711,E,J
816748,C,J
820161,A,J
820083,C,J
816500,B,J
820115,B,I
820067,D,I
820039,D,I
820025,D,J
801074,A,J
818604,A,J
819931,B,J
819865,B,J
819856,D,J
819821,B,B
819783,B,J
819767,A,J
819751,B,J
819741,D,I
819721,D,D
792965,E,J
819726,C,J
819717,A,J
819119,B,J
819689,B,J
819657,A,J
819530,C,J
819621,A,J
819582,G,J
819552,E,J
819546,C,J
819500,A,J
819515,F,J
819494,A,J
819430,E,E
819422,E,I
819404,F,I
819389,C,J
819381,E,J
819322,A,I
819229,A,J
802655,C,J
819238,A,J
819193,B,J
815482,E,I
801714,B,J
819131,B,J
819127,A,J
819104,B,J
819023,A,J
819005,D,I
818968,A,J
818960,C,J
818925,B,I
818869,B,J
818831,B,J
818783,B,J
818712,D,J
817911,C,C
717813,B,J
818713,A,J
818594,B,J
817401,B,J
818698,A,J
818631,C,J
818586,C,J
818564,B,J
818556,D,I
818550,E,J
818487,B,J
818407,A,J
818392,B,J
818395,B,J
815288,B,B
818399,D,J
818376,B,J
682952,F,F
814316,B,J
818350,B,J
815368,B,J
818331,D,J
818300,D,J
818299,A,J
818265,A,J
814188,B,I
818267,B,J
816334,B,J
818199,C,J
818180,B,J
818175,D,J
818153,A,J
817723,A,J
818015,B,J
818003,B,J
817980,B,J
817770,B,J
816779,E,J
817951,E,J
815210,B,J
817953,D,I
817942,B,B
817929,A,J
810151,B,J
817884,B,J
817877,B,J
816557,D,J
817882,C,I
814681,B,J
817854,G,J
817816,C,J
817826,C,J
817301,C,J
817797,D,I
817805,B,J
816755,B,J
817789,B,J
813815,B,I
773677,E,J
817777,E,E
817753,C,J
817747,A,J
817184,F,F
817727,A,J
817698,B,J
817686,B,J
817669,A,J
817676,B,I
813588,D,J
817611,D,J
812171,C,J
817600,D,J
817581,A,J
817580,D,I
816167,A,J
817371,B,J
809473,A,J
812462,A,J
817331,B,J
817326,C,J
817312,D,J
817244,A,J
799187,D,J
817202,E,J
817195,F,J
817187,B,J
808830,B,J
816547,B,J
816937,B,B
817088,C,J
817000,D,D
816983,C,J
816954,B,J
816934,B,J
816447,C,J
815611,B,J
816845,C,J
816811,A,J
816765,A,J
803318,C,J
815394,B,B
813929,A,J
816698,A,J
816538,C,J
816694,C,J
816677,D,J
816605,D,J
816541,B,B
810838,A,J
816388,B,J
816600,F,F
816351,F,I
816529,C,J
815518,B,J
816546,C,J
812777,A,J
816536,B,J
814328,B,J
816407,C,J
812474,A,J
816448,B,J
816484,C,J
815843,A,J
814740,E,J
816456,B,J
802048,C,J
816414,E,H
816399,C,C
816395,F,I
815123,E,J
803924,B,I
816354,D,I
759210,E,I
816321,C,J
816315,A,J
816287,C,J
816307,B,J
809800,A,J
816274,B,J
814243,C,J
816247,A,J
814312,C,J
816202,B,J
816175,C,I
815738,A,J
816103,C,J
816023,B,J
816096,A,J
809779,C,C
811750,E,J
816061,C,I
812053,A,J
816029,B,J
811045,A,I
815264,B,J
815958,A,J
815910,E,J
815946,D,J
815918,B,B
815909,E,J
814714,E,E
815082,A,J
815833,B,J
810622,D,J
815793,B,J
815207,A,J
815007,A,J
814262,A,J
815660,B,J
815531,E,J
815590,A,J
815607,A,J
797241,C,I
815573,A,J
815553,B,J
815541,B,J
807095,C,I
815522,B,J
815327,A,J
815397,D,J
813191,B,J
796725,B,J
815479,C,I
815431,D,I
815446,A,J
737834,D,J
815363,B,J
809785,A,J
815248,B,J
815357,B,J
815350,D,J
815104,D,I
815326,E,J
813135,A,J
815319,C,J
810011,A,J
814147,E,J
808708,C,J
798571,D,J
815183,A,J
815102,A,J
815174,A,J
815155,D,J
814911,A,J
815142,B,B
815170,E,I
815157,A,J
815149,A,J
815119,C,J
812051,C,H
815115,A,J
812527,C,J
815085,B,J
815086,E,J
813794,B,J
815073,B,J
815057,C,J
804226,D,I
807448,C,J
814921,A,J
814946,B,J
814939,B,I
814891,D,J
814875,A,J
801545,D,J
814816,E,I
814800,B,J
814785,B,J
813291,C,J
814752,E,J
802074,E,E
814410,B,J
811172,D,J
814682,B,J
810954,B,J
800111,A,J
814629,B,I
814621,G,J
814575,B,J
814509,C,I
814512,D,I
814523,E,E
814500,A,J
814454,B,J
814132,D,J
814375,F,I
814378,B,J
814373,C,J
813015,C,J
814347,B,J
814318,D,H
790160,A,J
814232,C,J
814265,B,J
812943,B,J
814049,B,J
780717,B,I
809202,C,J
814138,A,J
814124,B,I
809975,B,J
814053,D,J
814034,C,J
814027,F,J
812580,B,J
813780,E,I
813997,B,J
810922,B,J
813974,B,J
813978,E,E
813908,A,I
813952,B,J
812172,C,J
812894,C,C
813928,C,J
813926,C,I
777793,E,E
798804,B,J
813846,C,J
813821,A,J
813796,A,I
813817,C,J
813783,B,J
813659,B,J
811215,C,J
813696,E,J
812739,B,J
813725,C,I
813706,B,J
805466,B,J
813680,A,J
812696,B,J
813605,D,J
796251,E,J
812307,D,J
813463,A,J
812571,C,I
813415,A,J
809660,D,J
813383,A,J
812314,D,D
813223,B,J
795609,B,J
813170,C,J
813179,E,E
805307,A,J
813125,A,J
788341,B,J
812936,B,J
813107,A,J
813036,F,J
813082,C,I
813003,B,J
813028,A,J
702706,B,J
778534,B,J
812153,A,J
812949,B,I
812958,B,J
812931,C,J
812794,C,J
812803,C,J
806073,A,J
812779,D,J
812737,B,J
812628,C,I
812332,A,J
810372,D,I
812624,B,J
812614,A,J
812608,E,E
810905,C,J
812148,D,J
812618,B,J
812619,E,I
811676,D,D
812577,B,I
812517,B,J
812190,A,J
812521,A,J
810487,B,J
807734,B,J
808799,D,I
812459,B,I
812457,A,J
812452,D,I
812247,B,J
812422,B,J
812411,C,J
811377,A,J
812407,F,I
812394,F,F
809684,A,J
811445,B,J
812368,A,J
812320,A,J
800343,F,J
812202,E,H
812192,A,J
812145,A,J
811924,E,J
811503,C,J
812114,C,J
812086,B,I
812097,C,J
809380,C,I
810558,D,J
811941,B,J
811942,A,J
811923,C,J
811913,B,I
811881,E,E
811825,C,C
811822,B,J
811771,B,J
808551,B,J
811761,B,J
811729,A,J
803032,A,J
806786,B,J
811616,A,J
811646,B,J
811685,B,J
811180,D,J
811633,F,J
811564,E,E
796993,E,J
805593,A,J
811558,B,J
811533,A,J
810589,B,J
799961,C,C
811527,D,J
811519,B,J
811512,A,J
811497,C,J
811513,E,I
811491,B,J
811484,D,J
810775,B,J
811239,B,J
801277,D,I
811406,C,J
811395,A,J
811363,B,J
804362,C,J
805151,B,J
806286,B,J
811348,B,I
811342,D,J
810924,B,J
811317,B,J
811320,D,J
811269,B,J
810261,C,C
811230,C,J
791047,C,J
811157,D,J
811171,A,J
810669,B,I
811100,B,J
808326,C,J
788687,A,J
811065,D,J
810849,D,J
811018,B,J
810987,E,I
807551,D,J
804008,A,J
810536,B,J
810929,B,J
803788,A,J
810895,B,I
810884,C,J
810661,D,J
810774,A,J
810752,D,J
810756,E,J
810724,B,J
810745,F,F
810737,B,J
806151,E,J
810696,B,J
810695,D,J
810683,F,I
785689,C,J
810631,B,B
810611,D,J
810629,A,J
810587,E,I
807138,C,C
809236,E,I
810514,A,J
810509,F,J
810435,A,J
806609,B,J
810251,B,I
810333,D,D
810326,D,I
810303,B,I
810280,A,J
810273,A,J
810256,B,I
810224,B,J
805504,E,J
810188,C,J
810177,B,J
611641,B,J
810093,B,I
810142,D,J
810122,E,I
809036,A,J
810107,E,I
810094,A,J
807939,B,J
809503,B,I
797070,C,J
810047,B,I
810054,C,J
809934,E,I
809996,B,B
763383,C,J
809956,C,C
809958,C,J
809947,D,J
809169,C,J
787806,E,J
806018,B,I
809846,C,J
809799,A,J
809768,B,J
809824,B,B
809814,C,J
809797,A,J
809801,D,J
809780,B,J
809776,C,I
785543,B,J
809713,B,J
809720,A,J
809700,E,J
809698,C,J
809685,C,J
809667,B,B
808366,C,J
809611,D,I
808689,F,J
808578,B,J
805289,E,J
809559,E,J
802123,D,J
809114,B,J
809494,E,E
809092,C,C
809480,B,J
806491,C,I
809298,B,I
809393,A,J
809383,A,J
809364,C,I
809321,A,I
809327,B,J
792792,B,J
807957,D,J
809249,D,J
809262,A,J
809245,D,J
809216,A,J
809235,D,H
809149,B,I
785410,B,J
809174,B,J
809142,E,J
807799,C,I
809072,B,J
809123,D,J
803785,C,J
809091,B,J
809095,B,J
809076,E,I
808999,B,J
809015,A,J
809008,B,J
809003,A,I
807753,B,J
808994,D,J
808963,A,J
808985,B,I
808981,B,J
804581,B,J
777395,C,I
808056,A,J
808952,B,B
808954,B,J
808798,A,J
808923,B,J
803728,C,J
808902,C,J
808861,C,C
790748,B,J
734373,C,I
808800,B,J
808797,B,J
804565,B,J
808649,C,I
808655,B,J
808723,E,J
807523,D,I
807971,A,J
808665,C,J
808659,C,I
808650,D,I
808631,C,J
808531,C,C
785876,E,J
808569,A,J
808562,C,J
808532,A,J
808070,E,I
808496,D,J
808292,A,J
808478,A,J
808443,A,J
808459,D,I
808396,B,B
808436,B,J
806824,A,J
808408,C,J
808311,A,I
808011,C,J
808395,F,F
808268,A,J
808321,E,I
796114,A,J
805785,A,J
807069,B,J
808237,C,J
808247,A,J
808239,B,J
807649,B,J
801564,B,B
808186,B,J
808182,A,J
797777,A,J
802733,A,J
808129,B,J
806723,B,J
808071,B,I
808113,B,J
808039,E,I
808022,D,D
808015,C,I
807968,B,J
807961,A,J
806698,D,D
807954,F,I
806526,B,J
807941,D,J
800498,C,J
807808,D,J
807879,B,J
807820,A,J
805279,E,I
806667,A,J
807144,B,J
807323,D,J
806516,B,J
807724,D,J
807747,A,J
807743,A,J
807728,A,J
807705,D,D
786035,C,C
807679,C,J
795595,B,B
807631,B,J
807635,B,J
807043,A,J
779618,C,J
807350,C,I
807547,B,J
807513,B,I
764541,D,J
807517,B,J
807510,B,B
807491,A,J
807500,F,I
805912,A,J
807407,A,J
807184,C,I
807326,B,J
807298,B,J
807271,D,J
803509,E,J
804090,B,J
807193,C,J
807257,D,D
807183,A,J
806904,B,J
807200,D,J
788059,E,E
807212,A,J
807187,C,I
807180,D,J
807176,F,J
807170,B,J
807163,D,J
807160,C,J
807060,A,J
807143,B,J
807142,F,I
805318,A,J
807120,A,J
807040,B,J
805775,D,I
807020,A,J
807005,F,I
806989,C,I
806959,A,J
806960,B,I
806946,A,J
806913,C,J
805296,C,J
806925,A,I
803884,B,J
806884,F,J
806888,D,J
806883,A,J
806870,B,J
805242,D,J
805524,C,J
806869,A,J
806864,C,C
806856,C,J
805141,E,J
806804,C,I
806798,A,J
806581,E,J
806772,B,J
806777,B,J
806771,D,I
806736,A,J
801105,B,J
806722,A,J
806636,F,F
806629,C,J
806573,B,J
806504,B,J
806487,D,J
806476,D,D
806442,C,J
806426,E,E
806399,B,J
806406,B,J
806358,E,E
805887,C,J
799135,C,J
806322,C,J
806271,A,J
806250,D,I
805996,F,F
806221,B,I
806164,E,I
806211,C,J
805588,A,J
806215,A,J
799585,C,C
802930,C,J
805829,C,J
806146,B,J
802444,E,J
806126,C,I
805699,A,J
806080,C,J
806081,C,J
806051,D,J
806075,D,J
804154,C,J
784950,A,J
806046,C,J
806056,C,J
805854,C,J
804002,B,J
806044,B,J
793006,B,J
806010,D,J
803014,B,B
804566,A,J
797490,B,J
803519,B,J
805933,A,J
805934,A,J
805919,C,J
784517,B,I
804793,E,E
805905,B,J
805889,A,I
803964,E,J
805786,A,J
805833,D,J
798390,C,C
805803,E,J
805764,E,J
754827,A,J
784538,C,J
805766,B,J
805740,B,J
802789,D,J
805743,A,J
805706,D,J
805692,A,J
805663,C,J
805646,A,J
805605,A,J
801300,A,J
804981,A,J
805579,A,J
805576,B,J
805545,A,J
805501,A,J
792784,D,J
801189,D,D
805364,C,C
805402,A,J
805365,B,J
805378,A,I
805361,D,J
805342,D,I
799595,F,J
805331,C,J
805295,C,I
791612,A,J
804751,A,J
805284,C,J
804800,A,J
805227,A,I
805142,A,J
805134,C,I
805082,F,F
805064,B,J
765919,A,J
802144,B,J
804919,B,J
804959,B,I
804980,D,J
804982,A,J
804971,B,J
804949,B,I
804920,B,J
804918,B,J
802095,A,J
804807,E,E
804871,B,J
804141,D,J
804865,C,J
804829,E,J
804764,B,J
804831,A,J
804762,B,J
804708,C,C
797098,A,J
804703,D,J
804668,D,D
801912,D,J
793656,A,J
804567,B,I
804560,E,J
804554,C,J
804539,B,J
804512,C,I
804500,E,J
804490,D,J
804412,D,J
804350,C,J
804338,B,J
804330,B,J
804318,D,J
804307,E,E
804308,B,B
760113,E,J
804260,B,J
768596,C,J
801591,B,J
804186,G,I
804184,B,B
804073,G,I
804070,A,J
804030,A,J
803977,A,J
799594,B,J
803921,A,J
803991,C,J
802652,A,J
803516,D,J
803960,B,J
803956,F,J
803881,B,J
803822,B,J
803831,A,J
803805,G,I
803783,C,J
802785,B,J
803745,A,J
803734,B,J
783506,B,J
799149,B,J
803702,C,J
794101,B,I
789774,B,J
803608,F,F
803544,C,J
803612,C,I
774287,C,C
803600,A,J
803593,C,J
803572,D,I
803560,C,J
803561,C,J
803553,B,J
803555,B,J
788797,B,J
801985,E,J
803452,C,C
803406,B,J
803393,B,J
803369,B,J
803352,A,J
803335,A,J
803294,E,I
803221,B,J
798434,E,I
790084,C,J
803241,B,J
803158,E,J
420363,B,J
800944,A,J
803217,A,J
803178,C,I
803192,A,J
802078,C,J
803159,B,J
803146,A,J
803115,A,J
803127,A,J
800317,B,J
794789,D,D
803053,A,J
803070,B,J
803056,D,I
802678,C,J
802641,E,J
803027,E,J
802967,B,J
802992,A,J
802988,B,I
802950,C,I
802942,A,J
802936,F,I
802932,A,J
798531,A,J
802685,B,J
802900,A,J
801744,C,J
802834,C,J
801794,D,J
802810,A,J
800353,B,J
802767,B,I
802757,B,J
802748,D,J
802724,B,J
798278,A,J
801410,B,J
802683,B,J
802656,D,J
802586,C,J
802621,B,J
795166,A,J
802591,B,J
801643,B,J
802561,D,J
801400,E,J
802539,E,J
802401,F,I
802536,B,I
801137,C,C
802521,F,J
801139,B,J
802509,B,B
802424,A,J
802201,D,J
801073,B,B
802075,C,J
801335,C,J
802435,A,J
802068,E,H
802351,D,D
802377,E,J
802368,B,J
802007,C,J
802348,B,I
802321,A,J
802247,B,J
802073,B,J
802269,A,J
780250,B,J
801373,C,J
802260,D,J
802236,C,C
802248,B,J
802200,E,J
802002,E,E
799468,B,J
802214,C,J
802173,B,J
802220,B,J
802185,A,J
801464,B,B
801873,D,J
729375,B,J
802151,B,J
797670,A,J
801027,D,I
771558,A,J
802097,A,J
802098,C,J
801839,A,J
801918,D,J
801883,C,J
801934,C,I
786687,B,J
801915,C,C
798764,B,I
801864,A,J
801852,F,J
801853,B,J
801857,A,J
801761,C,J
801843,A,J
790363,B,J
801657,D,D
801357,C,J
801448,A,I
801784,A,J
801771,E,J
801760,B,J
801741,C,J
801737,F,J
798517,A,J
801670,C,I
801655,A,J
801412,D,I
801598,B,J
801516,B,J
801544,B,J
798417,D,J
801554,C,J
799479,B,J
798045,B,B
798950,A,J
801037,C,C
801402,D,J
801461,B,I
801181,B,I
801249,E,J
801376,A,J
801429,B,B
801419,C,J
801361,D,H
800325,D,J
801285,B,J
801304,B,J
800886,B,B
801322,D,I
801307,A,J
801290,D,D
801226,B,J
801243,E,J
800865,B,J
796943,A,J
790736,C,I
801117,B,I
801124,G,I
801055,B,I
801059,B,B
801014,A,J
800997,A,J
800987,B,J
800976,A,J
799788,B,J
800968,E,J
788544,E,J
800934,A,J
800892,C,J
800878,A,J
800862,A,J
800864,A,J
799299,B,J
800824,F,J
800482,E,J
800631,B,B
800799,B,J
800785,B,J
800789,A,J
800652,A,J
795007,B,B
800724,D,J
800709,A,J
800690,D,J
800098,B,J
800662,C,J
800659,B,J
800653,C,J
798218,C,J
798747,E,J
799391,A,J
800472,C,C
800512,A,J
800490,B,J
800471,A,J
800481,A,J
798581,G,J
799452,B,J
800358,B,B
800250,B,B
800359,B,J
800340,D,J
800347,A,J
800184,E,J
800289,B,J
799313,C,I
800278,C,J
800264,B,J
800224,C,J
800233,A,J
800251,D,J
800239,D,I
800228,C,J
800204,C,J
800170,A,J
800132,C,J
800130,A,J
800122,B,J
782241,A,J
798511,C,I
800018,D,J
799994,A,I
800032,B,J
800034,D,J
798515,B,J
798525,C,C
799869,D,J
799805,B,J
799847,A,J
799871,B,I
799853,B,J
799789,F,J
799704,E,J
799790,A,J
799784,C,J
799783,A,J
799769,C,J
799768,C,I
799758,A,J
799733,D,J
799732,A,J
798375,C,J
792490,C,J
799644,C,J
799659,B,J
797819,B,J
792800,E,I
799609,B,J
799617,A,I
799588,C,J
798802,B,I
799552,A,J
772278,D,D
798744,E,J
799318,C,J
744759,D,D
799440,D,J
799024,B,I
799426,A,I
799383,B,J
794031,B,J
799345,E,J
769071,A,J
799326,A,J
798929,B,J
799271,C,I
799203,C,J
799199,B,J
799168,B,I
796981,C,J
799136,C,J
799092,A,J
799033,A,J
799050,A,J
799061,B,I
799028,D,D
799046,B,J
799045,C,J
787317,A,J
799007,B,J
798961,D,I
759174,A,J
798976,C,I
798972,C,J
798931,B,J
798922,C,J
798903,A,J
798229,E,J
751480,C,C
798812,D,J
798853,D,J
798828,C,I
798827,E,J
797529,C,J
798631,C,J
798801,C,J
798762,D,I
798729,A,J
798733,C,J
798731,C,I
798680,A,J
798687,B,J
798659,B,J
798551,D,J
798645,B,J
798607,A,J
798625,B,J
792324,B,J
796053,C,J
798596,A,J
798584,B,I
798595,B,I
777369,A,J
798589,E,E
775038,A,J
798091,F,J
767390,C,J
781839,C,J
798172,A,J
798510,B,J
798522,B,J
798504,B,J
792984,B,J
798501,B,J
798487,D,J
797684,F,I
798448,D,J
798429,B,J
798426,C,J
798356,A,J
798399,B,J
793904,E,J
798397,B,J
798391,A,J
798235,A,J
798385,A,J
797229,B,J
798352,A,J
760366,C,J
796984,A,J
798265,B,J
798282,A,J
798261,C,J
785621,B,I
798247,C,I
789347,B,J
796553,A,J
798147,D,J
798106,B,J
795264,D,J
798088,C,J
798092,C,J
797424,A,I
792636,A,J
797989,A,J
797871,B,I
797987,B,J
797959,A,J
797948,D,I
797932,B,B
797886,B,J
797821,A,J
786563,B,B
797739,D,J
797741,E,J
797693,C,J
796979,E,J
794591,D,J
797614,B,J
797545,B,J
797544,B,I
785505,C,J
797391,A,J
797423,C,C
797405,E,J
797351,B,J
797356,B,B
797350,A,J
797340,D,I
797336,B,J
797315,B,J
797316,D,J
797297,B,J
797281,B,J
797275,B,J
797250,D,I
797233,B,J
797179,D,J
797213,A,J
797209,C,J
796189,A,J
797157,A,J
793842,F,I
797112,D,J
797111,B,I
797102,D,J
789281,D,I
791615,A,J
797049,A,J
797001,B,J
796992,A,J
796975,A,J
796970,D,J
796962,D,J
796956,B,J
796929,C,J
796900,B,J
780124,D,J
796872,B,J
796597,A,J
796786,C,J
796776,F,J
794690,C,I
796759,B,J
796760,B,J
796735,B,J
796707,E,I
792713,A,J
770293,D,I
796685,B,J
796681,B,J
796676,B,I
796624,B,J
796619,A,J
791433,C,J
773063,E,I
795830,B,J
790479,D,D
796556,B,B
792949,C,J
795696,B,B
796502,E,E
796468,B,J
796404,B,J
796440,C,J
796431,D,I
795950,D,J
796402,C,J
796382,B,J
796355,A,J
796350,B,I
796318,B,J
796306,B,J
796295,D,J
786033,A,J
796276,C,J
795816,A,J
795773,A,J
795174,A,J
795748,A,J
796262,C,J
796187,B,J
795289,C,J
796194,C,J
795714,B,J
779478,C,J
792665,F,J
796177,B,J
796161,A,J
796137,D,I
796094,F,I
780216,D,J
795797,C,J
759469,A,J
796092,C,I
796096,D,J
791618,B,J
796082,C,J
796074,E,J
776949,B,J
794680,C,I
796043,C,J
796034,B,I
796024,B,I
795948,B,J
795919,B,J
795883,A,J
795884,A,J
795873,A,J
795867,A,J
795869,C,J
795022,B,J
749212,A,J
795811,C,J
795757,C,J
795701,D,J
795726,B,J
795685,F,J
795678,A,J
795569,D,H
795642,C,J
795509,A,I
792377,C,J
795570,C,I
795568,B,J
788944,A,J
795536,B,J
795539,C,I
795541,A,J
795522,D,J
791821,A,J
795498,B,I
795487,C,J
795467,G,I
788061,A,J
795461,B,I
795448,C,I
795438,B,J
794612,B,J
795409,C,J
795357,B,J
795377,A,J
795341,A,J
795376,A,J
795353,A,J
795344,C,J
790992,F,J
794722,B,J
795305,C,J
795290,C,J
794679,B,J
795281,A,J
794157,E,J
795260,B,J
794814,B,J
795254,B,J
795203,B,J
795194,D,J
782224,B,B
795119,D,J
795104,B,J
794580,D,J
791995,B,J
795056,C,I
795021,B,J
795030,A,J
794168,C,J
793091,A,J
789885,A,J
794922,B,I
794818,A,J
794889,D,I
794867,C,J
794858,D,J
787739,B,J
794855,B,J
787383,D,J
794835,A,J
794846,C,J
794827,D,J
794824,B,J
794760,E,J
794787,B,J
794796,B,J
793908,A,J
794666,A,I
793547,C,J
794608,F,J
794594,A,J
791229,A,J
794550,B,B
766354,A,J
794498,A,J
794466,A,J
793621,B,J
794496,A,J
794456,B,I
794455,B,J
794412,C,J
794423,A,J
794375,B,J
793182,B,J
794415,B,J
794397,B,I
794362,A,J
794329,A,J
794296,B,J
790135,A,J
794278,C,J
794268,E,J
794254,A,I
794252,F,I
794253,E,J
782440,D,J
794224,A,J
794197,C,J
787316,A,J
794020,C,I
794094,A,J
794040,A,J
794050,B,I
794023,B,J
793994,C,J
787086,G,J
793962,C,I
793977,A,J
793954,C,I
793950,A,J
793919,A,J
793921,A,J
782414,B,B
793889,B,J
793876,B,J
793898,A,J
793722,B,I
792694,F,J
787865,A,J
793642,D,J
793800,D,J
772665,A,J
793772,C,I
793748,A,J
793743,C,J
781504,C,J
792650,A,J
793212,C,J
791091,B,J
793653,B,I
793650,B,J
793575,B,I
793469,D,J
793544,E,J
793549,B,J
793502,B,J
793534,E,I
784486,A,J
793494,A,J
793476,A,J
793512,C,I
793482,B,J
793477,B,J
793479,C,J
793464,B,J
793460,C,J
793395,B,J
793449,C,I
793388,A,J
793421,E,E
793410,D,J
793368,D,J
792285,G,J
793346,C,J
793285,A,I
793341,C,J
793339,G,J
793243,F,J
793313,B,J
793282,B,J
793254,B,J
793239,A,J
791975,B,J
793039,C,J
793221,B,J
793134,B,I
790595,A,J
787915,D,J
792105,B,J
788280,D,I
791809,B,I
792555,B,I
792985,B,J
792981,B,J
792975,D,D
792945,E,E
791743,B,H
792683,A,J
790795,B,J
790807,B,B
792865,F,I
792768,F,I
792727,A,J
781216,C,J
792704,C,J
792705,A,J
770738,A,J
792691,D,I
792666,B,J
779698,F,F
792629,B,J
792395,C,H
792488,D,J
792534,C,C
792538,A,J
787803,C,J
792414,A,I
792463,A,J
792397,A,J
792413,D,J
787878,A,J
792392,B,J
792374,B,B
792347,B,J
792262,C,J
792325,B,J
792312,A,J
792220,A,J
792193,D,I
792290,C,J
792279,B,J
781984,E,J
792286,A,J
792034,E,I
792270,E,J
782463,F,J
792222,B,J
792191,B,J
791067,F,J
792166,C,J
792146,C,I
792042,C,J
792044,A,J
792092,C,J
792036,C,I
786394,D,J
792011,A,I
788395,G,J
791946,B,J
788401,A,J
791789,C,J
791903,A,J
791870,A,J
790464,A,J
791885,C,J
787174,C,I
790448,B,J
791842,B,I
791823,B,J
791801,B,J
791778,B,J
788919,C,J
788969,A,J
791741,G,I
790494,C,J
790502,B,B
791736,C,I
769357,A,J
788178,A,J
791611,B,J
790674,E,J
791599,A,J
791573,B,J
791406,B,J
791523,B,J
791082,B,J
788259,B,J
775996,B,I
791421,F,F
791105,A,J
779854,E,E
791409,B,J
791388,B,J
791323,D,J
791314,D,J
791307,C,J
791264,C,J
791258,C,J
789053,A,J
791004,A,J
790567,C,J
791217,C,J
781516,A,J
783552,B,J
791139,B,I
791118,A,J
791054,E,J
791041,A,J
791037,A,I
791012,B,J
790999,C,C
790974,A,J
782452,C,J
790969,C,J
790956,D,I
790958,B,J
790929,A,J
790899,A,J
790897,E,J
782655,A,J
790875,D,J
790863,C,I
787055,B,J
790830,B,J
790821,A,A
790775,C,J
661522,B,J
790735,B,J
790741,B,B
790731,C,J
790677,A,J
790666,D,I
790637,B,J
790629,C,C
790628,B,J
782647,C,J
790593,A,J
790586,D,J
790585,E,J
790581,A,J
790556,D,I
790491,B,J
790543,D,J
790539,B,J
783017,B,J
788374,C,J
790507,E,J
790499,F,H
790482,C,J
790476,A,J
790456,A,J
790213,B,I
790435,D,J
790337,C,I
790395,A,J
790382,A,J
790377,B,J
697044,A,J
790357,C,J
789955,A,J
790332,B,J
790302,F,I
788089,B,B
790210,D,J
789806,B,J
790125,B,I
790088,D,J
789895,C,C
790040,C,J
790036,B,J
787499,C,J
790021,B,J
789977,G,J
789971,A,J
786735,D,J
783667,A,J
789883,A,J
789864,F,J
789853,A,J
789875,B,J
789859,E,J
789683,D,J
788978,B,J
789847,D,J
789835,C,J
789827,D,J
789842,B,I
768930,F,F
788528,A,J
788923,B,J
789142,F,J
536728,B,J
789771,E,J
789788,B,J
789742,C,I
789739,C,J
784842,A,J
789706,B,J
789232,A,J
789658,A,J
789637,B,J
789641,B,J
789616,B,J
789602,A,J
789578,E,J
789560,B,J
789559,B,J
787062,A,J
789544,B,J
789527,B,J
780273,C,I
789506,B,J
789502,B,I
786333,B,J
789332,B,J
786438,B,J
789015,A,I
789335,D,J
789255,B,J
789305,C,J
789279,A,J
789249,B,J
787054,B,B
789237,C,J
789233,B,J
789194,A,J
788963,A,J
788929,B,J
789154,D,J
789144,A,J
789121,A,J
788033,A,J
789076,B,J
789064,C,J
785745,C,I
788986,B,J
789009,B,J
788865,D,J
789005,C,J
788994,C,J
787700,B,J
788234,E,I
788906,D,J
788954,E,J
788925,E,J
788920,B,J
788897,C,J
788914,B,J
788824,D,J
788842,E,I
788890,D,I
785240,D,J
788815,B,I
788794,B,J
788784,A,J
788798,B,J
788563,D,D
788761,B,J
788489,A,J
788661,B,J
788670,B,J
788686,A,J
788667,C,C
788621,C,C
782662,B,J
785081,B,J
788585,C,J
788538,C,J
788531,B,J
788571,C,J
784401,D,I
779836,A,J
788495,C,C
788396,E,J
780491,E,I
776493,B,J
788475,A,J
788464,B,J
786538,D,D
788458,F,I
783334,A,J
788376,D,I
788452,A,J
788372,C,J
788444,B,J
788113,B,J
788404,B,J
787808,C,J
788364,A,J
788334,C,J
788332,B,J
788329,A,J
788322,B,I
788299,D,J
788282,C,J
751582,A,J
782801,A,J
787748,A,J
787732,A,J
787285,C,C
788158,C,J
788163,C,J
784374,A,J
788149,B,J
788153,A,J
788120,A,J
744022,B,J
788131,E,E
788122,C,C
788117,B,B
773475,D,J
788049,D,J
787952,C,J
787951,E,I
787917,D,J
682618,A,J
786895,A,J
787891,A,J
784244,A,J
786655,B,J
787505,F,J
778004,B,J
787837,B,J
787860,C,I
787818,A,J
787795,E,J
787742,C,J
787712,F,I
787725,D,J
545987,B,J
787685,B,J
787099,D,J
787539,A,J
787654,A,J
787623,C,J
787083,C,J
787625,B,J
787572,B,J
787570,C,J
785079,E,E
787553,C,C
787524,C,J
787534,G,J
785995,A,J
787453,A,J
787437,C,J
787414,A,J
787394,D,J
785372,E,J
787398,E,J
785759,B,J
787410,E,J
787376,B,J
787327,D,D
787342,B,B
787219,B,J
787329,A,J
787325,B,J
772450,B,J
787304,C,J
787212,B,B
787290,F,J
784612,A,J
786304,C,J
787280,C,I
787262,C,I
785699,D,J
787128,D,J
787108,B,J
787214,B,J
787226,B,I
787217,B,J
787172,C,J
787170,A,J
787165,C,J
787148,C,J
786420,G,J
787098,D,D
787119,A,J
782974,D,J
787115,B,J
787093,C,I
724000,E,J
787064,B,B
787066,A,J
787056,C,C
787050,E,E
780622,B,B
763366,A,J
786991,B,I
786006,A,J
785656,B,J
780993,B,J
786975,C,J
786973,E,I
786940,B,I
786935,D,J
786959,F,J
786948,B,J
786901,A,J
786862,B,J
786870,G,J
781006,B,J
782884,G,J
786829,C,J
786825,E,J
786818,B,J
786798,C,J
775118,C,J
786759,C,J
785219,B,I
786784,F,J
786800,D,J
733727,D,D
786752,A,J
786739,D,J
786626,E,E
786678,B,J
785897,B,J
786676,C,J
782786,E,E
786633,B,J
786627,B,J
786611,C,J
786045,B,J
786552,A,J
786569,B,J
786567,C,J
786482,D,J
786529,A,J
786542,A,J
786520,B,J
786018,C,I
786464,F,J
785611,B,J
786125,C,J
786427,D,D
786433,A,J
786405,A,J
786376,B,I
771034,C,J
786397,B,J
784865,C,J
786325,B,J
786353,A,J
786339,B,J
786317,B,J
781137,C,C
786299,B,J
786288,C,J
786218,A,J
783823,F,J
786256,B,J
786253,C,J
786221,B,J
786214,A,J
785900,A,J
785616,B,J
786171,A,J
786165,A,J
786131,B,J
786142,B,J
786145,A,J
786073,E,J
786104,A,J
786099,F,J
786070,B,J
786034,A,J
785928,B,J
785983,B,J
785977,C,J
785986,C,J
785956,B,J
785965,B,J
785937,C,I
785931,E,J
785849,C,C
785929,B,J
779279,D,D
785927,A,J
785907,B,J
776677,A,J
785892,B,J
785842,A,J
785827,B,J
785813,A,J
785834,C,J
785802,B,J
785789,B,J
785783,B,J
785787,B,J
785786,B,J
609505,D,J
785767,E,E
784424,A,J
785765,C,I
785748,B,J
785710,F,J
785695,C,J
785702,B,J
785690,F,J
785696,D,J
785694,B,J
785670,B,J
785669,B,J
785667,A,J
785659,E,J
785630,A,J
785626,A,J
785619,B,J
785592,B,J
785035,D,D
783644,C,C
785583,B,J
785010,A,J
771090,E,I
771200,B,J
785419,C,J
785417,B,J
781124,B,J
784752,A,J
784204,A,J
785335,B,J
785275,A,J
785282,B,J
785249,A,J
785071,B,J
785030,A,J
785206,B,J
785159,B,J
785146,B,J
785057,B,J
785197,E,I
785069,C,I
781201,B,J
783810,B,J
783200,E,I
785148,B,J
785135,C,J
785128,D,J
785118,D,J
785098,B,J
785112,C,J
785053,A,I
785046,A,J
785020,A,J
785008,A,J
785018,B,B
784663,D,J
784946,A,J
784952,D,J
784938,A,J
784918,B,I
784893,A,J
784904,B,J
784902,B,J
784810,A,J
784806,B,J
784781,A,J
781693,C,J
784786,C,J
784784,C,J
784755,C,J
784746,E,J
784764,F,I
784742,C,J
784725,E,E
784299,B,J
784703,E,J
784728,B,J
784643,A,I
775135,B,B
782293,A,J
784660,C,J
784623,A,J
784597,A,J
784594,B,J
784584,E,J
784580,B,I
784569,D,J
784346,B,J
784485,A,J
784471,C,J
784434,B,I
784436,C,J
781104,A,J
780110,E,J
784380,A,J
784358,C,J
784317,A,J
784126,A,J
784305,A,J
784270,A,J
782172,B,J
784255,B,J
781309,B,J
784157,E,J
767098,B,J
784172,B,J
784065,A,J
780946,C,I
784098,E,E
784101,D,J
783983,D,J
783582,B,J
782699,B,I
784060,A,I
783997,B,J
783990,C,J
782454,B,J
783962,D,I
783904,E,J
783884,A,J
782960,E,J
783836,A,J
782989,B,J
776969,A,J
783423,B,J
760372,E,E
783731,D,J
783697,C,J
783614,A,J
783587,E,J
783561,A,I
782697,B,J
783521,B,J
783520,B,J
783437,C,J
783244,B,J
783326,B,I
783320,D,J
783190,A,J
783299,C,J
782615,A,J
782706,C,J
783229,D,J
780343,G,J
783175,C,J
783166,A,J
783174,C,J
783173,B,I
782188,A,J
783144,A,J
783094,A,J
762855,B,J
783011,A,J
783020,E,I
776165,B,J
781040,A,J
782563,B,J
765006,D,J
782922,B,J
782575,C,J
781284,B,J
782417,C,J
782425,A,I
782787,B,J
782727,D,I
770268,A,J
782749,A,J
781920,B,J
782387,E,I
782644,B,J
782593,E,J
782574,C,J
782572,E,H
782561,D,J
782543,A,J
782531,F,I
782519,A,J
739203,C,I
782520,A,J
782475,E,J
780854,A,J
782134,A,J
782282,A,J
781191,B,J
781712,A,J
782418,B,J
762898,A,J
782394,C,C
782264,A,J
768211,C,J
763616,D,J
782365,A,J
777608,A,I
782324,A,J
780516,D,J
782311,A,J
778772,A,J
782285,D,J
781775,C,I
778510,A,J
782260,C,J
781824,E,J
771915,B,J
782199,B,J
782177,B,I
782162,E,E
782129,F,I
781706,A,J
763947,E,J
751733,E,J
732187,A,J
781952,A,J
782088,A,J
779779,A,I
782049,A,J
782043,B,I
782041,D,J
782026,D,J
782020,C,J
782008,C,J
781998,B,J
781211,A,J
782002,D,J
781975,A,J
781904,C,J
778627,A,I
781842,A,J
781808,B,J
780008,A,J
781807,A,J
781781,A,J
776097,A,J
781758,C,J
780521,C,J
781687,A,J
781660,A,J
781666,B,J
781648,D,J
779366,B,J
781548,B,J
781514,E,I
781559,A,J
781558,F,F
781524,C,C
775014,C,J
779908,E,J
780159,C,J
778175,A,J
779076,A,J
781367,D,J
781388,D,J
781387,A,J
781407,B,I
781375,B,J
781366,B,J
781360,C,I
781320,E,J
780547,A,J
779386,G,G
781306,D,J
781298,B,J
741724,F,I
781269,D,D
779693,B,J
774690,G,I
781189,B,J
781217,E,J
781160,D,J
781089,D,J
781054,F,J
781044,A,J
780796,A,J
780992,C,I
774349,C,J
780910,D,I
780905,A,J
780884,F,J
776960,D,D
780798,C,I
778831,C,J
780369,D,J
780797,A,J
774938,F,J
780781,B,J
780809,D,J
778789,B,J
780636,D,I
780598,A,J
736716,A,J
780642,C,J
780578,C,J
780585,B,J
780490,B,J
780524,A,A
780445,D,J
771778,C,J
780509,D,J
780493,C,J
780472,D,J
779365,B,I
772806,D,J
779812,C,J
780385,A,J
780371,D,J
779039,A,J
780361,B,J
768835,B,I
780284,C,J
778770,D,I
780227,B,J
779107,A,J
780245,C,J
779855,D,J
780193,E,J
780179,A,J
780147,A,J
753703,D,J
777747,B,J
780087,A,J
778714,B,J
780079,A,J
780011,C,C
571647,B,J
779894,F,I
779182,A,J
770771,A,J
773205,D,D
779840,C,J
778195,F,J
750759,A,J
779684,B,J
779274,C,J
779764,C,J
779520,B,J
778303,C,C
779713,A,J
778646,D,J
779691,B,J
779680,C,J
779667,C,I
779459,A,J
779656,A,J
751748,A,J
774335,B,I
779448,B,J
779485,A,J
779487,D,I
778955,E,I
777639,C,C
779432,C,I
763611,B,J
779419,B,J
779411,C,J
779319,A,J
779346,C,J
778653,A,J
778768,D,I
778042,A,J
779326,C,I
761131,B,J
779275,B,J
779278,C,I
779272,E,E
779220,E,J
779255,C,J
778951,B,J
779194,D,D
779179,C,J
749298,B,J
779144,B,J
779062,C,I
779051,C,J
775593,A,J
776394,B,I
778997,D,I
779022,B,J
777765,C,C
768168,E,J
778976,D,J
778974,B,I
777791,C,J
778906,A,J
778904,A,J
777972,A,J
778154,A,J
778837,C,I
778827,D,D
778810,A,J
778747,A,J
768820,B,B
777876,A,J
771198,F,I
778713,D,J
766990,B,I
777508,A,J
778677,A,J
771055,A,J
778440,D,I
775926,A,J
778610,A,J
774447,B,J
778604,B,J
778616,B,J
778529,F,F
778517,B,B
778495,B,J
778480,E,J
778478,D,I
778457,A,J
778432,A,J
778240,A,J
778424,C,J
778410,A,J
778387,A,J
778329,D,J
778309,A,J
778300,D,J
778248,D,J
778280,B,I
750374,B,I
778237,B,J
778212,A,J
778150,C,C
768047,B,J
768319,D,D
778203,D,I
778156,A,J
778127,C,J
778172,B,J
778167,A,I
778171,D,J
774927,C,J
777838,B,J
777801,A,I
778111,B,J
778090,B,J
771744,D,J
778086,A,J
778066,C,J
778050,C,J
766483,A,J
777955,B,J
778012,C,J
777985,B,J
777904,A,J
777932,D,J
777929,B,J
769216,D,J
777898,A,J
776214,A,J
773030,C,J
777779,A,J
768861,D,J
777849,B,I
777854,E,I
777855,F,J
766104,C,J
776333,B,J
775388,C,I
777826,G,I
777816,C,J
774577,F,F
777671,B,J
776126,D,D
775639,B,J
777770,C,J
777741,A,J
777771,E,I
777758,A,J
777761,B,J
777763,B,H
775542,E,J
777710,A,I
777693,B,J
777688,B,J
777634,A,J
777683,C,J
777661,C,I
774719,A,J
419640,D,I
751329,C,I
777581,E,J
777541,E,I
743336,B,J
777519,C,I
777509,C,J
776534,C,J
777500,C,J
777487,C,J
777448,C,C
777445,C,J
777340,D,I
777380,D,J
776594,A,J
773467,A,J
777143,A,J
773002,D,J
777293,B,J
777303,A,J
777296,B,J
777271,A,J
777252,C,I
777239,A,J
777226,D,I
777217,C,J
777066,D,J
774240,C,J
777181,A,J
777134,B,J
777151,B,J
777141,C,J
777138,D,J
776742,A,J
775556,A,I
777019,E,J
776948,A,I
776995,A,J
775547,B,J
776743,B,J
776238,C,J
773228,B,J
769917,A,J
776809,F,J
776778,B,J
776776,E,J
776673,A,J
775418,B,B
776564,A,J
776547,D,D
776506,C,J
776508,D,J
773236,B,J
776463,B,J
776465,D,J
776466,A,J
776449,C,J
776440,E,J
776422,D,J
776397,B,J
756833,D,J
775332,C,J
776320,B,J
775475,A,J
776249,A,J
775351,B,B
776226,A,J
776221,B,I
756978,A,J
776187,E,E
765714,A,J
776091,D,J
776098,D,J
776055,A,J
771628,B,J
776019,E,I
776021,E,I
776010,A,J
766947,A,J
775876,B,J
775875,A,J
775858,B,J
775865,A,J
736037,C,J
775804,B,J
775782,A,J
766808,A,A
775726,F,I
775490,B,J
775712,E,I
775705,B,J
775663,B,J
775294,B,J
775658,A,J
775656,A,J
770112,B,J
775634,D,I
770450,C,J
775614,A,J
775551,C,I
771795,A,J
774171,C,I
775529,B,J
775502,D,J
775469,C,J
775453,D,J
775434,A,J
775442,C,J
775432,A,J
775416,E,J
775378,D,H
775360,A,J
770095,G,J
775331,B,J
774733,D,J
775231,A,J
775233,D,J
775201,A,J
775213,A,J
773995,B,J
775175,D,J
773868,B,J
771503,B,J
774770,D,D
775046,A,J
775126,D,J
775125,D,J
773909,D,J
775127,F,F
774286,B,J
774816,B,J
775086,A,J
775051,B,J
762932,C,I
774888,D,J
774199,D,J
775010,F,J
775020,B,I
774931,D,J
774984,B,J
774919,D,I
772287,A,J
774964,A,J
774957,A,J
772043,B,I
774884,D,J
774869,A,J
772251,B,J
771894,C,J
774836,B,I
774817,A,J
709890,D,J
774758,C,I
774155,A,J
766961,B,J
774664,D,J
774683,A,J
774663,B,J
772715,C,J
774612,B,J
774632,B,J
774609,E,I
774449,D,J
774573,B,I
774533,A,J
774536,B,J
774455,C,I
774453,F,J
774484,B,J
773935,B,I
773732,A,J
774458,A,J
774454,F,I
774432,A,J
774426,A,J
769691,A,J
774428,C,J
774416,A,J
774408,B,J
774336,E,J
774055,C,J
774318,C,C
774290,D,I
774295,B,J
772732,E,I
774265,B,J
762032,B,J
774258,E,J
774260,B,J
774252,C,J
774230,B,J
774216,D,I
774182,A,J
774207,C,J
773926,A,I
774142,B,J
774039,C,J
774077,B,J
772705,C,J
774066,D,I
774063,E,J
774013,B,J
773223,C,J
771972,D,I
773949,A,J
773911,C,J
773438,C,C
773883,D,J
773835,C,C
773834,C,J
773833,A,J
772186,C,J
773787,B,J
773791,C,I
769618,A,J
763640,E,E
703702,C,J
773654,B,J
773649,A,J
773619,B,J
772157,G,J
771296,A,J
773550,A,J
772924,F,J
773533,A,J
771900,B,J
773414,C,I
773362,B,J
773354,B,J
773247,C,J
773300,A,J
773298,E,J
773009,A,J
773278,F,F
773225,B,J
773235,A,J
773117,D,J
772803,B,J
773119,C,J
773111,A,I
773092,D,I
773040,D,D
772458,A,J
761049,B,J
772928,C,J
772684,D,J
772430,A,J
772725,B,H
772910,B,J
772883,C,J
772890,B,J
772507,A,J
772821,B,J
772827,B,I
772816,C,J
770068,A,J
772807,A,J
753482,B,J
772794,D,J
772690,B,J
772788,A,J
772786,A,J
772787,C,J
772782,B,I
772775,D,J
769636,D,I
772722,D,J
772704,C,J
772701,C,J
772702,B,J
772682,C,J
772694,C,J
772189,A,J
772651,A,J
771076,A,J
772370,B,B
772608,B,J
772597,A,J
772603,A,J
772558,A,J
772054,E,J
602583,D,J
772516,D,I
772326,E,I
768465,A,J
772392,A,J
772361,B,J
772405,F,F
771171,G,I
772333,D,J
772351,A,J
758071,A,J
772330,B,B
772296,B,J
772288,D,J
772290,B,I
772265,B,J
772289,C,C
756890,D,J
772268,B,J
764338,B,J
750608,B,J
772226,A,J
772199,B,J
772158,B,J
772112,C,I
772058,B,J
771526,B,J
772020,A,J
772013,B,J
707368,C,C
771997,A,J
771984,C,H
749765,C,C
771899,A,J
771896,C,J
766245,F,J
770998,B,J
760823,A,J
771280,C,J
771820,B,J
771835,A,J
770836,D,I
771812,A,J
770260,B,J
771779,F,F
771161,A,J
765661,E,I
771753,A,J
771730,C,I
771711,C,J
771695,A,J
770407,C,C
771612,C,J
771620,B,J
766379,A,J
771337,B,J
770901,D,J
771560,B,J
771564,B,J
771545,D,D
768911,D,J
771531,B,B
771528,B,J
771120,D,J
771518,C,C
771516,A,J
771517,B,J
769906,C,I
771489,D,D
771377,E,I
771460,B,J
771466,C,J
771328,B,J
771439,B,J
771451,C,I
771415,B,J
771413,D,J
771410,C,J
771406,A,J
769763,B,I
766987,D,J
771318,F,J
771339,A,J
756041,E,E
771322,B,J
771315,C,J
758928,C,J
771312,A,J
771304,B,I
771298,B,J
771287,C,J
771203,B,J
771199,D,J
770799,C,J
771082,A,J
770058,A,J
771105,B,J
750620,D,J
770757,C,J
750889,E,J
770091,A,J
770980,F,I
770913,C,J
737936,G,I
770949,B,J
758995,B,J
750390,B,J
770922,B,B
770921,D,J
769831,A,J
770892,D,I
754673,C,J
770888,B,J
770872,B,J
770865,D,I
770849,B,J
770841,A,J
770819,B,I
752205,C,J
770806,B,J
765676,B,J
770783,D,J
770773,C,J
770659,A,J
770747,A,J
770743,A,J
770716,D,D
770669,A,I
770645,C,J
770618,A,J
770528,B,B
770520,D,J
770503,A,J
769704,C,J
770357,B,J
770284,C,I
770137,C,J
769716,A,J
770214,D,J
770155,B,J
770177,D,I
766151,E,J
770139,D,J
770159,B,J
770143,A,J
769604,G,J
767988,A,I
770105,C,C
770080,C,J
770060,B,J
762082,F,J
770031,A,J
769189,B,J
770036,C,J
769217,B,J
770000,C,J
765994,A,J
769973,F,H
769964,D,J
769930,E,I
769892,B,J
760124,C,J
764106,A,J
769867,A,J
769744,B,I
769839,B,J
769818,B,I
769810,D,J
769795,B,I
768475,B,J
769803,A,I
768995,B,I
769756,A,J
764358,B,J
720618,D,J
769706,E,I
769692,A,J
769685,B,B
759684,C,J
769687,C,J
769655,A,J
769616,A,J
769653,F,J
768277,B,I
769643,B,I
769628,B,J
769629,B,J
721706,C,C
746235,A,J
752994,D,J
769582,C,J
769572,D,J
769578,C,C
769566,B,J
769561,A,J
769560,A,J
769559,B,B
769202,B,J
769551,B,J
769533,E,E
769522,A,J
769423,A,J
752315,C,J
768279,A,J
769491,D,I
769458,B,J
769448,A,J
768783,B,J
769341,A,J
768375,D,J
769325,A,I
769308,C,J
710759,A,J
769235,B,J
769206,C,I
767151,C,J
769201,D,J
767533,A,J
769142,D,D
769114,C,J
767654,D,I
767243,C,J
769111,B,J
769097,C,J
767658,A,J
768882,C,J
769027,B,J
733448,C,I
769037,F,J
768992,A,J
769025,B,J
768396,D,D
768611,D,J
768959,B,J
768960,B,J
768963,B,I
768946,F,I
768907,A,J
768949,A,J
767989,D,I
768140,A,J
768909,A,J
768874,A,J
768774,C,J
768888,D,J
768890,A,J
768876,E,J
767418,A,J
768837,A,J
768832,B,J
763967,B,B
768796,C,J
768767,C,J
768762,B,J
768758,C,J
768744,C,J
762290,C,J
768747,C,J
768735,B,J
768605,C,J
768643,B,B
768644,B,J
768638,D,J
768628,C,J
768635,B,J
768612,C,J
768615,D,J
768295,B,J
765887,B,J
768516,B,J
768524,C,I
768552,C,I
768498,A,J
768471,C,J
768477,A,J
741591,C,J
768450,C,J
757255,A,J
767427,A,J
757181,B,J
768414,C,I
768394,A,J
767254,A,J
768391,C,C
768404,C,J
768364,B,J
768276,D,I
768076,A,J
768334,F,I
768335,C,I
768321,B,J
767352,D,J
768313,D,I
768307,A,J
768294,B,J
768254,C,J
759507,B,J
626254,B,J
732882,C,I
767583,E,I
763315,A,J
768181,A,J
766382,C,J
768202,A,J
768189,D,I
768201,A,J
764108,B,J
768159,B,J
768172,B,J
766090,A,J
768158,A,J
768153,F,J
768143,C,J
767790,C,I
768107,E,J
768091,B,J
768080,B,J
768084,D,D
768056,C,J
763863,D,J
768070,A,J
768042,B,J
767220,F,J
747883,E,E
768020,D,J
760863,A,I
765512,B,J
767944,B,J
764963,D,I
767902,C,I
767882,F,F
767286,C,I
766154,B,B
767652,B,J
766902,E,J
767639,B,J
764985,B,I
767819,D,J
767814,C,J
767805,E,J
767799,B,J
767757,B,I
767746,A,J
767687,C,I
767579,A,J
767614,F,J
767598,B,J
767580,D,J
767550,E,J
767584,B,I
767588,E,J
767586,B,J
767455,A,J
756300,B,J
767495,B,J
767511,A,A
762950,C,J
767464,C,J
761033,D,J
767411,C,J
743289,C,J
766784,A,J
767358,A,I
767262,B,J
767265,A,J
766131,E,J
767325,D,D
765317,B,J
762956,F,J
761597,C,J
757747,D,J
767252,F,J
767232,C,J
767012,B,J
723436,B,J
767189,B,B
767163,B,J
767054,E,J
767061,A,J
767075,A,J
767009,C,C
767014,B,J
766830,E,I
766999,C,J
766973,A,J
766964,A,J
764940,F,I
766950,B,B
765413,A,J
766890,B,J
766911,B,J
766881,B,J
766861,D,J
765567,B,B
766828,B,J
766781,C,J
766772,B,J
766765,D,J
752015,A,J
766739,D,J
766639,B,J
765474,E,I
766668,B,J
766671,E,J
766608,C,I
766616,C,C
766593,E,I
766532,G,J
766515,C,I
762697,B,J
766503,B,J
765963,A,J
766419,B,J
759192,D,I
766400,B,J
766373,A,J
739822,D,J
764500,A,J
766293,B,I
765968,A,J
763834,C,J
766148,B,J
752920,C,J
766091,A,I
766212,E,J
766191,A,J
748579,C,J
766159,A,J
765763,B,I
766128,C,I
766106,D,J
763356,C,J
766102,B,J
766075,A,J
765812,B,J
766045,B,J
766050,C,J
765998,D,J
764267,B,J
764350,A,J
737718,A,J
765961,C,J
765850,F,J
765726,F,J
765864,D,J
765813,D,I
765156,A,J
765802,A,J
765780,E,J
765768,D,D
765751,B,B
765674,B,J
765735,A,J
743624,D,J
765694,D,I
626903,B,J
765683,B,J
765692,A,J
759139,A,J
765598,B,J
765570,B,J
765521,D,J
765508,B,J
765479,C,I
765440,B,I
763797,A,J
763901,B,J
765406,C,J
765209,A,J
763337,C,J
765368,B,I
765334,B,J
765316,A,J
764916,E,J
762330,B,J
765295,D,D
765267,B,J
763601,B,I
760810,A,J
764201,A,J
765226,E,J
765206,C,J
765162,B,J
765193,A,J
765146,D,J
765145,A,J
765141,E,E
762765,A,J
765133,A,J
765126,A,J
758486,B,J
765094,C,I
764093,E,E
751920,B,J
765086,B,J
764893,F,J
733721,B,J
765027,B,B
765045,B,J
765039,E,I
765044,E,J
765022,B,I
765011,A,J
764264,D,J
764995,B,J
764953,B,J
764948,C,J
757166,A,J
760519,D,I
757305,C,C
764749,A,J
764852,A,J
763675,A,J
764769,B,B
764779,A,J
764775,B,B
763325,D,I
764255,E,J
764628,B,J
764754,E,J
764750,B,J
764687,A,J
764711,D,J
764666,F,J
749598,C,C
760850,B,B
764671,E,J
764670,C,C
764623,A,J
764624,B,J
764618,A,J
764577,D,J
764588,F,J
764593,A,J
764563,B,J
762306,A,J
764483,D,I
764505,D,J
764024,C,J
763380,C,J
764351,B,B
762117,C,J
764366,D,J
764365,B,B
764376,C,I
745778,D,J
757402,C,C
762910,B,J
764332,A,I
756725,D,J
764296,A,J
764297,A,J
750934,B,J
747663,A,J
764165,D,J
764228,D,I
764236,C,J
764191,C,J
764195,A,J
764198,C,C
764173,D,J
764124,E,I
764136,A,J
764147,B,J
764097,D,J
764070,D,J
762279,A,J
764047,D,J
751142,E,J
762989,A,J
763950,D,J
763931,E,J
754158,D,I
763930,B,J
763907,F,I
763883,E,I
761413,B,J
763793,B,J
763855,A,J
763844,C,J
763723,A,I
763762,B,J
763767,C,J
763753,D,I
763737,A,J
763694,D,J
758263,D,J
763027,B,J
763665,E,I
763623,B,J
763634,D,J
763625,G,J
763555,C,J
763270,A,J
763527,C,C
763547,E,I
763505,B,J
763506,D,J
763491,D,J
763437,B,J
753784,A,J
763432,A,J
763319,B,J
763362,D,J
763355,A,J
763401,C,I
763360,A,J
763211,B,J
763310,B,J
763330,A,J
763306,A,J
763314,A,I
763295,B,J
763274,D,I
763283,D,I
763281,E,E
763262,G,J
762637,C,J
763180,B,B
763106,A,J
762370,B,J
763107,A,J
763033,C,C
761871,A,J
763067,E,I
762867,B,B
763043,A,J
763024,B,J
761753,C,I
762993,A,J
762865,F,J
762783,F,F
762963,D,D
725515,D,J
762304,B,J
762894,E,H
746901,B,J
762923,E,E
762885,B,J
762908,B,J
762881,C,J
762895,F,I
762890,E,E
762870,E,E
761992,E,J
762174,E,E
762857,D,J
762858,B,J
755916,E,J
745486,B,J
760250,C,J
761050,C,J
762799,A,J
760164,C,I
762788,A,J
761721,A,J
762735,D,I
748786,B,H
762710,B,J
762630,D,I
762590,C,I
762576,D,J
762580,B,B
762571,A,J
762550,B,J
762547,B,B
762019,E,J
739481,A,J
762525,D,D
762510,C,C
762494,B,J
762128,B,J
760521,A,J
757952,C,J
742498,D,J
762053,B,J
759631,B,B
762420,A,J
762415,C,J
762383,B,J
761613,C,J
762357,C,J
757754,C,I
762334,A,J
762305,E,J
758355,D,J
762048,E,E
762298,D,J
762317,D,I
762284,B,J
762239,E,J
759589,B,J
762192,E,E
761993,B,J
762143,B,J
762147,E,I
760992,B,J
762065,C,C
762087,C,I
760487,C,J
762076,D,J
762080,B,J
762078,D,J
745255,G,I
762037,B,B
762021,A,J
762041,B,J
762000,B,J
762033,C,J
762003,A,J
761961,A,J
758528,A,I
761949,A,J
761951,B,J
755475,D,J
761924,B,I
761893,B,J
761921,B,J
761698,C,J
756020,B,J
760849,A,J
761890,C,C
761855,C,I
761831,B,J
761781,B,I
761798,D,I
761797,B,J
761764,E,E
632417,F,I
761733,A,I
761722,E,J
761732,D,J
761715,D,J
761659,D,J
761647,B,J
751706,B,J
759314,A,J
761632,C,J
761604,B,I
761600,B,J
761596,D,J
761566,E,I
761261,B,J
741982,C,I
761540,B,J
761524,E,J
761509,B,J
761499,A,J
761460,C,J
761469,A,J
761412,C,J
761407,B,J
760049,A,J
761390,B,J
760967,A,J
759041,C,J
761214,C,I
756117,D,I
761225,A,J
758921,B,J
761163,D,J
761158,B,J
761100,D,J
761090,A,J
761083,B,J
761062,C,J
759476,D,J
761003,D,I
760737,C,J
760029,D,I
759505,D,D
760899,A,J
760824,B,J
760833,C,J
760726,A,J
760683,A,J
760712,A,J
760738,A,J
760731,B,J
760715,C,J
760714,E,J
760677,B,J
734957,F,F
760654,B,J
760632,B,J
760618,C,J
760633,D,J
751937,F,I
751200,A,J
739397,B,J
760529,A,J
760496,C,C
760526,D,J
760475,C,J
760488,C,I
752742,B,H
760455,A,J
759864,B,J
760425,A,J
760388,C,J
760338,C,J
760314,A,J
760328,D,D
759676,A,J
752905,D,J
759806,A,J
760215,E,E
760194,D,D
758317,D,D
760045,A,J
759881,B,J
758478,B,J
760011,A,I
759988,B,J
759969,B,J
759675,F,I
759943,A,J
759927,A,J
759923,C,I
759878,C,J
749861,E,E
759142,C,J
758300,A,J
759739,A,J
758046,C,C
758575,C,J
757023,B,B
759678,C,J
759673,C,J
759672,A,J
739077,B,J
755082,B,J
759441,A,J
759594,B,J
759583,A,J
759491,C,J
759566,A,I
756328,B,J
759551,A,I
759435,B,J
759467,E,I
759472,A,J
759508,B,B
759477,C,J
759456,C,C
759484,B,J
759452,D,J
759448,C,C
755920,E,E
759384,B,J
759397,B,J
759401,B,J
749604,D,I
759418,B,J
756604,B,J
755013,D,J
759372,C,I
759306,A,I
759277,E,J
759237,A,J
759281,E,E
759263,B,J
758947,A,J
759184,E,E
759223,D,I
759175,C,J
756112,C,I
745874,C,J
759106,B,J
755537,C,J
758944,E,J
759102,E,I
758811,B,B
759058,B,J
757001,A,J
758993,D,J
758841,C,J
758984,B,J
756653,A,J
758996,A,J
758440,E,I
753098,C,J
758964,B,J
758959,E,J
753996,C,C
758869,D,J
758889,E,J
756971,C,J
758813,C,I
758795,D,D
747638,B,J
757740,E,I
758751,A,J
758736,A,J
758717,C,J
749427,A,J
758723,F,F
757460,B,J
758672,D,I
296737,A,J
755647,B,J
758588,A,J
758597,E,I
758590,A,J
758592,D,I
755139,E,I
758526,B,J
758437,C,J
758321,F,I
758319,C,I
758259,B,J
758239,B,J
755887,D,I
758242,C,J
758218,A,J
758131,F,I
758172,A,J
758125,B,J
758048,B,J
758038,E,E
758033,F,J
757985,B,J
757964,D,I
757943,B,I
757934,B,B
757906,C,C
757895,A,J
757816,E,E
757804,A,J
755524,A,J
757733,C,J
757728,D,J
757710,C,C
754352,E,E
757694,F,J
756847,C,J
738203,C,C
757621,A,J
757612,A,J
757585,B,J
757349,B,B
757524,B,J
756456,C,J
746239,B,J
757451,D,J
757435,A,J
757393,E,J
757409,A,J
757381,B,B
752901,G,J
752830,E,J
757276,C,J
757109,F,F
757200,B,J
757106,C,C
757221,D,I
756510,C,J
757209,A,J
757203,B,J
753368,D,J
757198,A,J
757196,B,J
757185,F,J
452809,A,J
757135,B,J
734199,A,J
756713,D,I
757039,C,I
757012,A,J
756919,A,J
756928,D,I
756906,A,J
756891,A,J
756869,D,J
756858,C,C
756867,B,J
754104,F,J
756802,B,I
756799,D,J
756794,C,J
756745,C,J
756727,A,J
756669,C,C
755983,D,I
752732,C,C
756664,D,J
754357,A,J
756478,C,J
756429,A,J
756599,B,J
756579,C,J
756487,G,J
756483,A,J
756482,A,J
756472,B,I
756455,A,J
756435,B,J
756420,B,J
756402,A,I
756383,A,J
756327,C,J
756333,C,J
755335,E,E
735694,C,J
756326,D,J
756297,C,J
755169,D,J
756269,A,J
756260,C,J
754868,B,B
756199,B,J
756203,E,E
755769,E,J
756200,E,J
756171,C,J
756173,E,H
756153,B,J
718573,A,J
756072,B,J
756075,A,J
717267,B,B
749439,A,J
755190,E,J
756050,B,J
756045,B,I
756040,B,J
597140,D,I
755968,B,J
755946,A,J
755904,B,I
746279,D,I
753800,D,J
755817,D,I
728048,D,J
755784,C,I
755745,B,J
755761,A,J
736261,C,J
755614,D,D
755705,B,J
752622,A,J
755677,A,J
755649,C,I
755651,B,I
755637,B,J
755635,A,I
755595,D,J
755563,D,I
755450,B,I
755554,B,J
732259,A,J
755250,B,J
755513,D,J
755533,D,I
755488,F,I
755486,D,J
755424,D,J
755405,C,J
754267,A,J
755095,A,A
754870,A,J
755314,D,J
755205,A,J
755317,A,J
746591,C,J
755294,B,I
755184,A,J
755248,A,J
755241,E,J
755057,B,J
755228,C,J
755215,F,I
755186,C,I
755225,D,J
755206,D,I
701986,E,J
755124,C,J
755156,A,J
753644,B,J
755161,F,J
754762,B,B
755141,A,J
755087,D,I
754263,A,J
755063,C,J
755041,B,I
748243,C,I
755020,A,J
751664,A,J
754965,C,J
733807,D,J
748893,A,J
754947,F,J
754916,B,J
754915,B,J
753730,E,I
754872,C,I
754853,B,J
728078,A,J
752902,D,J
754740,D,I
754734,A,J
754731,A,J
741854,A,J
754651,E,I
754548,B,J
754600,B,J
754546,B,J
753914,D,J
754280,C,J
754469,B,J
754480,A,J
754416,A,A
754403,C,J
752625,A,J
753572,E,J
753970,D,J
754363,C,J
754350,A,J
754308,F,J
754302,B,J
754294,A,J
754020,C,J
748226,A,J
754260,E,J
753214,A,J
754240,A,J
754000,B,J
754199,C,J
753790,C,I
754218,D,J
557551,E,J
754163,E,E
754118,C,J
753772,E,I
754125,C,J
754112,B,J
754060,C,I
747464,A,A
754052,A,J
754053,B,J
754045,F,F
740866,C,J
666049,C,J
754012,E,J
753937,D,J
754033,E,I
753270,C,C
753913,B,J
753907,B,J
753788,C,J
753902,C,J
703725,A,J
753866,C,J
753848,E,J
721983,B,J
753854,E,J
753819,A,A
753795,D,J
753785,D,I
753732,B,I
753754,D,D
753744,C,C
752397,B,I
753737,A,J
753691,E,I
753696,A,J
750037,B,J
753669,B,I
753656,B,J
753631,B,J
753627,B,J
753616,B,J
753615,D,J
752498,A,I
752339,D,J
753608,C,J
753594,D,J
753519,C,I
753478,D,J
747071,B,J
750410,C,J
753401,C,J
753361,D,D
753342,C,J
753299,C,C
753309,B,J
753245,B,J
753279,C,J
743192,A,J
753261,A,J
753207,C,I
752869,D,J
753121,C,J
753198,C,J
753153,D,J
753181,A,J
752011,A,J
753147,A,J
752995,D,I
745628,C,C
753102,B,J
749939,E,J
753084,E,I
729829,C,C
733059,E,J
753088,B,J
753036,C,C
753026,A,J
753016,A,J
752915,B,J
751684,F,I
752988,E,J
752952,F,J
752928,D,J
752974,D,J
752965,E,J
752939,A,J
752900,B,J
752812,C,J
752873,B,J
752865,C,I
751257,A,J
752806,D,J
752803,C,J
555867,C,J
752734,B,J
752703,C,J
751952,A,J
752684,A,J
748854,A,J
744449,D,J
752483,F,J
752610,A,J
752615,D,I
752611,C,J
752570,A,J
752607,C,J
752580,A,J
752500,B,J
752547,D,J
752507,C,J
752478,C,J
746164,B,B
751935,B,B
748487,B,J
752425,B,J
752393,A,J
747987,A,J
745820,E,E
725985,D,D
733951,F,I
752346,A,J
752345,D,J
752220,A,I
750435,B,I
752319,B,J
752021,A,J
752304,B,B
752289,C,J
752240,B,J
752237,B,J
746200,F,F
751434,A,J
752206,D,J
752196,A,J
752188,C,C
735873,A,J
752170,B,I
752180,E,J
741759,B,J
752156,A,J
748520,B,B
752122,A,J
752098,B,I
725939,E,I
752069,C,J
752067,C,J
738778,E,I
752016,E,I
751997,D,J
751967,D,I
751984,B,B
747793,D,J
748900,C,J
751876,E,I
751806,B,B
747265,C,I
751959,B,J
751917,B,J
751923,G,J
751767,C,C
745432,E,J
751893,E,J
751864,B,I
751842,E,J
751807,D,J
751870,D,D
748955,B,J
751100,B,I
746314,B,J
749073,B,J
751770,A,J
751755,E,I
751712,A,J
749872,B,J
749514,A,J
751452,B,J
751654,E,I
751652,B,J
751636,B,J
747974,B,J
751583,B,J
739645,C,J
744672,B,J
751543,D,I
751373,C,C
751510,E,J
751479,C,J
749255,A,J
751493,B,J
751466,A,J
751248,D,I
751401,C,C
751404,A,J
751367,B,J
751300,C,J
749435,E,E
751237,C,J
751268,B,J
740968,B,J
748911,A,J
751223,D,J
751239,D,J
749035,E,J
748108,D,J
743569,A,A
743022,B,J
751072,A,J
746729,F,J
750488,D,J
751034,C,J
610893,G,J
731876,B,J
750920,B,J
750893,D,J
750851,A,J
750811,B,J
750799,B,I
749325,B,J
750779,A,J
747765,A,J
750712,D,D
738749,E,J
750671,E,J
750670,A,J
750645,A,J
750630,A,J
750605,A,J
750602,A,J
744385,D,I
744636,D,J
750565,A,J
741026,A,J
750538,B,J
750530,D,J
748913,C,J
750425,D,J
750409,A,J
749020,A,I
750342,A,J
748225,C,C
748282,D,J
688229,A,J
750210,C,J
750212,B,J
750143,A,J
750163,F,J
750104,C,C
749841,B,J
749103,B,J
749087,B,J
750109,D,J
750093,D,I
750061,E,J
748128,D,J
748447,F,F
749988,B,J
749384,A,J
749972,A,J
749907,D,I
749902,E,J
749858,D,J
749852,A,J
749557,D,J
749823,B,B
747199,C,C
749796,A,J
749341,B,J
749746,C,J
749748,C,J
749736,D,D
749723,B,J
743900,C,J
749625,C,J
749617,B,J
749081,C,J
749594,A,J
749589,D,J
746986,D,J
749545,C,J
749568,A,J
744344,B,I
749533,A,J
749515,B,J
749459,B,J
748212,C,C
749443,A,J
749248,A,J
749396,B,J
749390,A,J
749347,C,J
749291,C,J
749324,A,J
748479,E,J
749319,C,C
749268,F,F
749243,B,I
741468,A,J
749229,C,J
749214,C,J
749199,C,J
747113,B,B
749211,E,E
747449,G,J
749183,F,I
735801,D,J
749137,B,J
748292,D,D
746954,C,J
746449,B,B
749107,A,J
749099,B,I
749089,A,J
749069,A,I
749050,A,J
735654,E,I
742464,A,J
749033,D,D
749019,C,I
749023,A,J
746374,D,I
749004,A,J
746883,E,J
748384,B,J
748118,A,J
718225,B,J
746749,C,J
748869,B,B
748880,D,J
748916,F,F
748867,A,J
748450,D,I
748776,A,J
748811,E,E
748730,B,I
748754,D,J
748304,F,J
746538,B,J
748775,E,J
747624,F,J
748757,C,J
748719,A,J
748704,B,B
747991,D,J
745186,B,J
747338,D,I
748503,G,J
748463,A,J
747777,A,J
748423,B,J
748001,C,C
748385,A,J
744822,C,C
748322,F,I
747619,A,J
747051,B,J
748284,E,E
742808,A,J
748251,B,J
743305,B,J
748190,D,J
748171,E,I
748129,B,J
748144,D,I
748141,C,J
729805,B,B
746876,E,E
748051,E,J
748054,D,I
726234,B,I
747990,A,J
747481,E,I
744425,F,F
747470,C,J
747953,B,J
747940,B,J
747912,E,J
745618,C,I
747905,C,I
747834,E,E
744804,B,J
747852,A,J
741439,B,J
747831,E,I
747824,B,J
745183,D,J
747538,A,J
728522,B,J
747744,A,J
740528,A,J
741520,C,I
747645,B,J
747641,A,J
746593,A,J
744143,C,C
747627,A,J
747540,A,I
747483,A,J
747440,D,J
747444,C,J
747442,B,J
744948,A,I
747427,A,J
747414,B,J
746034,B,J
747389,A,J
743524,A,J
747370,C,J
747339,A,J
747349,D,I
747335,F,F
747177,A,J
737995,D,J
747244,C,J
747276,B,I
747241,A,J
747207,B,J
747080,E,J
747165,C,J
741773,A,J
747160,C,J
747152,A,J
747146,E,J
747130,E,J
747108,A,J
747101,A,J
747103,A,J
739416,A,J
747063,B,J
747011,D,J
746629,D,D
746973,C,J
746985,A,J
745888,C,C
746773,B,J
745634,B,J
746480,A,J
746928,E,I
746619,B,B
746820,A,J
746758,A,J
746812,B,J
745452,A,J
746780,B,J
746762,C,I
746727,C,I
714802,A,J
746698,F,F
746747,C,J
746742,E,I
746693,C,J
746663,D,J
746656,A,J
746437,D,D
746645,D,I
746652,A,J
745903,E,J
746486,B,J
746563,A,J
746589,A,J
746542,B,J
746531,E,I
746482,C,I
745761,A,J
739289,C,I
746474,A,J
745344,B,J
736365,B,B
746415,C,I
746405,A,J
746390,B,I
746373,C,I
746370,B,J
746282,D,I
746300,A,J
746298,B,B
746272,D,D
746185,A,J
744416,D,D
740988,E,J
745149,A,J
746191,F,F
743206,B,I
746180,C,I
745292,D,I
746161,C,J
746178,A,J
745721,E,I
746107,A,J
746090,C,C
746102,C,C
746087,D,I
746074,C,J
746036,A,J
741105,B,I
746008,C,J
745982,E,I
745956,C,J
745664,B,J
745969,A,J
745941,B,J
745900,C,J
745916,D,I
745918,A,J
745878,C,J
745850,B,I
744834,A,J
745794,B,J
745753,A,J
745770,C,I
745773,B,B
745718,E,E
745712,F,I
745705,D,J
724118,D,J
745633,B,J
745597,B,J
745623,D,D
744588,C,J
745552,B,J
742661,C,I
745422,C,C
745282,E,E
740683,B,J
728208,C,J
744579,F,I
744604,B,I
723333,B,J
745215,C,J
742664,A,J
743946,D,I
745145,A,J
745132,A,J
745134,B,J
745105,A,J
739063,A,J
730198,A,J
741535,C,I
730782,C,C
745064,B,J
745054,B,J
744700,F,J
725713,B,J
745031,A,J
744934,A,J
744795,C,J
744882,A,J
744890,A,J
743921,C,J
744868,B,B
744847,F,F
744805,E,I
742086,B,B
744641,B,I
744325,B,J
743794,E,J
744630,D,I
744628,B,B
744550,B,J
733340,A,J
744515,B,J
744244,A,J
744388,D,D
744436,B,B
739926,A,J
744429,C,J
744414,C,J
742238,B,J
743499,A,J
744389,B,J
744339,A,J
744331,D,J
744342,A,I
744085,C,J
744323,D,I
744315,B,J
742104,C,C
744309,C,J
743663,A,J
742696,A,I
744281,E,J
744222,A,J
744231,A,J
744216,B,J
742057,C,C
742130,B,J
744185,B,J
744174,E,I
712916,C,J
741178,A,J
743942,E,E
743965,B,J
738892,D,D
744067,C,C
743972,C,J
744048,B,B
744031,C,C
744010,C,J
743941,A,J
743860,B,J
743789,A,J
730859,A,J
742754,D,J
738276,B,B
740902,D,I
685852,G,J
743734,B,B
743719,C,J
743713,A,J
743687,A,J
743690,B,I
741637,C,J
743658,C,J
710427,B,J
743614,E,E
743600,B,I
743596,D,I
743529,A,J
740655,C,J
742259,E,I
741046,E,J
743432,C,J
743420,C,I
743406,D,J
741680,A,J
743390,A,I
743382,B,I
743368,C,J
732470,B,J
743347,C,J
740900,E,J
741809,A,J
743343,A,J
743310,A,J
743307,B,J
737170,C,C
738661,A,J
743268,C,J
740358,A,J
733864,C,I
741786,B,J
743088,B,J
742530,B,J
743113,C,C
743092,A,J
742912,C,J
743029,B,B
743013,A,J
742993,F,F
742638,C,J
742976,B,J
742971,E,J
742330,B,J
742945,A,J
742923,C,I
742944,B,J
742933,F,F
742400,E,J
742936,F,J
742847,B,J
741779,E,I
742244,A,J
718699,A,J
741476,D,J
742887,F,J
742866,B,J
730659,B,J
742657,A,J
742805,B,J
740606,C,C
740799,C,J
742765,A,J
742459,B,I
742658,C,J
742644,A,I
741803,A,A
732729,B,I
742570,E,I
741868,B,J
741785,F,J
742562,C,I
742558,A,J
742548,B,J
742519,C,I
741966,E,J
731914,C,J
739084,A,J
737422,C,I
741268,C,I
742468,B,J
742451,C,J
742398,C,I
742444,B,J
742429,A,J
727693,D,J
741224,D,J
742119,E,J
741872,E,J
742323,B,J
742305,D,J
742275,D,I
742258,E,J
742241,A,J
742186,B,J
734249,B,J
739129,A,J
737124,C,I
719044,B,J
742141,B,B
742129,B,I
742124,C,J
742113,D,J
741660,A,J
742070,A,J
742071,B,I
742047,A,J
737521,A,J
742042,A,I
742040,D,J
741567,B,J
735441,A,J
741967,C,J
742017,E,J
737078,C,I
742001,C,C
725325,C,I
741883,B,J
741903,A,J
741901,A,J
741824,B,J
741800,A,J
741781,D,I
741219,D,I
741771,B,J
738527,A,J
741718,C,J
741734,A,J
741710,A,J
741729,E,I
741743,F,F
741703,B,B
740576,E,I
740909,B,B
741687,D,J
741676,D,J
741664,B,J
741248,B,J
739530,C,J
740458,A,J
735660,E,J
740583,A,J
712616,A,J
739326,B,J
741489,D,J
741390,B,J
741434,B,J
741236,E,J
741404,A,J
740842,B,J
741413,B,J
741267,C,C
738954,A,J
741329,B,J
741334,A,J
741301,D,I
738782,A,J
740480,C,J
738668,E,J
741288,A,J
741276,C,C
739750,A,J
741259,B,I
739404,B,J
735296,A,I
737595,C,J
711528,D,I
741188,C,J
741085,A,J
738328,B,B
741017,B,J
741011,A,J
741007,D,D
740938,D,I
731055,A,J
740919,F,J
739473,B,J
740532,C,C
740735,A,J
740890,A,J
740266,B,B
736830,D,I
740858,B,J
740850,A,J
726813,B,J
740833,C,I
724993,A,J
740830,B,I
740798,D,J
737767,C,J
740743,E,E
740734,A,J
740727,C,C
740690,C,C
740637,B,J
740694,C,J
740681,A,J
740644,D,J
740648,A,J
739479,B,J
740639,B,J
739772,D,J
688829,C,C
740621,B,J
740212,D,J
740599,F,I
740591,C,C
738825,B,J
712041,B,J
738971,B,J
739491,E,I
740057,A,J
740551,B,J
740505,F,I
740490,A,J
739492,A,J
722020,D,J
740100,C,I
740432,C,J
740421,D,J
740417,E,I
740366,E,J
740354,C,J
740349,A,J
740317,B,I
740298,E,J
739859,B,J
740235,A,J
737546,A,J
740194,A,J
735136,B,J
740129,A,J
740181,E,J
740175,D,J
738507,D,J
740088,F,J
740077,F,J
740076,D,J
739322,B,J
740068,E,J
739371,A,J
737675,A,A
740012,A,J
733784,A,J
739793,B,J
739970,D,J
736399,G,G
739441,B,I
739925,D,J
739923,D,J
739259,B,B
739872,A,J
739751,C,J
739830,D,J
739857,B,J
739828,A,J
739767,B,I
739765,C,C
739799,F,I
739780,A,J
738730,B,B
739796,A,J
725556,E,E
739770,E,J
739698,A,J
739323,A,A
735466,B,J
739735,F,J
739742,D,J
739744,B,J
739731,E,E
738420,B,B
739681,C,C
739717,E,I
734223,B,J
737455,B,J
739682,C,J
736534,D,J
739372,B,I
739607,B,J
739599,C,I
739634,A,J
739619,F,I
739612,B,J
739311,E,J
739407,F,J
739328,F,J
737415,C,J
739535,E,I
739533,C,J
739375,D,J
739449,B,J
725914,B,J
739336,B,J
739376,B,J
739358,A,J
738174,A,J
738672,D,J
739200,A,I
737696,B,B
739275,C,J
739263,B,J
735359,B,J
726629,B,J
723772,B,J
734138,C,J
739194,A,J
739193,D,J
739162,B,J
739148,B,J
739124,C,J
739106,C,C
738935,D,J
739030,A,J
739010,E,E
739023,B,J
739006,B,I
736169,C,J
738945,A,J
727675,A,J
738212,C,C
735251,C,J
738882,B,J
737076,B,J
738871,D,I
738877,A,J
730186,C,J
738822,B,J
738821,B,J
738817,D,I
738121,B,J
683871,D,D
738805,B,J
738769,C,J
738744,D,D
738741,B,J
738729,B,J
723657,A,H
738712,B,J
738713,D,J
738322,A,J
736846,D,J
738685,D,I
738678,B,J
734505,E,I
738606,C,J
738601,A,J
738585,B,J
737565,A,J
738492,B,J
738488,B,B
734115,D,D
738457,A,J
736535,D,J
738407,A,J
738389,A,J
736155,C,J
738342,E,I
738309,A,J
738358,B,J
738345,A,J
738349,C,J
710743,E,I
738285,F,J
738326,A,J
738294,C,J
738261,C,J
738050,B,J
738247,A,J
738248,A,J
738241,C,J
735124,C,J
738177,D,J
738208,B,J
738205,D,I
738194,A,J
738193,A,J
738158,C,J
738154,A,J
738148,B,I
738145,A,I
734825,E,J
738106,C,J
738110,A,J
738066,A,J
738012,B,J
738003,D,J
736270,A,I
737965,C,J
737848,A,A
737892,B,J
737876,B,J
737866,A,J
737872,C,J
737574,F,F
733114,B,J
737540,D,I
737798,D,J
737812,C,J
737782,B,J
737800,B,B
732561,E,J
699888,A,J
727920,A,J
737777,B,J
737771,A,J
737746,C,J
737703,A,J
737717,C,J
734340,D,J
737599,C,J
737632,B,J
734525,E,J
714876,D,J
737605,A,J
737582,B,J
737579,C,I
737563,B,J
737528,C,J
736525,A,J
737534,B,J
735880,A,J
737497,E,J
737498,A,J
737501,C,J
737488,A,J
734018,D,I
737482,C,I
734947,E,I
737481,F,F
737454,B,B
727624,C,J
737434,B,I
737446,E,J
737394,B,J
736702,C,I
737395,B,J
736351,C,J
736974,C,J
737369,C,J
732075,F,J
735780,C,J
737349,A,J
737345,G,I
737329,A,J
737288,F,F
736753,B,J
737195,D,J
737185,B,I
736478,C,C
733418,A,A
737089,A,J
731799,C,J
737101,B,J
736337,B,B
737079,E,J
734863,C,I
737054,B,J
737005,A,J
736174,B,J
733526,E,I
734618,B,B
736949,B,J
736932,A,J
713700,E,J
736861,B,J
736876,A,J
736677,B,I
736860,A,J
736849,C,J
736833,B,J
734584,D,J
735877,C,J
736815,A,J
736278,B,J
736726,B,J
736154,A,J
735898,A,J
736687,B,J
735603,D,J
736684,A,J
736683,D,J
736538,A,J
736522,A,J
736123,A,J
736590,B,J
736521,B,J
736622,A,J
736616,B,J
736589,D,I
736551,C,I
736548,C,I
714609,A,J
736445,B,J
736447,B,I
736425,E,I
736380,C,J
736375,B,J
736364,D,J
736324,D,J
735263,C,J
736294,B,J
736199,B,J
736254,E,J
734771,D,I
736236,B,J
736171,D,J
736163,A,J
736144,C,I
736120,B,I
736077,A,J
735317,A,J
736040,B,B
735981,C,J
735592,D,J
726854,C,C
735043,E,J
735895,B,J
735036,G,J
735796,C,J
735842,C,I
735841,A,J
735802,C,J
735813,C,J
733311,E,E
734732,A,J
735782,B,J
735772,F,I
735252,E,J
734592,A,J
735689,B,I
734850,E,J
735617,A,J
735574,A,J
735508,B,J
735256,B,J
733902,A,J
735569,B,J
721464,D,J
732310,B,J
735514,B,J
735420,B,J
735488,A,J
735461,B,J
676330,B,I
735469,B,J
735456,F,J
735453,B,J
735439,B,I
735417,A,J
735432,B,J
735360,D,J
735338,B,J
735322,A,J
735318,A,J
735311,B,J
732530,D,J
734358,B,J
735177,D,D
735201,C,J
709846,A,J
713572,E,J
735162,B,J
735145,B,J
727377,D,J
735134,B,J
735081,B,J
734664,C,J
735073,A,J
735061,C,J
735045,D,J
733680,C,J
735024,A,J
733788,B,B
735000,D,J
734908,D,I
734899,E,E
734906,B,J
734862,D,J
734537,E,E
715157,B,J
734821,B,J
734817,B,J
710512,A,J
734712,B,J
734759,C,J
734739,E,J
722448,B,J
733398,C,J
734465,A,J
734657,A,J
732946,C,J
734671,C,I
734589,A,J
734645,C,I
733855,A,J
734617,B,J
734508,A,J
727109,C,J
727311,A,J
734543,C,J
734555,B,I
728696,A,J
734494,A,J
734475,G,J
734415,D,J
734349,A,J
734435,A,J
732981,E,J
732936,B,J
734408,B,J
734123,A,J
734387,B,I
734342,D,D
727973,B,J
734343,B,I
734341,A,I
734308,B,B
734232,A,J
734300,C,J
734286,A,J
734294,B,B
734296,B,J
722582,A,J
727331,B,J
734256,B,J
734238,B,J
734092,B,B
734152,B,J
734049,B,I
734060,E,J
733464,C,J
734038,B,J
734039,B,J
734022,A,J
726025,B,J
734009,A,J
723119,B,J
733907,A,J
733912,B,J
733889,B,J
733858,B,J
715394,E,J
733749,D,J
733144,A,J
733791,C,J
733761,C,J
732738,B,J
727361,B,J
733750,B,J
732431,C,J
733752,C,J
733695,B,B
733705,B,J
733698,E,J
733598,C,J
724744,C,J
733195,C,I
733556,A,J
733566,B,J
733300,D,J
730854,F,J
733391,B,J
733565,B,J
732172,D,J
733548,A,J
733005,D,I
733542,C,C
733503,D,J
733432,A,J
732953,B,J
733498,D,D
733469,D,J
730084,A,J
730577,D,I
733349,B,J
669201,B,B
733063,E,J
733320,C,C
733395,B,J
733401,G,J
733387,D,J
733384,C,J
731284,D,J
733280,B,J
733239,F,J
733213,B,J
733268,B,J
733201,D,I
728418,B,B
733175,C,I
733138,B,J
728859,E,J
732505,B,J
727143,D,D
732933,E,E
562313,B,I
733039,A,J
733044,D,J
732956,C,J
732993,A,J
732998,D,I
703890,B,J
729084,E,J
710626,E,J
732925,D,J
732910,D,I
730896,E,J
723817,D,J
730773,E,I
726681,E,E
732767,B,J
732736,B,J
730523,D,J
713479,G,I
732719,C,J
732697,A,J
732687,E,J
732670,C,C
732060,C,J
732635,B,I
725212,A,J
732637,B,J
732629,D,J
732527,B,J
732581,B,J
732563,B,J
732552,C,J
713931,B,J
732529,E,J
732466,B,J
732489,B,I
732467,C,I
732401,A,J
713199,A,J
732403,A,J
732385,C,J
730188,D,D
732269,B,I
732322,B,J
732306,A,J
721594,C,I
732254,D,D
732286,B,B
722961,C,J
731897,B,J
732237,A,J
732219,E,J
732199,E,E
732184,A,J
732192,A,J
732169,A,A
732159,C,C
732147,E,J
731690,C,I
732078,A,J
732070,A,J
727982,D,J
732037,E,J
729868,A,J
732011,A,J
731998,B,J
732001,C,I
715721,A,J
731866,B,J
731879,A,J
731888,A,J
731850,C,J
731445,E,J
731785,C,C
731742,E,I
731717,E,E
731524,E,J
731689,B,J
731651,A,J
648952,A,J
731680,C,J
731637,B,B
731655,B,J
706797,A,J
731593,C,J
731565,E,I
731544,A,J
731205,D,J
723961,B,J
725183,D,J
731487,B,J
729539,D,J
717232,B,J
731394,A,J
731382,C,J
730637,G,J
731366,A,J
731358,A,J
731000,D,J
731337,B,J
731305,A,J
731290,B,J
729148,E,J
731269,A,J
731233,C,J
730101,C,J
731219,D,I
731164,D,J
731149,B,J
726890,B,J
731082,D,J
730501,E,J
730505,D,D
731048,C,J
730443,C,J
731021,D,D
730949,D,J
730930,C,J
730947,C,J
725749,A,J
728558,B,J
730919,D,J
730905,C,J
730827,B,J
730868,C,J
730853,A,J
728154,A,J
730557,A,J
730829,A,J
730804,B,J
730739,B,J
730665,C,J
730742,C,J
730728,B,J
730673,D,J
730669,A,J
730606,E,I
730598,A,J
730568,B,J
730566,A,J
730571,G,I
679972,B,J
730569,B,J
730281,C,I
729959,A,J
728440,B,J
727247,C,C
729661,B,J
718329,A,J
730450,B,J
730445,B,J
730439,E,J
729821,C,C
730424,G,J
730412,C,J
722842,A,J
730413,C,C
727077,C,J
729261,B,J
730242,E,E
729147,F,J
730185,F,I
717861,A,J
729122,B,J
730144,B,B
730130,E,I
727755,B,J
730140,B,J
730134,B,J
730005,B,J
730086,B,I
724391,A,J
691779,A,J
729975,A,J
730003,D,J
730034,A,J
730018,B,J
730036,E,E
720883,B,J
730014,A,I
727942,B,I
728452,D,J
729952,B,J
729958,D,J
729562,B,J
728956,A,A
725986,A,J
727666,C,J
728438,E,J
729869,A,A
721846,B,J
729738,E,J
729827,B,J
729755,D,J
719527,B,J
729647,B,J
729733,D,J
729789,D,J
729785,B,J
729091,D,J
660293,B,J
729691,D,J
710883,B,J
729381,C,J
728422,B,B
729617,C,J
729609,A,A
729600,B,J
729594,B,J
729572,A,J
713889,D,J
729571,D,J
729584,A,J
729581,C,I
729446,D,J
716435,C,J
729524,B,B
729542,B,B
729503,B,I
729502,B,J
727449,A,J
727355,A,J
720885,D,I
729459,B,J
729368,C,J
729348,A,J
729288,E,J
729260,D,J
687239,D,J
728587,B,J
729141,D,J
729142,E,J
729124,D,J
729112,B,J
729085,A,J
729078,D,I
729081,E,J
520184,D,J
722532,E,E
729036,C,J
724932,B,J
729025,B,I
728941,B,J
726651,C,C
729006,A,J
728966,B,J
727613,B,I
728919,D,J
728921,C,J
720202,B,I
728866,G,I
728847,F,J
728623,C,J
728836,D,J
728842,A,J
728090,C,J
728795,A,I
726232,B,J
728741,C,J
728670,D,I
723785,F,J
728579,B,J
728590,E,J
728605,C,I
727656,A,J
726242,F,F
678910,D,J
724957,C,J
728584,C,J
725833,C,I
728485,A,J
728464,C,I
728482,E,J
728453,F,F
728403,B,J
726520,A,J
726611,C,J
728363,A,J
728245,B,J
728332,D,J
728317,C,J
728284,A,J
728268,D,J
728228,C,J
728237,E,E
728199,A,J
728204,B,J
728173,D,J
728170,B,J
728143,B,J
728135,C,I
728065,F,J
728055,B,J
728052,D,I
728015,B,J
725123,A,J
727889,B,J
727882,A,J
727870,C,J
727772,D,J
717968,E,J
727843,E,J
727804,A,J
727797,B,J
727741,C,J
704952,B,J
727724,D,J
727701,A,J
727165,B,J
727669,E,I
727637,F,F
717270,A,J
727518,C,I
723759,E,I
727583,C,I
727547,D,J
727521,B,J
727469,A,J
727524,A,J
727537,A,J
726811,A,J
727407,E,J
727473,E,J
727448,B,J
727422,A,J
727426,B,J
727396,C,I
727397,B,I
727221,B,J
727324,B,J
727050,A,J
722953,B,I
717597,B,I
727293,D,J
727224,A,J
725305,D,I
727197,A,J
727157,E,J
727166,A,J
726767,A,J
727113,E,J
724975,B,J
725919,B,J
727063,B,I
727058,B,J
727048,D,J
727052,B,J
726965,A,J
723703,A,J
726906,A,J
708116,C,J
716404,E,J
707703,F,F
710662,B,J
726872,A,J
726815,A,J
719103,D,J
726700,B,J
706684,C,J
726783,B,B
725667,B,J
726764,C,I
716335,A,J
725428,B,J
726634,B,J
726602,A,J
726595,B,J
725930,C,I
726018,A,J
726552,D,J
714874,E,J
722833,A,J
724580,B,J
726527,B,J
726513,E,J
722880,B,J
726070,D,J
726424,D,J
718574,B,J
726423,D,J
724521,A,J
716478,E,J
716159,B,J
726345,B,J
726324,D,J
724040,B,J
724717,B,J
726272,A,J
726335,B,I
726304,B,J
726300,B,I
726230,B,J
725835,E,I
726194,C,J
725253,D,J
726165,C,J
726130,A,J
720766,A,J
723437,B,J
726080,D,J
723934,B,J
726038,C,I
724388,D,D
725579,B,J
726037,D,I
725933,A,J
725989,A,J
713857,G,J
725077,C,J
725962,C,I
725888,C,J
725195,C,J
725895,D,J
675652,A,J
725896,B,J
725871,B,J
725829,D,J
723229,F,I
725778,D,J
725791,B,J
725780,B,J
725751,B,I
725739,D,J
724826,D,J
725699,A,J
725676,B,I
725675,A,J
725372,C,I
725651,E,J
722825,E,J
725645,A,J
725587,A,J
725567,A,J
724873,B,J
705212,E,J
690304,B,J
725534,B,I
725531,B,B
725512,E,J
725495,A,J
725502,C,J
718880,B,J
725458,E,I
725391,A,J
725085,B,J
725404,B,J
721530,B,J
725413,F,J
724956,B,J
725409,B,J
725367,F,I
714100,B,J
725335,D,I
725320,D,J
725132,A,J
725181,B,J
680485,B,J
725281,A,J
725258,B,J
725254,A,J
725232,D,D
724879,B,J
725193,B,I
724794,C,J
725192,A,J
724550,A,I
725131,A,J
724865,C,J
725076,D,J
724288,D,J
669325,F,J
723733,A,J
725042,B,J
725029,A,J
724995,C,C
723925,C,I
724923,B,J
724189,A,J
724810,B,J
724819,A,J
724790,C,C
724561,A,J
724218,B,J
724727,A,J
724735,B,J
724732,C,I
724723,D,J
724703,B,J
724700,E,E
724642,A,J
701962,A,J
724163,B,J
724490,B,J
724619,C,J
724585,C,J
723210,C,J
724563,B,B
723685,A,J
720173,C,I
724509,E,I
724476,B,J
718656,C,I
684239,C,J
716791,E,J
724455,A,J
724403,B,J
724386,B,B
722895,B,J
724358,B,J
706709,A,J
724242,A,J
724196,A,J
708328,E,I
724312,F,J
724236,B,J
724211,B,I
724209,D,D
724178,B,J
724069,A,J
723427,E,I
724053,A,J
724025,B,J
724015,B,J
723995,D,J
723949,B,J
723964,E,J
721720,B,I
723640,B,J
723887,B,J
718145,F,F
723830,D,J
723797,B,J
723350,D,J
723769,B,J
723531,B,J
718581,E,J
723745,E,J
723735,E,E
723675,A,J
720542,D,J
723702,B,B
718570,B,J
723683,D,J
723667,D,J
723122,E,E
717581,A,J
723608,E,J
723498,A,I
723351,B,J
723445,B,J
721753,B,I
721950,D,J
723561,A,J
722636,B,J
723530,E,I
723522,D,J
698496,B,J
723510,B,J
723405,A,J
723487,E,I
723471,D,I
723456,B,J
723466,E,J
703003,A,J
722731,A,J
722518,F,F
723368,D,D
722310,D,I
722643,A,J
723341,F,J
718344,C,C
723328,B,J
722471,B,J
723284,A,J
723276,B,J
723263,F,I
723256,C,I
723166,D,I
723121,B,J
723149,C,J
723120,B,I
721975,B,J
723028,G,J
721616,B,J
723065,D,J
723037,F,J
723025,C,J
723035,A,J
722962,A,J
722986,A,J
722974,C,J
722826,A,J
722925,B,B
722942,B,J
722915,B,J
722217,B,J
722839,D,J
722624,E,E
710965,C,J
722768,E,J
722761,C,J
722752,C,J
677831,D,J
722727,A,I
722684,D,J
722671,B,J
722661,E,J
722612,C,I
722608,A,J
722593,B,J
722587,D,D
718070,C,J
722589,D,D
722442,A,J
722536,F,J
722521,F,I
674225,D,J
722509,C,J
722491,C,J
722464,A,J
714234,B,B
721458,A,J
720543,B,J
722385,A,I
716741,D,D
722360,D,I
722340,B,J
722323,G,J
722273,B,J
722312,A,J
722305,C,J
721659,D,J
721885,C,J
720941,C,J
722089,B,I
722110,F,I
718626,D,J
722076,A,J
718267,B,B
718753,B,I
722049,B,J
722022,B,B
721079,B,J
722015,A,J
721991,A,J
702196,C,C
715871,D,I
721756,A,J
721920,A,J
721876,D,I
721856,D,J
719544,C,J
712274,E,E
721803,B,J
712810,E,E
721768,B,J
721745,D,I
721744,A,J
721751,D,J
721468,A,J
721687,B,I
719747,A,J
721695,B,I
707475,C,J
721655,C,J
719582,A,J
700052,A,J
721515,A,I
721454,C,I
721472,C,I
721453,C,J
721084,C,I
721387,B,J
721384,C,J
712171,D,D
682212,C,J
718793,C,J
721333,B,I
721289,B,B
720840,A,J
721319,A,J
721195,B,I
721292,B,J
721291,A,J
721257,B,J
640194,A,J
721216,C,I
720861,G,J
721221,B,J
710884,C,I
721184,A,J
721179,B,J
721175,E,J
721057,C,J
720540,D,J
721033,A,J
720788,C,H
721018,A,J
720977,C,J
720594,C,J
720966,C,J
710444,A,J
720920,C,C
720912,B,J
717830,E,J
719724,B,J
720833,C,C
720817,B,J
720765,C,J
719571,D,D
720638,D,J
720575,A,J
720553,D,J
720171,C,J
720394,A,J
720443,A,J
718831,B,J
720360,C,J
720364,F,I
720386,D,J
720358,B,J
719610,C,I
720315,C,J
718600,A,I
720305,C,J
720282,D,I
720220,A,J
720266,C,I
711388,C,J
720208,B,J
720096,B,J
720201,B,J
720193,B,J
719043,C,J
710276,B,J
717600,C,J
720098,D,J
720152,B,J
720131,E,E
704064,A,J
719485,F,J
719148,D,D
720064,B,J
720068,A,J
720043,A,J
716380,C,C
719847,A,J
680199,B,J
719833,A,J
719817,B,J
719793,D,I
718614,E,J
714467,E,J
719789,A,J
719712,B,J
719702,A,J
677458,C,I
719495,D,J
719629,A,J
719622,C,J
715134,B,J
719577,B,I
719545,A,J
710486,A,J
719560,B,J
718692,A,J
719558,B,J
719517,C,J
714853,B,J
685795,D,D
719491,B,J
719484,C,J
719459,C,I
719405,C,J
713710,E,I
719381,B,J
719399,A,J
719367,B,J
719357,B,J
719352,E,I
717661,C,J
719322,E,J
717765,A,J
716438,B,J
719295,C,J
696662,A,J
719263,B,J
717532,D,I
719196,E,I
719204,F,J
719189,A,J
719143,B,J
718089,D,J
717347,B,B
719162,D,J
719149,C,J
709399,B,J
719166,F,I
719129,B,J
715946,B,B
674628,B,J
707687,B,J
718404,A,J
716996,C,C
719002,F,F
718964,B,J
664678,D,I
718910,B,J
718894,E,J
716589,F,J
718840,B,B
718829,A,J
718797,A,J
718759,B,J
718786,C,J
718784,B,J
671373,D,D
718773,B,J
718774,D,J
718730,A,J
718723,A,J
718582,C,J
718683,B,J
717227,A,J
717746,C,C
718608,F,J
718593,C,I
718588,C,I
718559,A,J
718548,F,J
718550,D,J
718503,A,J
716299,B,J
709515,E,E
718297,B,J
718452,B,J
715999,A,J
718425,A,J
716092,B,J
718412,C,J
717260,D,I
718368,B,I
718338,A,J
702814,C,J
717580,A,I
718201,E,J
718192,B,J
718153,E,J
716724,E,E
718022,B,J
718020,B,J
717990,C,I
717937,B,J
695414,B,J
717898,D,I
714281,F,I
717819,B,J
717783,D,J
715814,E,I
717706,G,J
714040,D,I
716848,D,J
709490,E,J
717399,B,J
717703,B,J
717560,B,J
715618,A,J
717675,B,J
717243,F,J
717657,B,I
711177,A,J
717641,D,J
717638,E,J
704562,B,J
717598,E,J
713097,B,J
717550,E,I
717513,D,I
717509,C,J
717430,C,J
703620,B,J
717495,G,J
717415,D,J
717400,F,I
717383,A,J
717358,D,J
717334,B,J
717301,B,J
717246,E,J
717250,A,J
717212,B,I
717238,B,B
717219,B,J
717205,D,D
717167,B,J
717148,B,J
709864,C,J
717106,C,I
715900,C,C
717108,C,J
714862,B,J
717069,B,J
685022,A,I
708284,B,B
716406,G,J
716513,D,J
717016,B,B
716790,D,I
716947,B,J
716952,E,I
716938,D,J
711973,B,J
716333,A,J
713964,C,J
697400,C,C
674149,B,J
716830,B,J
715830,B,J
716825,E,J
716222,B,J
716783,D,D
716772,A,J
716734,B,J
716761,B,J
716578,C,J
716754,A,J
716662,C,J
714569,C,J
716399,A,J
701009,A,J
716666,C,J
714433,A,J
716607,D,J
713805,C,J
716635,C,J
715658,C,I
716331,A,J
716610,B,J
716609,B,B
716540,D,J
716570,E,E
716594,C,C
716018,E,I
715948,C,J
678904,D,D
716531,B,J
716528,B,B
716253,D,D
716187,F,J
714769,E,I
687810,C,J
715806,C,I
716487,A,J
716130,B,J
716447,B,J
716403,A,J
716385,D,J
716069,B,I
714945,A,J
716290,A,J
716297,C,J
707570,D,J
716270,E,I
707129,C,J
716286,B,J
716281,D,J
713395,B,J
707917,D,I
716221,D,I
716075,B,J
716158,C,J
716186,B,J
716172,D,J
716095,B,B
715997,A,J
716140,A,J
708724,E,E
716110,E,I
716113,B,I
716118,B,B
705898,A,J
716122,C,J
715844,E,J
712625,D,J
716059,C,J
613567,C,J
716046,A,J
716002,E,E
715986,A,J
715990,B,J
715976,C,C
715974,B,J
715965,A,J
715961,A,J
715676,A,J
715930,A,J
715901,D,J
715876,C,J
715848,D,J
715840,A,J
715837,B,I
715657,D,J
714388,D,D
715813,B,I
714370,A,J
713654,B,B
713448,D,J
712054,B,J
715752,B,J
714524,B,J
715703,D,D
715710,C,J
715695,C,I
715674,B,I
715671,C,C
715125,B,J
712021,D,J
712083,C,J
715647,C,J
715637,B,B
686913,B,J
715167,C,I
715620,B,J
710751,G,J
715588,A,J
715513,A,J
712235,E,J
714999,C,J
713975,C,J
714707,D,I
715504,C,C
715559,A,J
715546,D,J
715532,B,J
715022,C,I
715516,B,J
715522,E,I
713803,A,J
715509,F,J
714529,A,J
715502,C,J
715472,D,J
713465,B,J
703372,D,J
715479,A,J
715429,A,J
715444,A,J
715397,D,J
715381,C,I
714579,A,I
715351,B,J
715370,B,J
715258,B,J
714567,C,J
715333,A,J
715319,B,I
712277,A,J
715297,B,J
714868,B,J
688733,B,J
714310,D,J
714928,D,J
715206,B,J
710960,A,J
704263,C,J
715178,A,J
715170,C,J
715147,C,C
715135,B,J
705930,A,J
715030,A,J
713096,B,J
715004,A,J
712904,A,A
714966,B,J
714951,C,C
714938,C,J
695930,C,J
713955,D,J
714793,C,I
714904,D,D
714893,C,C
710255,B,J
713267,E,J
714804,C,I
714792,C,J
714755,A,J
714724,B,J
714637,C,J
714750,E,J
714719,D,J
714675,C,J
714700,B,B
714631,C,J
714642,D,J
708223,D,I
714539,B,J
714652,A,J
714649,F,J
714615,E,J
714580,A,J
714617,E,E
711637,B,J
710419,A,J
714593,B,J
714585,D,D
714514,B,B
714553,E,J
714543,D,J
713324,A,J
714517,D,J
696860,D,J
714441,B,J
714423,B,J
714444,C,C
714436,F,J
714427,A,J
713226,A,J
714378,D,J
714362,A,J
714335,E,J
703525,A,J
674034,D,J
714307,A,I
711409,A,J
714209,C,J
710014,B,J
714195,C,J
713383,B,B
714163,D,J
714113,C,J
714072,C,I
714081,A,J
711367,C,I
714051,A,J
713504,A,J
708847,F,I
713979,C,J
714006,B,I
713959,B,J
709535,A,J
713946,E,E
713894,C,J
713782,B,J
713831,E,J
713828,F,J
713841,B,I
713821,A,J
711552,D,J
713347,A,J
701309,D,I
710964,B,J
713721,B,J
713679,B,B
713646,B,J
713394,E,J
709868,B,J
703499,A,J
713592,A,J
713573,D,J
713566,B,J
713564,E,E
688572,A,J
713534,B,I
712746,B,J
713509,C,J
713503,C,J
710985,D,J
713457,A,J
712910,B,J
713445,B,J
711711,B,J
713402,C,J
713372,B,J
713318,D,J
713341,A,J
711919,D,I
713271,D,J
710914,A,J
713232,C,I
713204,B,I
713169,B,I
708539,C,J
713156,E,J
713063,C,C
713082,C,J
713117,D,J
711838,C,J
713038,C,J
713060,D,I
712498,A,J
713047,B,B
713030,A,I
711401,D,J
712982,B,J
711095,B,J
712914,A,I
712884,E,E
712871,E,J
712791,A,J
712841,B,J
709539,B,J
712456,A,J
712738,C,J
712732,D,J
712722,D,J
712717,C,J
712690,A,J
712709,E,E
712663,A,J
712665,E,J
712630,E,J
712603,B,I
712615,A,J
712598,E,J
712585,B,J
712574,D,J
712561,B,J
712546,E,I
712535,B,J
712528,A,J
712516,E,I
712510,D,J
712502,C,C
712485,C,I
712476,B,B
712405,A,J
712408,A,J
712399,C,J
712370,B,J
712355,B,B
712349,B,J
712319,A,J
712258,E,E
711842,B,J
712283,D,I
712286,A,J
712221,E,J
712268,C,I
708355,C,I
712257,B,J
712243,A,J
712018,A,J
712156,D,J
712228,A,I
712186,B,J
682316,D,J
712036,A,J
712144,A,J
712065,B,J
712132,D,D
711995,B,J
712117,D,J
712071,A,J
711527,D,J
712042,D,J
711841,A,J
712011,E,J
711983,C,J
710995,B,J
711960,A,I
711906,B,J
711928,B,J
711870,B,B
711913,A,J
680216,C,J
711860,A,J
708241,D,I
711858,E,J
711839,B,J
710350,A,J
711812,F,I
711320,A,J
711759,A,J
711761,C,I
711764,B,J
711742,A,J
711678,A,J
694082,D,J
711710,F,F
711685,B,J
672723,C,C
657337,B,B
694156,B,J
711570,B,B
711596,A,J
707711,B,J
711577,C,I
711548,B,J
711583,C,J
711530,B,J
711545,B,I
711422,E,E
711510,B,J
711495,A,J
708713,C,C
711480,B,J
711436,F,F
711354,D,J
711345,A,J
672510,C,J
711424,B,J
708857,B,J
711408,B,J
649315,D,J
709240,E,J
711378,B,J
711129,B,J
711333,C,J
711322,D,J
711318,B,B
711305,B,J
710929,B,J
710408,A,J
711272,A,J
708070,B,J
708451,B,J
711199,B,J
710582,B,J
711204,A,J
711185,B,H
710472,B,B
711156,A,J
711144,A,J
711127,E,I
711132,B,J
711130,E,J
711105,C,J
711082,D,I
710786,C,J
710905,C,J
710910,C,J
710898,D,J
710176,F,J
710806,E,I
710821,F,J
710764,A,J
710739,A,J
710757,B,J
710752,C,J
709764,C,J
710690,C,C
710680,A,J
709117,C,J
710623,A,J
710624,A,J
709596,F,J
710556,B,J
710590,F,I
710594,G,G
710553,B,J
708487,F,J
689461,B,I
709755,A,J
702211,B,I
710426,A,J
702995,A,J
710371,C,J
710406,D,J
710394,B,J
710390,B,J
709917,A,J
710336,E,J
710332,A,J
710269,C,I
709496,B,J
710212,B,J
708382,A,J
710167,G,H
710188,C,C
709321,B,B
710170,B,J
710165,B,J
710158,C,J
707056,A,J
710133,D,I
709220,B,J
708003,A,J
708080,D,D
710041,D,J
710034,G,G
710033,B,J
709807,E,J
709979,B,J
709930,D,J
709126,D,J
705912,B,J
709879,D,I
709881,B,J
709841,C,J
709590,C,C
709833,A,J
702635,A,J
705223,A,J
709792,D,J
709754,B,J
709776,D,J
709721,E,E
709720,B,J
708650,A,J
709661,B,J
705357,B,B
709616,A,J
709505,B,J
709621,B,J
709633,C,J
708178,A,J
709625,B,J
709595,C,C
709591,B,J
709567,C,J
709557,B,B
709328,C,J
709564,A,J
699676,A,J
709526,A,J
709541,A,J
709241,A,J
709524,C,C
690446,A,J
708214,B,I
644111,E,J
709459,E,J
709467,B,J
709477,B,J
696329,C,C
709451,B,J
709425,C,J
709430,C,C
709408,A,J
708346,C,J
709213,C,J
709334,A,J
709329,A,J
663117,D,J
709248,B,J
709318,E,I
705481,C,C
709176,B,J
709269,C,J
709150,C,J
709259,D,I
709254,A,J
709250,E,E
709260,B,J
708536,F,I
709219,A,J
709237,B,J
709232,C,J
709194,B,J
709231,C,J
709193,A,J
558527,D,J
709090,B,J
709197,D,D
709200,B,J
709177,C,I
708720,D,J
709161,D,J
709137,E,J
706463,B,B
709147,D,J
708559,C,J
706688,A,J
709112,C,J
708046,E,J
707936,D,D
709085,D,J
708996,B,J
709003,B,J
708991,C,J
703390,C,J
708974,C,I
708965,C,I
708969,E,I
708935,D,J
708815,C,J
708862,C,I
708823,D,I
708767,B,B
708814,A,J
708754,B,J
708705,B,J
708733,E,J
708717,C,J
708661,D,J
708697,B,J
708626,D,I
708621,D,J
708575,B,J
708329,D,J
708500,E,J
707726,C,J
708472,B,J
708444,B,J
708431,C,J
707142,E,J
708384,B,B
708368,A,J
705512,C,J
708374,B,J
708331,F,J
708357,B,J
708324,B,J
708288,B,J
708254,A,J
704429,D,J
708259,B,B
701983,C,J
708245,E,J
702881,B,I
708230,B,I
708234,D,J
708209,C,J
708206,B,J
708174,C,I
708122,E,E
708141,A,J
708098,C,J
704395,C,J
708094,C,J
707716,A,J
708093,C,J
706099,A,J
616214,F,J
706024,B,J
708033,A,J
707967,D,J
707957,A,J
707960,B,J
704956,B,J
707938,E,I
596564,B,J
707856,C,J
706497,B,B
707827,B,J
703627,B,J
707798,A,J
707767,B,J
707784,D,J
707414,E,E
707691,D,I
707485,D,I
707630,A,J
707637,C,I
707632,C,I
707628,E,J
676191,A,J
707340,D,J
707554,A,J
707547,A,J
706518,B,I
700968,C,I
707517,C,C
692016,A,J
705824,B,J
707492,B,J
707500,A,J
707476,B,J
707479,B,J
702471,C,J
707466,E,J
707209,C,J
707463,E,I
707450,B,B
707398,C,I
707388,B,J
707300,C,I
691241,C,J
707054,C,J
707347,B,I
707315,A,J
707303,A,J
707294,B,J
653921,D,J
706692,A,A
707182,A,I
707103,A,J
707040,B,J
700340,C,I
705790,A,J
704239,C,J
706991,G,I
706773,G,I
706981,C,I
706955,B,J
706940,C,C
706587,E,J
705926,E,J
706882,B,J
706556,A,I
706705,D,D
704971,D,J
706376,D,D
706867,A,J
706849,E,I
705715,B,J
706831,D,I
689249,E,J
705201,D,J
706823,A,J
706813,B,B
706330,B,J
705431,B,J
706795,D,I
706460,B,J
706794,B,J
706782,A,J
706765,D,I
706750,B,J
706748,B,J
706337,B,I
706707,A,J
706696,A,J
706646,A,J
698984,A,J
706598,B,J
706606,G,J
706574,A,J
704731,B,J
683885,B,J
706523,A,J
706553,A,J
703555,D,I
706132,C,J
706431,C,J
706511,A,J
706492,C,J
703017,D,J
706473,E,J
706448,B,J
706194,E,J
706442,B,J
706436,A,J
706424,G,I
706365,E,J
704853,A,A
706357,C,J
703415,A,J
706247,C,J
666614,D,D
706323,F,J
706255,A,J
706220,A,J
705211,F,J
705347,D,I
706175,A,J
706046,A,J
706114,B,J
706023,E,I
706013,D,I
705962,C,J
705954,B,I
705949,A,J
699758,C,J
705879,B,I
705850,A,J
690685,A,J
704958,A,J
702883,E,E
668955,E,I
705826,B,J
705786,E,I
705781,C,C
705749,A,J
705134,A,I
705728,C,I
701650,D,I
690257,D,J
705696,B,J
702911,B,J
700320,B,I
705659,B,J
705647,E,J
705632,A,J
705548,A,J
703621,B,J
705539,A,J
702315,A,J
705535,B,J
705463,A,J
705504,A,J
705479,A,J
705465,F,F
702385,C,J
705448,B,J
705416,F,J
705361,D,J
705362,C,J
696817,B,I
705340,E,J
702497,E,E
705233,A,J
705174,C,J
705090,C,J
676963,A,J
705053,D,J
705031,A,J
705020,C,J
704999,B,J
702690,A,J
704995,B,I
704959,B,J
704955,D,J
704166,B,J
691667,A,J
704426,C,J
704774,B,J
704763,C,J
703378,F,J
704705,G,H
703550,C,J
704571,D,J
704624,A,J
703755,A,J
704510,G,J
704522,B,J
704521,C,J
704507,B,I
704462,A,J
704449,A,J
704461,B,I
704433,B,J
702570,C,J
704343,A,J
704400,C,J
704390,D,I
703871,C,J
704365,E,J
703237,D,J
701080,B,J
704148,A,J
702716,E,I
704135,B,J
704079,D,J
704124,C,J
704119,B,J
704088,B,I
702941,B,J
686923,C,J
704061,B,J
704058,D,J
704047,E,I
702862,B,J
703969,C,J
703866,D,J
703840,B,I
703843,B,J
650913,B,J
703280,F,I
703727,B,J
703223,A,J
703687,B,J
703613,A,J
702490,D,J
703551,D,J
698460,B,J
699620,B,J
701949,A,J
703408,F,I
698526,B,J
703338,D,D
703311,A,J
703302,B,J
700073,D,D
703278,F,J
703297,F,I
696462,C,I
703226,D,I
703111,E,I
695726,A,I
703159,A,J
703104,D,D
700591,C,J
679105,A,J
703073,D,D
703063,B,J
703031,B,J
703021,D,J
703022,G,I
703012,A,J
702988,B,J
702597,A,J
702920,B,J
702880,C,J
702870,A,J
699789,D,I
689287,A,J
702817,A,J
702779,B,J
665168,E,I
697942,D,J
682940,E,E
702684,A,J
700159,A,J
696484,D,J
702598,B,J
702557,A,J
702589,E,J
701611,C,J
702318,F,J
680934,C,J
696757,B,J
699588,A,J
702470,D,D
702180,D,D
702432,C,I
702413,D,J
701951,A,J
682411,C,C
702367,B,J
702256,E,E
702373,A,J
697233,A,J
702189,G,J
702171,C,C
702165,C,I
701975,F,J
701274,C,J
702018,C,I
702097,C,J
684567,C,J
702096,A,I
702092,D,I
702088,A,J
702064,F,J
702061,A,J
701560,B,J
702013,A,J
702009,A,J
701905,B,J
701366,B,J
701966,C,I
700306,A,J
701892,C,J
701888,D,J
701869,B,J
701832,C,J
699886,F,J
701836,G,J
698407,B,H
701802,C,J
604967,A,J
701730,E,J
701694,C,J
701662,A,J
699714,F,I
701627,B,J
701338,B,J
701590,C,J
701569,B,I
701559,C,J
701583,B,I
701561,B,I
700479,A,J
701547,E,J
701523,C,I
701284,A,J
701215,A,J
701196,E,J
701176,A,J
701177,B,B
698464,C,J
700665,B,J
698547,C,I
695069,A,J
700978,D,D
700883,A,J
700865,B,I
700807,A,J
698691,B,B
699652,C,I
700215,C,J
700214,E,J
674426,F,F
700409,D,J
700423,A,J
699668,D,J
700389,A,J
700075,B,J
700298,E,J
700285,A,J
695748,B,J
679309,B,J
699923,A,J
700144,B,J
700127,B,J
700083,B,I
686474,A,J
695720,D,D
700028,A,I
699896,D,J
699307,B,B
699903,D,J
699011,B,I
699803,D,J
699790,F,J
699784,D,J
699751,F,J
678088,E,J
698531,A,J
693452,D,J
697664,B,J
699725,B,J
697252,B,J
699661,E,J
699567,D,I
699558,A,J
696230,A,J
690070,A,J
696256,B,J
699449,A,J
688682,F,I
699356,A,J
683477,A,J
699331,C,I
699321,C,I
699300,F,I
687338,B,I
699264,A,J
697566,E,I
676308,B,J
698052,B,B
699015,A,J
699030,D,J
699027,B,J
699004,B,J
698976,A,J
698979,D,J
698921,F,I
698952,B,J
698937,G,G
698923,A,J
693361,D,I
698849,A,J
696558,D,J
698839,B,J
696580,C,C
698766,F,J
698760,E,I
698754,C,J
698536,B,B
672169,E,J
698719,B,J
697276,B,J
698662,A,J
698636,C,C
698574,D,J
698545,A,I
698538,D,I
694480,B,J
698463,B,J
698081,A,J
697390,E,J
698465,E,J
698436,C,J
698418,E,J
697999,E,I
698404,D,J
686168,C,J
697392,C,C
698333,F,J
696388,D,D
698313,E,J
698265,A,J
698084,B,B
695684,B,B
697099,D,J
698305,E,J
698231,C,I
698216,D,J
698171,A,J
689542,G,I
698163,G,J
698107,D,J
698012,F,J
698092,B,J
698041,B,I
698016,A,J
697926,G,J
697928,E,J
697891,C,J
690855,A,J
696819,C,J
697667,B,J
697648,E,J
695733,A,J
697627,B,J
695326,D,J
697613,B,J
697612,A,J
676438,B,J
697609,A,J
697592,C,I
697526,B,J
697521,B,J
697523,D,I
697475,E,J
697408,C,J
695149,B,J
697371,E,I
694726,B,J
697262,B,J
697250,B,I
697280,D,J
697234,B,J
697219,E,J
697232,D,J
697215,C,J
675643,B,B
697058,B,J
697165,B,B
683149,D,J
692288,E,J
697042,A,J
697004,C,J
696973,C,J
696966,A,A
696205,A,J
696937,F,I
696922,A,J
696897,D,I
696903,A,J
696192,F,J
696841,D,I
696825,B,J
696826,A,J
696801,A,J
695383,B,B
696785,A,J
696646,C,J
696704,B,J
696758,B,J
692855,A,J
693711,B,J
693693,D,I
696636,A,J
689293,B,J
696682,A,J
696672,F,I
696639,D,I
696537,E,J
696641,D,J
696618,A,J
696601,A,J
696436,C,J
696569,C,J
696566,F,J
696568,C,J
692217,E,E
696549,D,J
695482,C,J
689107,B,B
696428,E,J
677072,E,J
696449,A,J
695951,B,J
696233,E,I
696182,D,I
696390,B,B
600592,A,J
690171,A,J
696337,D,I
696344,C,I
696328,A,I
696335,C,J
692526,E,J
687999,G,J
696174,B,J
673309,A,J
696227,A,J
670337,B,J
696203,A,J
671943,B,J
696188,B,I
696127,D,J
696150,A,J
696160,G,I
695969,C,J
696115,A,J
693707,A,J
696020,F,J
696025,B,J
693317,C,J
695960,A,J
695913,D,J
691788,E,J
685661,B,J
694445,B,J
695876,B,J
695753,G,I
695647,B,J
695672,D,J
685951,E,J
695582,D,D
692011,A,J
551238,F,I
695598,B,J
695575,A,J
695397,A,I
668003,D,I
694089,A,J
695520,A,J
695499,A,J
695460,C,C
695492,D,J
695430,B,J
695429,A,J
695182,A,J
669437,B,J
694826,F,J
695402,D,J
695331,B,J
694981,B,J
695251,A,J
695296,F,I
695255,C,J
668882,E,J
695201,F,I
695203,E,J
695172,A,J
695152,D,J
695127,E,I
692915,A,J
695087,D,J
695093,B,J
695082,B,J
695068,D,D
695035,C,I
695019,A,J
692501,B,J
684880,C,J
694904,A,J
680238,A,J
673321,A,J
694861,B,J
694866,B,J
694798,B,J
681152,B,J
693933,A,J
691973,A,J
694719,C,J
694727,E,I
694714,G,I
656425,D,D
690010,B,J
694553,B,J
694502,B,J
693954,A,J
687406,A,J
693679,E,E
693893,B,B
694413,B,J
694369,A,J
694364,A,J
694199,B,J
694331,A,J
694259,C,J
694108,F,I
694231,F,J
694223,B,J
694196,B,B
694147,D,J
694094,C,J
694067,A,J
645220,A,J
693820,B,J
694032,B,J
694008,E,I
693993,A,J
693932,D,J
693902,B,I
692677,C,J
693845,B,J
693814,B,J
533907,A,J
693652,B,J
693648,A,J
693645,F,J
693629,B,J
693603,C,J
671578,B,J
619219,A,J
693116,D,J
693522,C,J
690167,B,J
693382,C,J
693491,D,D
693291,D,J
691749,A,J
693296,E,J
693430,A,J
693421,A,J
693399,E,J
675624,C,J
693303,E,I
693193,A,J
693196,B,J
693131,C,J
689555,B,J
671975,B,J
693075,C,J
686306,A,J
693061,A,J
693009,B,J
692983,A,J
692928,B,B
692840,B,J
692779,E,I
692794,B,J
692765,C,J
692332,F,F
692772,A,J
692766,A,J
692755,F,I
692746,B,J
692721,E,J
692149,B,J
692633,E,J
688547,A,J
692697,B,J
692695,A,I
692662,B,J
692654,D,I
690245,A,J
692602,C,J
692496,E,I
683842,A,J
692431,D,I
678881,B,J
692328,B,J
692432,B,J
692377,B,B
692382,C,J
691587,D,H
692241,A,J
692336,E,J
689215,D,J
692273,B,J
689768,A,J
692246,C,J
692259,A,J
692231,A,J
692174,C,C
692205,E,I
692154,B,B
692150,C,J
692144,E,J
692136,C,J
692004,B,J
692093,A,J
691994,C,J
692034,D,J
691483,B,J
682280,E,I
689883,A,J
691830,B,J
691545,B,B
691731,E,E
690839,B,J
691663,C,C
691493,E,J
691605,A,J
691588,C,J
691561,A,J
691566,D,J
691516,C,J
691491,A,J
682486,B,J
691424,B,B
691393,A,J
689396,B,J
691395,E,J
691359,B,I
691031,G,J
690974,D,J
691310,B,B
691253,A,J
690981,F,J
690900,A,J
691030,B,J
686414,A,J
623756,C,J
690875,A,J
690871,E,J
690931,B,J
690937,B,J
690882,A,J
690874,B,J
690842,F,F
690844,A,J
690606,D,J
668708,C,C
690766,C,J
690764,B,J
690734,A,J
690707,D,J
689505,A,J
688741,B,J
668394,E,J
690197,C,J
686823,F,J
674595,B,B
690520,A,J
688201,B,J
690501,A,J
690488,C,J
690481,A,J
690475,E,E
690464,B,J
690459,C,I
690024,A,J
689543,B,I
449671,A,J
688289,C,J
689444,E,J
690315,C,I
686975,F,J
690263,F,J
685488,F,J
688056,B,B
690212,C,J
689810,A,J
683534,A,J
690191,D,J
690178,E,I
671363,A,J
690154,F,J
690138,B,I
689989,B,J
690077,B,J
678533,A,J
689986,B,J
690027,B,J
690025,B,I
690036,E,E
684740,A,J
689961,E,J
689939,B,J
689934,A,J
689923,E,J
688799,E,I
688516,A,A
689904,E,J
689834,E,E
689114,E,E
689052,B,J
681814,E,J
687479,B,J
689627,E,J
689598,A,J
689589,B,J
676271,A,J
689587,C,J
689567,A,J
689552,B,J
689549,A,J
670110,D,D
680059,B,J
687690,B,J
679744,A,J
677855,D,D
689371,F,F
689330,B,J
688377,A,J
688792,D,J
689255,A,J
689262,B,J
689195,E,J
689192,A,J
689154,A,J
689149,B,J
689115,B,I
689092,C,J
689089,B,J
689064,B,J
689036,A,J
688988,B,J
669424,A,J
688840,C,I
688964,F,J
688924,C,C
688858,A,J
688914,A,J
688911,C,J
688845,C,J
688793,F,F
687995,A,J
666355,A,I
679944,C,C
688740,F,J
688695,C,J
680893,C,J
687893,D,I
688659,C,J
688588,C,C
688569,B,J
688513,E,E
688483,A,J
688463,B,B
669660,D,J
684673,D,J
688415,E,J
688360,E,J
687206,B,B
688262,C,J
686170,A,A
688200,E,J
688186,D,J
688168,E,J
676186,B,J
688026,E,J
688020,D,J
687939,A,J
687902,C,J
687363,B,J
687655,F,F
687915,A,J
687805,E,J
687877,C,J
687875,A,J
687745,C,C
687785,B,I
687649,B,J
686989,F,I
687669,B,B
687503,G,J
687618,B,J
687570,A,J
687550,B,I
687534,B,I
686310,D,J
687218,A,J
687492,E,J
675933,F,J
687417,E,J
687408,A,J
687405,B,J
687214,B,J
687361,B,I
683816,A,J
676097,A,J
687289,A,J
683581,B,J
687230,A,J
687235,E,J
687222,A,J
679525,F,I
687163,A,J
685965,D,H
680482,A,J
687134,B,J
687114,B,J
687022,D,J
682668,C,J
687065,B,J
687062,G,J
687039,C,J
686910,E,I
686911,A,J
686899,F,J
686857,D,J
686849,A,J
686793,C,J
686797,B,B
686253,C,J
686772,C,J
686750,C,J
686751,D,J
686062,C,J
686476,A,I
683809,B,J
665789,A,J
684720,C,J
686431,D,D
686089,A,J
686343,D,I
686283,B,J
686263,B,J
684817,A,J
686248,E,J
680631,B,J
686232,D,J
686223,A,J
686219,D,J
685713,A,J
686196,A,J
685376,D,J
686069,A,J
686059,B,J
685859,B,J
685572,C,C
684843,A,J
684807,B,J
685886,G,J
685502,E,J
685850,A,J
684594,E,I
685799,A,J
685685,B,J
681450,B,J
685715,F,J
685712,A,J
683656,C,J
685690,A,J
684141,A,J
685677,B,J
682541,B,J
685653,B,J
684519,F,J
685561,A,I
685540,A,J
685536,A,J
685525,C,J
685481,A,J
685486,B,J
685510,B,J
684811,A,J
683592,A,J
683109,C,J
685438,A,J
685480,D,I
685444,B,J
685464,B,J
685450,C,I
667595,B,B
681069,F,J
685339,B,I
685289,B,J
684055,E,I
685258,A,I
675007,F,J
679691,A,J
685139,A,J
684314,B,J
683080,A,J
685078,B,J
685085,A,J
680000,D,J
685052,B,J
685046,D,J
684264,E,J
685037,D,J
681501,C,J
684988,D,J
684950,B,J
684976,E,J
684868,D,D
676013,G,J
684855,G,I
674906,B,J
684512,B,J
684402,B,J
684665,B,J
684630,G,J
684790,E,J
684733,B,J
684732,D,I
684698,A,J
684661,F,I
684676,A,J
684637,A,J
684571,C,J
681830,E,J
684552,D,I
684493,B,J
638816,C,J
684456,C,J
684430,E,I
684390,C,J
680940,A,J
684331,A,J
681752,B,J
684272,A,J
684273,B,J
683594,A,J
684223,B,B
684205,C,J
678788,B,J
684154,B,J
683681,B,B
676161,A,J
683989,A,J
684004,D,J
683177,B,J
683977,B,J
683965,B,J
683963,A,J
683909,B,J
683908,A,J
661393,E,J
682611,D,D
683866,B,J
683805,A,J
683804,E,I
682142,B,I
683595,A,J
683737,B,J
677834,F,J
683723,C,J
678681,A,J
683688,F,J
681320,C,J
683648,B,J
683478,D,J
683627,B,J
683634,C,C
683587,D,D
683567,A,J
683572,B,J
681948,A,J
680492,A,J
683509,B,J
683476,F,J
683227,A,J
683494,B,I
683428,E,I
364693,D,I
679353,A,J
683411,F,F
683311,A,J
682043,A,I
683337,A,J
682053,D,J
683236,E,J
683251,C,J
683175,D,D
683201,A,J
683184,D,I
683183,A,J
682295,B,J
683164,B,J
683166,A,J
683165,A,J
683134,B,J
683089,C,J
683037,B,I
683020,A,J
683016,C,J
682975,A,J
675584,B,J
682941,D,I
682101,C,C
679565,C,J
682866,E,J
682867,E,E
682833,C,J
682824,E,E
677032,A,J
682633,A,J
682766,A,J
661576,B,J
682246,C,I
682691,E,I
682648,D,J
682634,D,I
682652,A,J
663275,F,J
682198,A,J
682554,E,J
680291,B,J
682158,D,J
682469,A,J
679662,B,J
682488,C,J
676332,C,J
682254,C,J
682422,F,F
681502,D,I
661254,E,J
681637,B,J
680899,F,J
681341,A,J
682188,E,J
682181,B,I
682162,D,J
682143,C,I
681895,A,J
677492,B,B
682070,B,J
682064,B,J
681305,A,J
679758,C,C
682078,C,J
682030,B,J
682014,C,J
682002,C,C
681967,B,J
679022,B,I
679852,B,J
681845,G,G
679103,E,I
681850,B,I
678747,D,D
681056,D,D
678796,E,I
681831,C,C
681742,B,J
681716,A,J
681644,B,J
679227,C,J
681508,B,B
677482,A,J
680710,B,B
681081,B,J
681511,A,I
674448,G,G
677683,B,B
680822,A,J
673667,D,J
660209,A,J
681403,B,J
681317,C,J
681304,C,I
681298,B,J
681226,B,J
681279,B,J
681270,A,J
681261,E,J
681241,A,J
681203,E,E
675806,D,J
681214,B,J
681149,E,J
681154,B,J
673303,B,J
679480,B,J
681146,D,I
681142,C,I
680422,D,I
681106,B,J
679760,A,J
681101,C,I
627501,A,J
681087,A,I
681074,G,J
679659,A,J
680992,F,I
680942,G,G
552575,B,J
680941,B,J
680911,C,J
680891,E,I
679239,E,I
680776,B,J
677842,B,J
680791,F,J
680694,B,I
680688,A,J
680684,C,J
680661,C,J
662382,B,B
680672,E,I
655951,A,J
680544,A,J
680607,C,J
680577,B,J
680566,C,J
680556,C,J
680409,B,J
680503,A,J
678697,B,J
680400,B,I
680470,B,J
680444,B,J
675316,D,J
680433,A,J
680365,A,J
680393,D,J
680418,B,J
680385,C,J
680395,D,J
664844,D,D
680324,B,J
680314,C,C
680286,C,J
680256,B,J
680249,A,J
680191,E,E
680206,E,H
680190,A,J
680174,C,J
679974,C,J
680155,B,B
680149,C,J
680131,B,J
680113,B,J
680061,C,J
680092,A,J
680060,A,J
678544,D,I
680027,A,J
679950,C,J
679962,A,J
679109,C,C
675333,B,J
669714,C,C
679929,F,J
678324,B,J
670575,E,I
679874,A,J
679848,F,I
679826,D,D
679780,B,J
679794,A,J
679776,B,J
678825,D,J
679706,D,D
673379,G,J
679644,A,J
679610,B,J
679572,D,I
679527,A,J
679533,B,J
679427,B,J
677326,D,J
679411,B,J
676301,B,J
679356,B,J
679185,B,J
679352,B,I
678492,A,J
678850,A,J
679332,D,J
679279,A,J
679192,D,J
679122,A,J
679170,B,J
679178,A,J
679159,D,J
679153,A,J
679146,B,J
679119,B,B
679090,B,J
678898,E,J
679069,A,J
679067,B,B
679053,B,I
679025,B,B
679046,E,I
678829,A,J
679002,E,I
679000,C,J
661301,C,C
676647,A,A
678924,A,J
678920,C,J
675685,D,D
678894,B,J
678900,C,J
677937,F,J
678853,G,J
677131,C,J
678843,A,I
678777,A,J
657579,A,J
678744,A,J
678719,A,J
678241,C,J
678079,D,J
678700,A,J
678703,B,I
678614,D,D
678592,B,J
678588,C,J
678561,C,C
676203,A,J
676756,E,J
678531,B,J
678498,D,D
678514,D,J
643312,A,J
678473,E,J
678461,F,J
678451,F,J
678399,A,J
678381,B,J
678349,A,J
678342,C,J
678339,E,J
678299,C,J
678292,E,J
678210,B,J
677802,E,J
678133,C,J
678177,B,J
660692,A,J
678117,F,J
670808,E,I
652961,E,E
678125,B,J
678111,B,I
678086,A,J
677115,C,J
677983,A,J
677798,A,J
678015,C,I
677988,E,J
677932,C,J
677901,B,J
677902,E,E
675966,C,J
677888,B,J
677882,C,C
676047,C,J
677202,D,J
676812,A,J
677760,B,J
676230,B,J
663918,A,J
677605,C,J
672315,B,J
677690,A,J
677684,E,J
677677,A,J
677670,A,J
676290,A,J
677651,C,J
677650,A,J
677567,B,J
677569,C,J
677563,C,J
677017,A,J
677497,D,J
677491,A,J
671393,D,J
677086,A,J
635634,B,J
668100,B,J
677395,A,J
677398,B,J
677405,A,J
675108,D,J
674942,C,J
677354,G,I
670699,F,J
677347,B,J
677342,B,J
677330,F,J
664509,D,J
677310,B,J
677324,B,J
677271,C,J
677175,B,J
665444,F,J
677134,C,J
677199,F,J
677162,B,J
677048,A,J
676629,A,J
677087,E,I
676123,B,J
677108,C,J
677043,E,E
677014,C,C
677055,E,I
677049,B,J
674846,C,J
676849,B,J
672711,A,J
676980,F,F
675170,A,J
676986,B,I
676247,B,J
676959,A,J
676941,B,I
676800,D,J
676925,F,I
676867,B,J
676880,A,J
676202,D,J
673809,C,J
675763,E,J
676543,B,J
676779,E,I
676637,B,B
675272,B,I
676706,B,J
652902,A,J
676667,B,J
676630,A,J
675563,D,J
676546,A,I
676521,B,J
676495,A,J
676502,A,J
676471,G,J
676423,C,J
676417,A,J
676430,D,J
676427,A,J
676410,B,J
676382,D,J
676313,B,J
676285,D,D
675733,F,F
676268,C,J
676226,C,J
676204,B,J
675500,D,D
676147,D,J
676051,A,J
658521,A,J
676079,B,J
676042,D,I
676033,A,J
676035,B,J
676031,C,J
675379,B,J
675764,A,J
676019,B,J
676021,C,C
669335,C,J
675971,A,J
675963,C,I
675917,A,J
675952,F,I
675920,D,J
675850,E,I
675918,C,J
675873,B,J
675900,B,J
675855,F,J
675864,B,J
675607,F,F
675858,A,J
675837,A,J
675827,E,J
675816,D,J
675815,F,F
675807,D,J
674982,G,I
675777,A,J
675788,D,J
675343,C,I
675756,D,J
675469,A,J
675737,A,J
675736,D,J
675716,A,J
675717,A,I
675702,A,J
675701,C,J
675687,B,J
675642,A,J
675629,A,J
675621,F,F
675609,D,J
675565,B,J
675591,C,I
675527,C,J
675575,F,J
675570,C,C
675545,C,C
675553,B,J
675548,A,J
675547,A,J
675534,F,F
675537,F,J
675529,D,J
675511,A,J
675497,A,J
675495,A,J
675501,B,J
675486,A,J
675323,A,J
675344,A,J
671030,B,J
675301,A,J
675296,A,J
622629,A,J
675281,A,J
675289,B,J
675283,B,J
675276,B,J
675269,A,J
673216,B,J
675248,B,J
675264,A,J
673461,D,J
675221,A,J
675223,C,J
674376,B,I
675104,D,J
660835,C,I
675042,B,J
675017,C,J
675015,B,J
674975,A,J
672391,F,I
674931,D,I
674948,E,J
674952,D,I
674950,B,J
674652,A,J
674220,E,J
674916,A,J
674851,B,J
674848,F,J
672549,E,E
674747,D,D
674719,A,J
674788,C,J
674749,G,J
660042,A,J
674720,A,J
674647,B,J
674675,D,I
674670,B,I
663472,A,I
674629,A,J
665771,C,J
674613,A,I
661930,A,J
674589,B,J
674511,E,E
674492,B,J
674490,D,J
674451,E,I
660407,E,J
673142,D,J
674399,D,J
674359,A,J
674378,B,J
674320,C,J
668535,A,J
674275,A,J
674014,B,J
674290,A,J
671796,D,J
667191,C,J
674232,C,J
671073,C,J
664388,B,J
674221,A,J
674215,A,J
672419,B,J
674099,E,E
647746,A,J
674085,B,J
674088,A,J
674071,E,I
673585,A,J
673945,B,J
668278,C,J
673932,D,J
673901,B,J
673900,A,J
673841,A,J
672227,B,J
673814,A,J
673800,D,J
667298,A,J
673776,C,J
672199,D,J
673491,F,J
673722,D,J
673721,B,J
673712,A,J
673632,A,J
673602,C,J
673620,B,J
673623,C,I
673608,B,B
673529,A,J
663107,C,J
673506,B,I
673463,B,J
673432,A,J
673377,B,J
673363,B,J
659735,F,H
673352,A,J
673339,C,J
669575,A,J
673307,E,I
670047,A,J
668830,A,J
673062,A,J
673070,E,I
673032,A,J
673001,C,I
673008,A,J
672798,B,J
672974,A,J
672970,G,G
672895,A,J
672373,B,J
672866,A,J
672861,A,J
672476,B,B
672806,A,J
672742,A,J
672731,C,J
669263,D,J
672769,B,J
672739,C,J
672083,B,J
672722,B,J
672705,C,J
672712,C,J
631535,C,J
672671,A,J
672692,C,J
670888,A,J
672680,E,J
672642,B,J
672605,B,J
672300,A,A
669492,A,J
672501,E,J
672469,E,J
672441,A,J
671613,B,J
668700,B,J
672351,B,J
672343,B,J
672322,A,J
672324,B,J
672327,E,J
669239,E,J
633105,F,F
669514,C,J
672173,A,J
671047,B,J
670462,E,I
664978,C,J
672108,C,J
672088,B,J
672089,E,J
672086,C,J
672051,D,D
672042,C,I
672025,C,J
671996,A,J
661996,B,J
671966,B,J
671962,C,J
671941,D,J
671932,B,I
671912,A,J
671891,C,J
671870,C,J
671452,C,I
671846,A,J
671807,B,J
671101,B,J
670403,A,J
663867,B,J
671803,E,J
671782,B,J
671761,C,I
653074,B,J
664007,C,J
669002,B,J
671163,D,J
671552,A,J
670763,C,J
670118,B,J
661618,A,I
671516,E,I
671498,C,J
671468,B,J
670812,A,J
671416,G,I
671179,B,J
670765,A,J
665323,A,J
670357,C,J
671365,A,J
670037,F,J
671259,C,I
671243,E,J
670653,B,J
671238,E,J
671210,A,J
671197,A,J
671193,B,J
671194,B,J
669256,A,I
668452,F,J
671167,A,J
671136,C,J
671087,B,J
668182,D,J
670997,A,J
662335,E,J
670978,A,J
670942,A,J
670870,D,I
670159,F,J
670935,D,J
669574,D,J
670596,D,J
670906,B,J
670901,A,J
661584,C,J
670717,C,J
670852,B,J
665435,A,J
670853,E,J
670841,B,J
670830,A,J
670832,B,J
670599,C,J
670785,A,J
662054,C,J
670757,B,J
670431,E,J
670673,G,J
483065,A,J
670723,B,J
654211,E,I
668941,A,J
668348,D,J
670689,E,J
668301,A,J
649158,A,J
670353,D,J
670634,B,J
642223,E,J
670547,E,I
667850,B,J
670627,B,B
670625,A,J
670629,F,J
668553,F,J
670591,B,J
670563,B,J
670582,B,J
670585,A,J
670022,F,I
667833,B,J
670233,B,J
670527,D,J
670471,B,J
670466,A,J
670083,B,B
670475,B,I
670488,C,C
670271,B,I
670409,F,J
670397,A,J
670388,D,J
666332,E,J
670360,B,J
670331,D,J
670280,A,J
670308,G,J
665465,E,J
670267,B,J
670226,B,J
670277,A,J
660530,E,J
670178,F,J
670222,E,J
670165,E,I
670099,A,J
670192,E,E
667780,A,J
670149,B,J
670133,E,E
670124,E,I
670105,D,I
670092,B,J
670030,B,J
670036,B,J
669582,A,J
669732,B,J
669735,A,J
666045,B,J
669678,B,J
667870,E,J
669579,F,F
669586,B,J
669559,B,J
669564,B,I
669149,E,I
669546,F,J
669210,A,J
667663,A,J
669521,A,J
669503,B,J
668787,A,J
669498,F,J
669474,B,J
669409,A,J
669436,A,J
667130,C,J
669298,A,J
669421,B,I
669413,B,J
647417,B,I
669400,A,J
669394,B,B
669378,E,J
650638,C,J
669340,A,J
669286,B,J
667877,B,J
667702,B,J
669297,G,J
652636,C,J
661207,B,J
669167,C,J
669219,C,J
662379,F,J
669203,D,D
668426,B,J
669200,C,I
666953,C,J
669087,C,I
666337,F,F
669128,D,J
669057,A,J
669046,C,J
669010,D,J
669037,C,J
669015,C,J
668994,F,J
668218,C,J
668983,B,J
668727,A,J
668836,A,J
668845,B,J
668661,B,J
668841,E,J
668826,A,J
668827,B,J
668685,B,I
668271,C,I
667139,B,J
668053,A,J
640792,B,I
668677,A,J
668663,B,J
668658,B,J
668646,C,J
668616,A,J
668594,E,E
668586,B,J
663331,B,J
668513,A,J
668514,B,J
667351,B,J
668490,A,J
668450,A,J
668438,B,J
668390,C,J
666129,B,J
668342,B,J
651379,D,J
664483,C,C
668304,A,J
668258,B,I
663394,B,J
668225,A,J
668111,A,J
668166,G,J
668165,B,B
664374,B,J
640096,A,J
668038,D,J
668144,A,J
668106,B,J
668101,B,J
668076,C,J
661258,G,I
668020,C,J
667410,E,J
667963,A,J
664027,A,J
667962,A,J
667961,C,I
667933,C,I
667916,A,J
667864,B,J
666729,C,J
667824,C,J
667788,A,J
665308,C,J
664941,C,J
667685,C,J
667758,A,J
667752,D,J
651815,D,J
667712,A,J
667593,B,J
667654,B,J
667646,A,J
667637,A,J
667624,F,I
667320,E,I
666283,B,I
667392,F,I
667352,C,J
666636,A,J
666024,B,J
667214,A,J
667291,B,B
528329,B,B
667247,B,J
666481,B,J
666026,B,J
667200,B,J
667189,B,J
667193,D,J
667144,B,J
645507,D,J
666590,B,J
667062,D,J
667056,E,J
666999,A,J
666990,B,J
666996,E,I
666976,B,B
666970,B,J
666959,B,J
666941,A,J
660762,A,J
666920,B,J
653378,B,I
664437,B,J
666898,E,E
666424,E,E
666847,C,I
666835,D,J
658148,C,J
666779,B,J
660405,A,J
656074,A,J
666742,B,J
666725,C,J
666717,A,J
666719,G,J
666703,D,D
666705,A,J
666496,D,J
666653,C,J
664309,A,J
666662,B,J
662951,E,J
666647,E,J
666646,B,J
666648,A,J
666012,B,J
666622,F,I
666584,B,J
666607,B,J
666599,B,J
666595,C,J
666437,D,J
666465,A,J
666533,B,J
666530,A,J
666473,A,J
666388,B,J
666468,F,J
665781,A,J
666345,G,J
666407,B,J
666443,B,J
666427,F,J
666395,B,J
665200,D,J
666366,E,J
666364,D,I
652750,C,I
666334,D,J
664718,B,J
659948,B,I
665844,C,I
666295,A,J
666299,B,J
665939,G,J
666244,C,J
666215,A,J
666196,A,J
666169,E,E
666141,B,J
666036,D,J
666097,D,J
664637,D,J
666077,A,J
666052,A,J
664858,C,J
664168,B,J
665951,E,J
665972,A,J
664023,C,J
665941,C,J
665932,C,J
665826,C,J
665860,B,I
664694,A,J
665693,E,I
665076,E,J
665748,A,I
660332,B,J
665722,B,J
665705,A,J
665665,A,J
665644,G,I
663412,F,J
665607,F,J
665568,D,J
600814,D,J
665552,F,J
665531,A,J
656152,D,D
650298,D,J
665520,A,J
664456,C,J
665497,D,J
665503,A,J
665482,B,J
665472,B,J
665470,B,J
665402,C,I
664751,D,J
660949,C,I
665245,A,J
665359,B,J
658561,B,J
665330,D,J
665294,A,J
625982,B,J
664218,B,J
665236,C,J
661446,G,J
665272,A,J
665251,D,J
665270,A,J
664845,A,J
664561,B,J
665071,A,J
665198,A,I
665169,A,J
665160,C,I
665143,A,A
664618,A,J
648333,B,J
663899,B,J
664737,A,J
665074,B,J
645689,D,J
665019,D,J
665020,A,J
665015,C,J
664913,A,J
665009,B,J
664207,A,J
664914,B,J
664886,B,J
663317,E,J
648247,A,J
651301,F,J
664660,A,J
656081,B,B
664779,B,J
664756,C,J
664738,A,J
664740,B,J
664688,E,I
664680,B,I
664666,A,J
663454,E,J
664592,B,I
664583,D,H
664575,E,E
662106,A,J
654018,B,J
651414,A,J
647778,E,E
664538,B,B
654074,C,J
664532,D,J
664512,D,I
655011,C,J
664482,D,D
664424,A,J
663995,C,J
664288,B,J
664404,F,J
664384,A,J
664402,B,J
664395,A,J
662970,A,J
664146,A,J
637553,A,J
664271,B,J
664276,E,J
664231,B,J
663839,D,J
663606,A,J
643213,F,I
664211,A,J
664202,C,I
664185,B,J
664132,A,J
662659,A,J
663080,B,J
664117,B,J
655882,B,J
664100,C,I
664050,A,J
664046,B,J
663059,B,B
662416,B,I
664025,B,J
664000,C,I
663996,A,I
663969,B,J
663981,B,J
663913,B,J
663895,C,J
663901,F,F
663744,B,J
663742,C,C
663723,B,J
663698,B,J
663655,B,J
663040,C,J
663626,A,J
663385,E,I
663607,C,J
663515,C,J
661329,B,I
663592,D,J
663381,B,J
663508,C,J
647611,E,E
663524,B,J
663493,C,I
662445,A,J
657244,D,J
663451,A,J
663422,B,J
636225,C,J
663413,B,J
663397,D,J
662956,E,E
663318,B,B
663302,C,J
656828,G,I
662664,B,I
663103,C,J
663272,D,I
663270,C,J
663263,F,J
663249,B,J
663246,D,J
658934,D,J
663164,D,I
662383,E,E
663049,D,J
660801,D,J
662969,C,C
662967,C,J
662943,C,J
644787,D,J
662938,A,J
662891,A,J
662888,B,J
662770,B,J
662576,F,J
662849,B,J
650283,B,J
662846,E,I
662813,B,J
660772,F,J
662771,F,J
662673,B,J
662678,B,J
662688,B,B
662747,B,J
662743,D,J
662734,A,J
662719,D,I
662722,A,J
658546,B,J
662674,C,J
662696,C,J
622766,C,J
662601,B,J
662660,C,I
662662,A,J
662657,A,J
662625,B,J
662638,A,A
662636,C,J
658311,A,J
662604,D,J
662596,A,J
660576,C,J
662580,B,J
662564,D,J
662414,B,J
662552,B,J
662462,A,J
662418,C,J
660413,C,J
658208,E,J
662361,A,J
661850,A,J
662367,A,I
662356,A,J
662350,A,I
662349,A,J
661459,A,J
662323,B,J
662268,A,J
662255,A,I
662247,B,J
652178,B,J
661062,D,J
646473,B,J
662208,E,J
662157,E,J
661548,A,J
662180,A,J
655993,B,I
662167,C,I
662146,B,J
662142,A,I
662126,D,J
662135,D,I
662034,B,I
662029,A,J
661174,C,J
662024,E,J
660607,A,J
661983,A,J
661952,D,I
657487,C,J
661905,A,J
661900,A,J
661886,D,D
650887,E,J
661835,C,J
661434,B,J
661805,A,J
661768,B,J
658615,C,J
661748,B,J
661624,C,J
661743,C,J
661746,A,J
661726,B,J
661219,B,I
655149,A,J
661665,B,J
657990,B,J
661658,C,J
661620,B,J
654792,A,J
661564,E,J
660199,A,J
660157,C,I
649014,B,J
660256,B,J
661496,F,J
661538,B,J
654619,A,A
661495,B,J
661521,F,I
661452,D,J
661467,C,J
661268,E,J
661448,A,J
661431,D,J
619498,G,J
661389,B,J
661218,C,C
661368,A,J
661374,B,J
658918,A,J
661361,C,I
661328,B,J
661323,B,J
660822,C,I
655111,D,I
661262,C,I
661230,C,J
660797,F,J
661225,A,J
661137,B,J
658843,A,J
661180,C,J
661153,B,J
660470,A,J
661158,A,J
661138,A,J
652036,F,J
661111,D,D
661116,B,J
661059,A,J
661052,A,J
661049,D,J
649075,B,J
661005,B,J
657660,F,F
660991,B,J
660987,A,J
659024,C,J
657025,D,D
660912,D,I
660929,B,B
660921,A,J
657410,C,J
658968,B,J
660892,A,J
660889,A,I
660817,A,J
660869,B,J
660862,C,I
660850,B,J
660819,C,I
660830,C,J
660798,G,I
658339,B,J
655377,B,J
660786,B,J
641983,D,J
660519,A,J
660390,E,E
657058,C,J
660734,C,I
660724,B,J
649668,C,J
660629,B,J
660683,B,J
660681,D,J
658710,B,J
659863,A,J
660615,E,I
659790,E,J
659221,A,I
651356,C,J
660567,D,J
660534,A,J
660531,A,J
660278,A,J
660473,B,J
660464,C,J
643919,A,I
660438,D,I
660441,E,J
646965,B,J
543957,A,J
660403,D,J
660394,B,I
660367,C,J
660364,A,J
660366,A,J
660327,B,J
660306,B,J
659869,D,I
660294,A,J
660257,A,J
660249,B,J
651473,B,B
660184,B,J
660162,B,J
652420,D,J
660114,D,I
659645,D,D
660063,B,J
659426,B,J
650783,C,J
660024,A,J
597795,A,J
660009,B,J
659954,B,J
658390,A,J
659884,A,J
659857,A,J
659850,A,J
659800,B,J
659782,D,J
659691,D,J
659745,B,I
656389,D,D
659704,B,J
659702,D,J
553429,C,J
659698,B,J
642720,E,J
659649,A,J
659646,D,D
659611,C,J
659597,D,J
657326,E,I
659533,E,I
659493,E,E
659483,E,J
658399,C,I
659466,A,J
658167,B,J
658704,C,J
649145,B,J
656799,D,J
659409,B,J
657666,E,J
659394,D,J
659365,A,J
644660,A,J
658070,A,J
659352,A,J
659318,A,J
658464,C,C
659310,B,J
659299,B,J
659280,D,I
659238,D,J
659210,D,J
659208,B,J
659199,B,J
659209,C,J
656256,B,J
659193,C,J
658711,A,J
659177,C,I
657891,B,I
659157,C,J
648424,B,J
659105,C,J
659102,B,J
658935,E,J
659099,D,I
659056,E,E
658322,B,J
658545,D,D
659026,C,J
658796,A,J
658982,B,J
658974,D,D
658960,C,I
651337,C,J
655655,A,J
656243,B,J
658571,C,J
657556,B,J
658883,C,J
658834,C,J
647605,A,J
658821,A,J
658815,E,J
658784,A,J
655857,B,J
658701,E,I
655958,E,I
658665,D,D
643706,B,J
651689,C,J
658628,A,J
658517,E,J
648708,B,B
658553,B,J
658588,E,J
653286,A,J
658585,A,J
658565,B,J
658549,A,J
658473,B,J
657428,D,J
658485,A,I
658407,A,J
658224,A,J
658457,B,J
656493,C,J
658430,C,J
658423,A,J
658408,C,J
653909,A,J
658355,B,I
658342,B,B
658265,C,J
656945,C,I
658285,E,J
658256,A,J
658247,B,J
658251,B,J
656858,A,J
658238,E,I
658227,D,J
658186,B,J
658204,A,I
658182,A,J
645367,C,C
658170,C,J
657682,C,J
643165,C,J
658019,B,J
657997,B,J
657962,A,J
657934,A,J
657924,E,J
657915,C,J
657900,B,I
657863,A,J
654878,A,J
657769,C,J
657767,D,J
657771,A,J
657589,D,I
654586,D,J
657727,E,J
657718,C,J
646675,B,J
656399,B,J
657622,D,J
657705,A,J
654700,B,J
657690,C,J
657671,C,C
647506,D,J
652276,B,J
657052,B,J
657631,B,J
651627,A,J
655730,C,J
657610,F,J
639812,B,J
639370,G,G
657563,B,B
657342,A,J
657546,A,J
637670,B,J
656864,A,J
657476,B,J
657465,B,J
657427,D,J
657408,A,J
657411,B,J
657404,A,J
624787,E,I
657388,D,I
657378,B,J
657350,A,J
657358,D,J
657352,B,J
633190,C,J
656295,G,J
657325,C,I
657334,A,I
657319,D,J
657321,A,J
655646,C,J
657075,B,J
657199,A,J
657220,A,J
657219,F,I
657208,D,I
657197,A,J
648886,C,J
657172,C,J
657167,C,C
657142,B,J
657132,E,J
657107,B,J
653891,E,I
657093,A,J
657036,A,J
649688,D,I
649582,F,J
641523,C,J
657067,D,J
657053,A,I
657044,C,J
657043,C,J
654549,B,J
657037,B,J
657031,E,J
656937,B,J
638221,D,J
656918,G,I
656851,B,J
657003,C,J
657010,B,J
656967,C,J
656964,A,J
656917,E,E
651942,B,J
654689,B,J
656877,E,J
656099,C,J
655601,B,J
656846,B,J
651893,B,I
656792,A,J
656790,D,I
655764,C,J
656660,A,J
656652,D,J
656642,E,I
651566,C,J
655043,A,J
656520,B,J
656522,C,J
656487,C,J
656423,C,C
656300,D,I
655520,E,J
656308,C,J
655887,A,J
654046,D,J
656171,D,J
656319,A,J
656273,F,I
656304,C,J
656302,B,J
656292,A,J
656009,C,I
656269,A,J
656055,D,I
645962,D,J
656251,C,J
654844,E,J
656227,D,J
656213,B,J
656202,C,J
656207,D,J
656215,A,J
656165,D,J
656157,C,I
656144,A,J
656137,D,J
656096,A,J
656057,A,I
656053,A,J
656039,B,J
656013,B,J
656002,A,J
654709,B,J
655990,A,J
655940,B,J
655892,B,J
655893,A,J
654518,C,I
655822,C,J
655752,E,E
655691,B,I
655674,B,J
655675,A,J
652280,A,J
638959,A,J
655197,C,J
655604,E,J
636114,B,J
655383,B,J
655533,D,J
654907,A,J
654177,D,D
655392,A,J
655306,B,J
655370,B,J
655357,B,J
624702,A,J
655334,A,J
655284,C,J
655264,B,J
646043,A,J
654672,E,E
655164,C,C
653721,A,J
644409,A,J
655115,C,I
655057,A,J
655063,B,J
655000,D,J
640372,D,I
655023,A,J
655016,C,C
654995,B,J
654916,D,J
654915,D,J
654898,B,I
654859,F,I
654824,B,J
654813,C,J
654789,B,J
654777,B,J
654686,C,J
654773,B,J
650945,E,J
654769,A,J
654352,B,J
654707,B,I
652490,B,J
646519,C,I
654677,B,J
654571,C,J
645757,B,B
654564,B,J
651219,D,J
654557,A,J
648582,B,J
654528,B,J
654505,B,J
654488,B,J
654479,A,J
654411,C,I
653494,A,J
654382,E,J
642940,A,J
654310,B,I
654313,C,I
652997,A,J
654284,C,J
646094,E,J
650671,C,J
654239,E,J
651651,B,J
654190,C,J
646994,D,I
654105,A,J
645928,A,J
654179,B,J
654161,C,J
654150,D,J
644052,A,J
654110,A,J
654082,B,J
654093,B,J
649691,B,J
654087,D,J
654063,D,J
654081,B,J
652367,D,J
654045,A,J
654043,A,I
644119,B,J
651084,D,I
652611,E,J
652604,D,J
653968,E,E
653959,B,I
653933,F,F
653939,F,I
653476,A,J
653914,B,J
652593,G,J
653841,A,J
653852,C,C
653843,B,J
653823,E,J
653204,C,I
639472,B,J
648667,D,J
653781,A,J
474796,B,B
652433,C,J
652958,A,J
653751,A,J
653166,C,J
653727,A,J
653735,B,I
653722,D,I
647869,B,I
653657,D,J
653662,A,J
653656,D,J
653649,B,J
653576,E,J
650196,D,J
653507,B,J
652545,A,J
651508,A,J
653426,F,J
653437,B,J
653425,D,J
653364,A,J
650256,A,J
646833,B,J
653379,E,J
653363,A,J
653370,C,J
651099,A,J
653306,E,J
653209,B,J
653295,F,J
653289,E,I
653281,A,J
651216,E,I
653227,B,J
652916,D,J
653211,A,J
653195,B,J
652594,B,J
653174,B,J
647813,A,J
653170,E,J
653147,E,J
653139,C,J
653141,A,I
653136,D,D
653009,B,J
653096,C,I
653066,A,J
653075,B,J
653051,E,E
653047,B,J
653021,B,J
651632,C,J
652998,F,J
652080,E,J
652979,A,J
652960,E,I
649797,A,J
649769,B,B
651913,C,I
629754,D,J
650245,E,J
633495,B,J
652885,D,D
648590,F,F
652534,F,J
652764,E,I
652820,E,J
652819,A,J
652753,D,D
652782,A,J
652758,A,J
652738,D,J
652727,B,J
652705,A,J
650446,C,J
652128,D,I
649984,B,J
651455,A,J
652607,A,J
652585,B,I
652330,B,I
652559,A,J
652565,A,J
652236,B,J
646390,A,J
652507,C,I
652517,C,J
652380,B,B
648440,D,J
645828,B,J
652444,B,I
650146,A,J
652261,B,J
652352,A,J
651012,A,J
652371,B,J
651424,B,J
652286,B,J
652315,B,J
652312,A,J
652229,D,D
652173,G,J
652118,A,J
652246,E,J
652123,D,J
652172,D,I
652195,A,J
652165,B,J
652122,A,J
651535,A,J
652021,E,J
651997,C,J
652038,C,J
652022,E,J
650007,A,J
651991,C,J
651982,D,J
651975,B,J
651958,D,J
651937,C,J
651934,A,J
651923,B,J
651929,A,J
651918,D,J
651014,F,J
651824,B,I
650821,D,J
649164,B,B
651829,D,J
651778,B,J
647890,A,J
651738,D,J
651737,C,J
651723,B,J
651575,B,J
651711,B,J
651704,D,I
651217,B,J
651668,B,J
651678,D,J
651657,A,J
651496,E,I
651642,A,J
640042,B,J
651617,D,J
651601,C,J
651340,B,J
651578,C,J
651549,B,J
651550,A,J
651503,E,J
651495,B,J
641435,A,J
650553,E,J
651423,A,J
646774,B,J
651409,E,J
651394,B,J
651371,B,J
649440,C,J
649318,B,J
651304,B,J
651345,C,I
645750,B,J
650706,A,J
651274,B,J
650968,A,J
651269,D,J
649485,B,J
649179,C,I
644217,B,J
651235,B,I
650013,D,I
649236,A,J
651163,F,J
651143,B,J
651131,B,J
645396,B,I
651118,A,J
649918,B,I
645777,A,J
649128,B,J
651097,A,J
651079,A,J
647327,A,J
649790,A,J
649929,B,I
649256,E,J
649310,D,J
637929,B,B
649921,G,J
651015,A,J
650951,F,J
650938,A,J
650916,A,J
650922,B,J
649586,C,J
648774,C,C
646870,D,J
650882,C,J
650748,C,J
650732,B,J
650721,A,J
650694,E,J
650714,B,J
650699,E,I
650679,C,J
650697,A,J
650687,B,J
650667,B,J
646049,E,J
650616,B,J
650051,A,J
649879,A,I
650598,C,I
650601,B,J
650583,A,J
650574,A,J
650560,A,J
646160,E,J
650515,B,J
650506,A,J
650098,D,J
650525,B,I
650502,B,J
650110,B,J
650399,B,J
649309,A,J
649942,A,J
650236,C,I
647072,F,I
649467,D,J
650416,B,J
649682,F,I
649786,A,I
650335,B,I
650292,A,J
624243,B,B
650128,B,J
649153,E,J
650268,A,J
650259,F,I
650008,B,J
649294,A,J
650023,B,J
649859,A,J
646488,C,J
649708,B,J
649673,D,D
646813,B,J
648922,D,J
649273,B,J
649068,C,J
648957,E,J
649603,C,I
649602,B,I
649339,D,J
649593,C,C
649578,F,F
649566,F,J
649006,D,J
648274,E,J
649352,C,J
648883,B,J
649498,B,J
649472,A,J
649221,D,D
649414,A,J
634231,B,J
649483,A,J
649329,B,J
649279,B,B
649348,C,C
649199,B,J
649327,B,B
648493,A,J
648421,B,J
645749,D,D
649082,C,J
649089,E,I
649069,C,J
649059,B,J
648818,B,J
647083,A,J
648781,A,J
647699,E,I
648764,A,J
648749,C,J
648443,A,J
648683,C,J
648691,B,J
648686,B,J
646636,A,J
648678,E,J
648648,A,J
648600,B,J
648302,C,C
648547,B,J
648609,B,J
635996,B,J
648603,B,J
648522,B,J
648219,C,J
648535,D,D
648324,C,J
627278,B,J
640728,C,J
648489,C,J
648474,C,I
648385,C,J
648448,A,J
648376,D,J
648204,D,J
645617,D,I
648357,A,J
648358,B,J
641694,D,J
641847,G,J
648210,C,C
646208,A,J
648218,F,J
648130,A,J
648213,E,J
645980,B,J
644846,A,J
648124,A,J
648089,D,I
648081,B,J
648069,B,I
641272,A,J
646452,A,J
648021,B,J
648017,C,J
648006,A,J
648007,D,D
647976,A,J
647971,C,J
647944,A,J
643302,F,J
647918,B,J
647897,C,J
645113,A,J
647880,E,I
644827,B,J
608259,C,J
631137,D,J
647304,A,J
647654,E,J
647823,A,J
647810,E,J
647796,A,J
647751,B,J
646399,A,J
643694,E,J
646950,B,J
647688,D,I
647730,C,J
647617,A,J
646830,C,J
644996,C,J
647641,C,J
647663,D,J
647643,F,J
641052,A,J
641270,B,J
645606,B,J
647574,A,I
646396,E,I
647554,D,I
647537,D,I
647548,C,J
641768,G,I
645783,C,J
638625,C,I
647496,A,J
647471,C,J
647453,B,J
647439,A,J
647376,C,I
647383,C,J
646391,D,J
647374,C,J
647367,C,J
647277,D,J
647335,A,J
647288,B,J
647266,C,J
643053,B,J
647260,B,J
647251,A,J
647211,A,J
647208,C,J
646866,A,J
645312,B,J
647185,D,J
647184,E,J
645685,B,J
647166,B,J
647160,B,J
647126,B,J
647125,C,J
613181,B,J
647079,C,J
647075,A,J
644049,B,H
647057,C,J
646992,A,J
646690,B,J
646974,A,I
621987,A,J
646797,C,J
646958,C,I
646957,C,H
646959,D,J
633878,B,J
645795,B,J
638674,C,J
646908,B,J
646901,C,J
632739,A,J
646216,B,J
643484,F,I
646871,B,J
646755,C,J
637120,D,J
646550,D,J
646670,B,J
646705,C,J
645333,D,H
646792,A,J
646794,B,J
646801,C,H
646795,D,J
646782,B,J
646785,A,J
646764,A,J
646416,B,J
646759,B,J
646576,A,I
638110,D,I
643789,C,J
645719,D,J
646694,D,I
646686,D,J
646629,A,J
646406,C,J
637884,F,J
646509,D,J
646482,C,J
591674,C,J
646503,C,H
646491,D,J
646294,B,J
646411,B,J
645924,B,J
646327,A,J
646293,B,J
645364,A,J
646345,D,J
646339,D,J
642501,B,J
644275,B,J
646291,D,J
646284,E,H
646290,D,J
643698,E,J
646257,B,J
645882,C,J
646218,C,I
645340,B,J
622461,G,J
646187,A,J
623184,A,J
645488,B,J
646158,C,J
609823,A,J
646120,C,J
646105,C,J
645176,B,J
634355,E,J
646084,D,I
646082,B,J
643662,B,J
635489,B,J
644529,B,J
646037,C,J
646023,A,J
646031,C,J
646000,B,J
646020,B,I
644141,B,J
645218,C,J
645299,B,J
645985,A,J
645228,A,J
645971,A,J
642255,E,J
645889,F,F
645651,C,J
645336,B,J
645717,C,H
645907,C,J
645876,B,J
645871,C,I
645839,D,I
645820,D,J
645021,F,H
645805,C,J
645742,F,H
645593,A,J
645650,B,J
645695,A,J
632300,A,J
645644,A,J
643215,C,J
645629,B,J
645610,D,J
645391,D,J
645605,A,J
645500,A,J
645553,D,J
645598,A,I
643005,E,J
645576,C,J
645550,A,J
640245,C,J
645050,C,I
645522,D,J
645548,B,J
641299,A,J
644248,B,J
645481,A,J
645433,D,J
643359,B,J
645465,C,J
645462,D,J
632222,B,J
610280,A,J
642142,D,J
645359,E,H
645324,D,J
643255,C,J
640339,C,J
645278,A,J
645281,A,J
645232,D,J
645132,C,J
643939,E,J
645127,B,I
645126,B,J
645099,D,J
628731,B,J
645079,D,J
645068,B,J
645045,E,H
645002,D,I
645000,B,J
643365,B,J
644314,A,J
643182,A,I
644927,A,J
644793,B,J
644920,A,J
642370,B,J
643933,B,J
644914,A,I
644887,A,I
644027,A,J
644861,C,J
644844,A,J
542218,A,J
644829,D,J
644250,B,I
643628,B,J
644810,D,J
644799,A,J
475275,C,J
644734,D,J
644724,C,J
644697,C,J
643114,B,J
644644,E,H
644581,A,J
643152,C,I
644627,B,J
641351,B,J
643287,A,J
644479,B,J
644561,D,I
644553,B,I
644517,B,J
644482,B,J
644492,C,J
644453,B,J
644256,D,J
644396,C,I
644418,C,I
644408,B,J
644403,B,J
644386,E,J
644325,B,J
644361,E,I
644362,B,J
643117,A,J
644257,D,J
644304,B,J
644291,A,J
644241,A,J
644243,E,J
644191,B,J
644100,A,J
644163,A,I
644149,B,J
644143,A,J
644134,C,J
644130,C,J
644031,C,I
644089,C,J
644037,A,J
644065,A,J
644036,A,J
644019,C,J
644012,C,J
644003,D,J
643998,B,J
643981,A,J
643968,C,J
643905,F,J
643926,B,J
643860,A,I
643800,E,I
643848,D,I
643840,C,J
643806,D,J
643822,D,I
643791,A,J
643795,B,J
643778,A,J
643774,A,J
643749,C,J
638823,A,J
643636,A,I
643677,C,J
642962,D,J
643596,F,J
643621,B,I
643573,D,J
643558,D,J
643535,E,J
643539,A,J
630826,C,J
643511,B,I
643501,A,J
643502,A,J
643486,C,J
548461,B,J
643383,B,J
643408,B,J
642985,A,J
643393,A,J
643367,B,J
643368,A,J
641807,B,J
643336,D,J
643333,E,I
634925,A,J
643306,E,J
641583,A,J
643293,B,I
641427,E,J
643278,D,J
640466,B,J
643253,A,J
640033,A,J
643239,B,J
643201,E,J
642369,C,J
642107,E,J
643218,B,J
643176,C,J
641676,A,J
643116,C,J
643103,B,J
643083,C,I
643022,C,J
643031,A,J
642913,A,J
641972,A,I
637520,A,J
642983,E,I
642967,A,I
640529,B,I
635182,B,J
642926,A,J
642929,B,J
642933,E,J
638181,C,C
642751,B,J
640684,C,I
636283,F,J
642873,A,J
642872,C,J
642871,A,J
642870,A,J
642869,E,J
642868,A,J
642867,A,J
642866,A,J
642865,A,J
642864,B,J
642863,A,J
642862,A,J
642861,D,J
642860,B,I
642859,D,J
642858,A,J
642857,C,J
642856,A,J
642855,E,J
642854,A,J
642853,D,J
642852,B,J
642851,A,J
642850,A,J
642849,A,J
642848,A,J
642718,A,J
642847,A,J
642846,C,J
642845,A,J
642844,A,J
642843,A,J
642842,C,J
642841,C,J
642840,A,J
642839,C,J
642838,A,J
642837,A,J
642836,A,J
642835,A,J
642834,A,J
642833,C,J
642832,A,J
642831,A,J
642830,A,I
642829,A,J
642828,A,J
642827,A,J
642826,A,I
642825,B,J
642824,A,J
642823,E,J
642822,A,J
642821,A,J
642820,A,J
642819,B,J
642817,A,J
642816,B,I
642815,A,J
642814,A,J
642813,B,J
642812,B,J
642785,D,J
642784,C,J
642783,A,J
642782,A,J
642781,B,I
642780,A,J
642779,D,J
642778,B,J
642777,C,I
642776,G,J
642775,A,J
642774,A,J
642773,E,J
642772,D,J
642771,A,J
642770,A,J
642769,A,J
642768,B,J
642767,B,J
642766,C,I
642765,A,J
642764,A,J
642763,A,J
642762,A,J
642502,A,J
642665,B,J
642494,D,J
642664,A,I
642663,C,J
642662,A,J
642612,B,J
642564,B,I
642462,C,J
642563,A,J
642562,A,J
642467,B,I
641530,E,J
634237,B,J
642464,B,J
642483,G,I
642514,C,J
642513,B,J
642512,A,J
642441,E,J
642420,C,J
642432,C,J
642413,D,I
642388,D,J
640983,A,J
642354,B,J
641027,C,J
642349,A,J
641800,A,J
642328,A,I
642321,F,J
640082,B,I
642049,C,I
641743,A,J
639387,B,J
642240,A,J
642227,A,J
642161,A,J
642155,A,J
642118,A,J
641574,A,J
642028,B,J
641977,C,I
642022,C,J
642011,C,J
641989,C,J
641969,B,J
641949,B,J
641924,A,J
641938,B,J
641920,A,J
640336,B,J
641903,A,J
641888,F,J
641899,E,J
641876,C,J
641855,A,J
641159,D,J
640788,B,J
641838,D,I
641793,C,J
641341,B,J
641763,B,J
641749,B,J
641741,A,J
641733,C,J
641682,C,J
641703,E,J
641704,B,J
641696,B,J
641687,B,I
641507,B,J
632725,B,J
641633,E,J
629653,D,J
641631,A,J
640899,A,J
641569,A,J
641034,A,I
641579,B,J
641207,D,J
641557,A,J
641545,A,J
641529,D,J
640852,C,J
641509,E,J
626560,D,J
641493,A,J
641473,B,J
641437,E,J
641413,A,J
641397,A,I
641393,C,J
641384,B,J
641382,A,J
573871,B,J
641361,C,J
641349,D,J
641304,E,I
641015,B,J
641239,B,J
641244,F,J
641190,E,J
641211,B,J
633329,E,J
641209,D,J
641208,A,J
641218,A,J
640986,B,J
641072,E,J
641153,C,I
641147,D,I
637762,A,J
638301,F,J
641107,B,J
641103,D,J
641050,B,J
640344,D,J
641071,C,J
641031,E,J
641009,E,J
638173,D,J
636983,A,J
640236,D,I
641013,A,J
641021,A,J
641001,B,I
639441,A,J
640973,D,I
638258,A,J
640967,B,J
640948,A,J
640953,D,I
640914,D,J
640927,B,J
640904,D,J
640786,C,J
635800,C,J
640870,B,I
637920,D,J
640719,B,J
640843,A,J
640824,B,J
639770,C,J
638105,A,J
640774,A,J
640772,B,J
640761,B,J
640747,A,J
640734,D,J
640526,C,J
640687,C,H
640013,A,J
640618,C,J
640591,B,J
640632,C,J
640639,B,J
640600,D,J
640548,A,J
640570,A,J
640565,A,J
640564,C,J
630278,D,J
638944,C,J
640478,A,J
636390,C,J
640141,C,J
640263,G,J
640483,C,J
640495,E,E
640480,B,I
640485,A,J
640107,D,J
640452,B,I
640399,A,J
638457,B,J
640448,E,I
625299,B,J
640420,D,J
640393,C,J
640386,B,J
640370,B,J
640352,A,I
640375,A,J
640341,A,J
640354,C,J
640319,C,J
640333,B,J
640343,C,J
366004,C,J
640211,B,I
639405,C,J
626658,A,J
640249,C,J
640253,B,J
638946,C,J
629141,A,J
637206,D,J
640134,E,J
640100,C,J
640093,B,J
640084,C,J
640049,A,J
640062,D,J
638583,A,J
640006,E,J
639912,B,J
639862,B,J
639819,C,J
639825,F,I
634629,A,J
639772,A,I
639768,A,J
626541,E,I
639656,D,J
637550,A,J
639644,A,J
636020,A,J
639489,D,J
612752,A,J
611771,B,J
638951,B,J
639312,A,J
638927,A,J
638921,A,J
638887,C,J
638885,C,J
635126,B,I
638496,A,J
638861,E,J
638840,C,J
638663,D,J
638808,A,J
638786,A,J
638799,A,I
638760,F,J
638758,D,J
638750,E,J
638736,D,J
638347,B,J
638708,B,J
638695,B,J
541322,A,J
638683,A,J
638621,B,J
638614,A,J
638592,D,I
634459,C,I
638515,A,J
638512,A,J
638505,C,J
638508,A,J
638494,A,J
638476,B,J
638466,A,J
638468,D,D
620600,B,J
638449,A,J
638430,B,J
631926,G,J
638405,F,J
638407,D,J
638399,A,J
587135,F,I
634616,C,J
638363,A,J
636436,C,J
638348,A,J
638338,C,J
636286,C,J
638309,A,J
636745,A,J
638278,A,J
637840,A,J
638244,A,J
636959,B,J
634371,A,J
638227,C,I
638185,D,J
637437,B,J
638166,D,J
638163,E,J
638127,B,J
638117,B,J
638114,E,J
622591,A,J
618422,D,J
638083,B,J
637972,B,J
637027,A,J
633116,B,J
637998,A,J
637980,C,I
637978,A,J
636587,A,J
637910,A,J
637908,B,J
637878,D,J
637885,D,I
636990,A,J
637843,D,J
637782,B,J
586755,B,J
637755,C,I
637714,A,J
636163,A,J
634234,B,J
637696,B,I
632097,A,J
636804,B,J
637672,C,J
617211,A,J
636528,B,J
636696,D,J
637633,B,J
637616,B,J
622844,F,I
637535,C,J
637532,B,J
637501,A,J
637502,B,J
637461,B,J
633221,A,J
637478,A,J
636840,D,J
637459,B,I
637447,A,J
635164,D,J
626149,B,J
637413,A,J
637402,C,J
637409,A,J
637323,B,I
637271,A,J
635515,C,J
637246,A,J
637267,B,J
620131,E,J
637256,E,I
637162,A,J
635320,B,J
637204,B,J
637126,C,J
635663,B,H
617406,A,J
635821,A,J
637124,B,J
637086,B,J
637107,B,J
635662,B,J
637092,A,J
636820,B,J
635733,C,J
637051,A,J
637035,E,J
636434,A,J
631809,B,J
636986,E,J
636969,A,J
635024,A,J
636930,A,J
636935,C,J
636927,B,J
633876,B,J
633287,A,J
636843,A,J
636839,E,J
634404,A,J
635894,A,I
636805,A,J
636801,C,J
636734,F,J
636721,B,J
636740,D,J
636698,A,J
636710,B,I
624413,B,J
611701,D,J
636676,A,J
636669,C,J
636674,B,B
634584,B,J
636596,E,J
636590,C,I
636571,C,J
636577,A,J
636467,B,J
636536,B,J
634741,E,J
635927,D,J
636495,A,J
636499,B,J
634792,C,J
627671,C,J
635366,D,J
634140,B,J
636459,D,J
635715,C,J
618453,A,J
636405,A,J
636387,A,J
636364,B,J
635281,E,H
636359,A,J
636234,B,J
636236,B,J
636189,D,J
636180,B,J
636187,B,I
635981,C,J
636103,A,J
636112,A,J
636109,B,J
627937,E,J
636073,C,J
636074,B,J
636028,G,J
635926,C,J
635832,E,J
635967,B,J
635958,C,J
596664,A,J
635933,A,J
635908,C,J
633860,C,J
635885,C,J
634017,C,J
635866,B,J
635830,D,J
595647,B,J
635797,C,J
635802,D,I
635771,B,I
591582,C,J
634414,D,I
635467,A,J
635735,C,J
625430,A,J
635339,B,I
635450,G,J
635637,C,J
635621,A,J
635610,C,I
635605,B,J
635565,C,I
635502,B,I
635513,F,J
635576,B,J
635524,A,J
635424,B,J
635496,B,J
635460,B,I
635483,B,J
635475,D,J
635476,C,J
628500,B,J
635463,C,J
635427,E,J
635387,D,J
635360,F,J
635352,C,I
635334,A,I
635336,A,J
635319,C,J
635077,B,J
635314,F,J
635326,A,I
634562,C,J
635293,A,J
627810,A,J
635275,C,J
635269,B,J
634823,A,J
635270,C,J
635242,A,J
633458,C,J
635240,A,J
631361,A,J
635211,E,J
635205,D,J
635202,A,J
632616,F,J
632481,D,J
635146,G,J
635101,C,J
634553,A,J
634990,A,J
634567,D,J
635043,C,I
635049,B,J
635040,A,J
635021,B,J
635010,A,J
634978,C,J
634996,B,J
634943,C,J
634940,D,J
634945,D,J
634906,B,J
634825,A,J
634886,A,J
634908,C,J
634884,E,J
634807,C,J
634775,C,J
631870,E,J
628354,A,J
634152,A,J
634768,A,J
634739,C,J
634737,A,J
628376,C,J
634716,A,J
634722,C,J
634378,C,I
618229,B,J
632923,D,J
634668,C,J
634116,E,J
634640,B,J
634636,A,J
634613,C,J
634568,A,J
634552,A,J
634547,B,J
634520,E,J
629660,B,J
634535,A,J
634454,C,J
634508,B,J
633094,C,J
633936,B,J
634443,B,J
634281,C,J
634415,E,J
633813,C,J
627199,B,J
634396,B,J
634386,B,I
608383,B,J
634340,D,J
634365,F,J
634326,A,J
634325,B,J
634323,B,J
634312,C,J
634309,B,I
629537,C,J
634236,B,J
634283,D,J
634290,G,J
634062,D,J
634195,C,I
634192,B,J
634210,C,J
634132,D,J
634092,D,J
634125,C,J
634145,D,J
634114,A,J
634087,A,J
634078,E,I
634073,B,I
633533,A,J
628699,B,J
634029,A,I
634004,A,J
633487,A,J
628220,A,J
633965,C,J
633987,D,J
633991,B,J
633967,E,J
633931,B,J
633807,D,J
633896,C,J
633869,B,J
633868,A,J
633856,A,J
633120,B,J
629762,A,J
619662,C,I
633790,C,J
633762,A,J
633740,F,J
633181,A,J
633742,C,J
633745,D,J
631510,D,J
624521,E,H
633671,D,J
633706,B,J
633670,B,J
633643,C,I
632884,A,J
632997,B,J
633630,B,J
633616,B,J
618925,C,J
633617,E,I
633595,A,J
633571,C,J
633559,C,J
631587,D,J
633537,B,J
633527,A,J
633459,D,J
633453,B,J
633445,C,J
633431,E,J
628812,D,I
633400,C,J
633392,B,J
633402,A,J
633398,C,J
633383,C,J
629912,B,J
623589,C,J
633367,B,J
578434,A,J
631118,E,J
633317,C,J
612043,C,J
633282,A,J
633249,E,J
633248,D,J
633224,A,J
633176,A,J
633217,C,J
631559,F,I
631948,A,J
633091,A,J
632465,C,J
633135,B,J
633115,A,J
631990,D,J
623871,A,J
632716,A,J
633113,A,J
633089,C,J
633056,E,J
631604,A,J
633071,D,D
633025,C,J
633030,A,J
626851,A,I
632988,C,J
630573,F,J
625310,C,J
632896,E,J
632901,A,J
632873,C,J
632869,A,J
632848,A,J
631234,C,I
632851,B,I
632656,C,J
627230,A,J
630915,B,J
632762,D,J
617034,A,J
632774,D,J
632740,D,J
632744,C,J
631336,A,J
629995,C,J
632686,A,J
632676,A,J
632666,B,J
630481,A,J
631691,A,J
632621,C,J
632591,A,J
632538,B,J
631459,D,J
632493,E,J
632042,F,J
632430,A,J
632406,B,J
632382,D,I
632405,B,J
632395,A,J
631419,A,J
631086,A,J
632284,C,J
632248,B,J
632268,A,J
632245,E,J
632255,B,J
631700,A,J
439829,B,J
632194,B,J
632152,B,I
632132,C,J
632076,B,J
632072,D,J
632059,F,J
631857,D,J
632049,B,J
631987,C,J
631924,C,J
631931,B,J
631927,B,J
631912,D,I
631865,B,J
631868,C,J
631129,B,J
631719,D,I
631846,G,I
631842,A,J
631810,A,J
629374,B,J
631788,B,I
630959,A,J
631764,B,J
631766,B,J
630105,A,J
631740,D,J
631310,E,I
630396,B,J
631677,B,J
624267,C,J
631634,A,J
631618,B,J
631594,A,J
630916,B,I
631441,D,J
631484,A,J
631432,B,J
631370,C,J
631428,A,J
620204,A,J
631347,A,J
631365,A,J
629290,B,I
631329,A,J
629654,D,J
630268,C,J
631317,B,I
631236,A,J
631273,A,J
630965,A,J
631225,A,J
631226,C,I
629835,C,J
618048,B,J
631207,D,J
630824,B,J
631188,A,J
631184,F,I
629688,B,J
631066,A,J
629318,A,J
630823,A,J
630863,B,J
608120,A,J
624804,F,I
629481,C,I
630966,D,J
629111,C,J
630945,D,J
630759,C,J
630896,D,J
630924,E,J
627664,A,J
630879,B,J
630873,E,J
630843,E,J
630837,A,I
630833,A,J
628630,A,J
630804,C,J
628547,C,J
629689,E,I
630780,A,J
608118,A,J
630753,B,B
629930,C,I
630756,E,J
629917,A,J
630720,A,J
630718,C,J
630701,C,I
630696,A,J
630680,A,J
630671,B,J
630666,A,I
629897,E,J
630626,A,J
608801,C,J
630586,B,J
630583,B,J
630598,D,J
630574,B,I
630567,B,J
607827,A,J
628690,C,I
546535,A,J
630521,A,J
624376,B,J
630503,A,J
630486,E,J
630483,B,J
625272,A,J
629921,D,J
630464,B,J
628808,B,J
629721,A,J
630379,A,J
630053,A,J
630368,D,J
626736,B,J
630359,C,J
630351,A,J
629889,A,J
628369,A,J
630279,C,J
629606,B,J
630264,C,I
630246,B,J
628821,C,J
630226,E,J
628527,C,J
629932,B,J
630199,D,J
630170,C,J
627915,A,J
630189,A,J
630161,A,J
630148,E,J
622822,B,J
629082,A,J
630076,B,J
630075,G,J
630035,C,J
630038,C,J
628341,F,I
629032,B,J
629957,A,J
629948,B,J
629960,B,J
628636,A,J
629887,A,J
629902,D,D
625484,F,J
626749,A,J
629885,A,J
629818,C,J
616629,A,J
614481,E,J
629852,D,J
629846,D,J
561568,B,J
629833,B,J
629815,A,J
629807,B,J
629091,D,J
629006,C,I
629423,A,J
629509,A,J
627766,A,J
629731,A,J
629724,D,J
629694,F,J
629667,D,J
629652,A,J
629639,B,J
629587,A,J
629594,B,J
619649,A,J
629415,F,J
629480,A,J
629530,B,J
629517,C,J
629368,B,J
629312,B,J
629500,A,J
629484,C,J
629418,A,J
629409,A,J
628995,C,J
629380,C,J
629373,B,J
629369,A,J
629329,C,J
629336,A,J
626917,A,J
629278,B,J
629288,B,J
629268,B,J
629128,E,I
629230,D,J
629245,D,J
629226,B,J
629231,A,J
629099,A,J
629105,B,J
629085,E,J
629074,A,J
629097,D,I
629090,B,J
629071,A,I
629059,B,I
629047,B,J
612316,A,J
629039,B,J
629011,B,J
614581,D,J
629008,C,J
627486,A,J
628955,B,J
620918,C,J
628927,A,J
628923,E,J
628921,A,J
628865,A,J
627854,B,J
628849,A,J
628787,A,J
628801,B,J
626233,F,J
628751,C,J
628749,D,J
628709,B,J
628692,B,J
628653,C,J
628665,B,J
625014,C,J
628655,D,J
628638,D,J
628620,B,J
628598,A,J
628602,A,J
628463,D,J
628571,C,J
628563,A,J
628550,B,J
628540,D,J
628545,A,J
628472,B,J
626302,C,J
628381,B,J
628452,C,J
628434,E,J
628299,C,J
627543,C,I
628401,A,J
628404,A,I
620209,C,J
625718,E,J
628350,C,I
628348,D,D
628342,A,J
628315,B,J
628287,B,J
628250,E,J
628210,D,J
628163,D,J
628186,C,I
627881,C,J
628170,B,J
627952,D,J
628156,B,J
628087,D,J
626272,C,J
628074,C,J
628068,F,I
628026,E,J
628009,D,J
613416,B,J
627803,A,J
627962,B,J
622000,B,J
627028,A,J
627934,B,J
627853,G,J
627848,A,J
627833,C,J
627744,D,I
624384,C,J
627707,A,J
615442,E,J
627653,A,J
627633,E,J
627603,A,J
627594,E,J
627586,B,I
627583,D,J
627582,B,J
627575,A,J
623885,C,J
627532,C,J
621891,A,J
624371,C,J
627263,B,J
627494,B,J
627479,A,J
627485,B,J
627462,B,J
627446,F,J
627441,A,J
627397,A,J
627274,B,I
623324,B,J
627332,C,J
627325,C,J
625109,A,J
627320,A,I
625946,C,J
619389,C,J
627236,A,J
627214,A,J
626307,A,J
627208,D,I
627209,A,J
627210,C,J
627206,D,J
627169,B,J
624730,A,J
621969,B,J
622395,B,J
626717,C,I
627063,F,I
627011,B,J
627014,A,J
626989,D,I
626986,A,J
626978,B,J
626949,A,J
626937,B,J
626936,A,J
623790,A,J
622090,E,J
626915,C,I
624690,A,J
626895,A,J
626909,B,J
626883,C,J
626716,B,J
626882,C,J
617443,A,J
626852,C,J
626818,B,I
626835,C,J
626757,D,J
626812,A,J
626796,C,J
626799,A,J
626339,C,J
626787,D,J
626785,C,J
626775,B,J
626762,A,J
626692,D,J
623955,A,I
626737,A,J
626704,E,J
626580,A,J
626701,B,J
626671,E,J
625349,B,J
626657,B,J
626643,E,I
625156,D,J
626600,A,J
626591,A,J
579304,D,J
626581,A,J
626534,B,J
625868,C,J
626507,B,J
626550,B,J
626538,A,J
567324,A,J
626523,B,I
626466,B,J
625711,C,I
626424,C,J
626313,B,J
626392,A,J
625947,E,J
626373,C,I
626291,B,J
626362,D,I
625975,B,J
626281,C,J
626248,B,I
626211,A,J
626172,C,I
626163,D,J
626093,C,J
626145,B,J
622164,A,J
626123,D,I
626116,E,I
626035,E,J
625995,D,J
626002,C,J
625793,B,J
622199,D,J
619899,A,J
624955,B,J
625145,B,J
625841,E,J
625820,A,J
625832,A,J
623448,C,J
625773,C,I
625751,G,J
621149,C,I
625685,A,J
625681,C,J
623743,B,J
624631,A,J
625500,E,I
625498,B,J
625613,B,J
625042,A,J
625541,B,J
623198,B,J
625518,D,J
625501,E,J
625448,B,J
625471,A,J
624153,A,J
624926,D,J
625388,B,J
625162,C,J
625366,A,J
625323,E,J
610216,A,J
625314,C,I
625307,C,J
625317,C,J
589456,B,J
625277,A,J
625236,A,I
623481,C,J
624844,B,J
614014,B,I
625244,B,J
625234,C,J
624834,A,J
625200,B,J
625163,A,J
625174,A,J
625143,D,J
625115,B,J
625124,C,J
625075,D,I
625065,A,J
623809,B,J
625063,B,J
625055,C,J
625019,E,J
625003,C,J
611129,B,J
624873,B,J
624916,A,J
624911,B,J
624444,A,J
624831,D,J
624816,A,J
624814,C,J
620689,A,J
624806,C,J
624791,C,J
624760,A,J
621758,D,J
624713,B,J
624721,A,J
624703,B,J
624696,A,J
624694,C,J
603567,A,J
624649,A,J
624657,C,J
624497,A,J
617711,A,J
622530,E,J
624576,B,J
624579,B,I
624565,D,J
624397,B,J
622849,E,J
624524,E,J
624483,A,J
624488,B,J
624490,A,J
622951,D,J
622808,C,J
624462,A,J
624441,A,J
624415,A,J
622803,C,J
623470,D,J
624373,E,J
624364,A,J
624335,C,J
624353,A,J
623099,A,J
624300,D,J
624276,C,J
624284,A,J
624258,A,J
624266,D,J
624230,C,J
624173,B,J
624190,C,J
624185,B,J
609323,B,J
624175,A,J
624149,B,J
619607,B,J
624103,D,J
624074,D,J
618705,E,J
621261,D,J
623836,D,J
624057,B,J
623471,D,J
624053,A,J
624033,B,J
624023,C,J
624006,E,J
623971,A,J
623973,E,J
623932,A,J
623935,E,J
623908,B,J
623893,D,I
623736,D,J
622911,B,J
613943,B,J
623868,B,I
616011,B,I
623825,A,J
623819,B,J
623804,A,J
623786,B,J
622296,B,J
623067,A,J
623753,B,J
623709,C,I
623674,B,J
623700,A,J
618729,A,J
623480,B,J
623668,A,J
623654,A,J
622122,D,J
622402,F,I
623643,B,J
623638,B,J
623605,A,J
623134,B,J
621874,B,I
623565,D,J
623560,A,J
623559,A,J
623549,B,J
622125,A,J
623531,E,I
623530,C,J
623525,C,J
623521,A,J
623490,B,J
613076,C,J
623482,D,J
614291,A,J
621647,C,I
620390,F,I
623428,E,J
622977,C,J
623409,D,J
623388,C,I
623364,C,J
623340,C,J
623317,E,J
623299,B,I
623262,A,J
623284,B,J
623277,B,J
623255,E,J
623241,A,J
623243,B,J
623235,B,J
623227,B,I
623210,A,J
623200,A,J
623199,B,J
622996,A,J
623156,A,J
623096,A,J
623124,A,J
623131,D,J
623112,E,J
623108,A,J
623103,A,J
623095,D,J
622786,B,J
623079,A,J
623034,A,J
623057,E,J
622067,A,J
623049,E,J
607668,B,J
620324,C,J
622981,C,J
622976,B,J
622947,A,I
622898,B,I
622887,F,J
622794,B,J
622741,C,J
620453,G,J
622658,B,J
622624,B,J
622632,E,J
622608,C,I
622584,B,J
622571,B,J
622573,B,J
622539,A,J
622529,B,J
622449,A,J
622381,A,J
622380,B,J
615166,B,J
621893,A,J
621743,B,J
620716,A,J
622261,D,J
622230,C,I
622192,A,J
368492,B,J
622190,B,J
622143,B,J
622144,C,J
622123,B,J
614879,B,J
622061,D,I
622073,A,J
531337,B,J
622039,B,J
622037,B,J
617717,A,I
622016,B,J
621468,B,J
620875,C,J
621974,B,J
621971,A,J
621936,F,I
621660,C,J
621922,B,J
621916,A,J
621823,C,I
621890,D,J
621882,A,J
621276,A,J
621855,D,J
621853,A,J
621139,B,J
621821,B,J
621806,C,J
621768,G,I
621534,A,J
621111,B,J
621717,B,J
621712,C,J
621669,A,J
615476,C,J
621682,A,J
621672,B,J
620545,A,J
621058,A,J
621626,A,J
621591,E,J
621583,F,J
621587,A,J
621579,A,J
621581,B,I
621572,C,I
621570,C,J
621518,D,J
621533,A,J
621525,A,J
619807,B,J
621507,E,I
618911,F,J
618187,G,J
621444,B,J
617204,B,J
621017,A,I
621397,E,I
621384,C,J
621375,F,J
621337,D,J
621303,C,J
621311,C,J
621218,C,I
621238,B,I
621266,A,J
621253,B,J
621250,A,J
621226,A,J
621202,D,J
611762,B,J
621176,B,J
621152,A,J
607664,A,J
620840,A,J
621125,B,J
621124,A,J
621107,E,J
621075,B,J
620899,B,J
621060,D,I
621063,F,I
621067,A,J
621039,A,J
620931,D,J
621028,B,J
620010,B,J
621020,D,I
621032,A,J
620956,A,J
621016,B,J
621002,C,J
620977,A,J
620935,A,J
620936,A,J
620944,B,J
617950,C,J
620921,D,J
620914,D,I
620894,B,J
620852,C,J
620850,B,J
620486,C,I
620623,C,I
620814,C,J
620803,C,J
620347,A,J
620738,A,J
620733,C,J
620695,B,J
620611,B,J
620683,B,J
620692,E,J
620651,B,J
620621,B,J
620070,D,I
620610,B,J
619881,C,I
620588,E,I
620509,D,I
620531,A,J
620516,G,I
618934,A,J
620490,B,J
620471,A,J
620433,B,J
620448,B,I
620422,D,J
614880,D,J
620409,B,J
619525,D,I
620397,B,J
620393,B,J
620369,B,J
620368,A,J
620361,E,J
619833,B,J
620319,E,I
620300,A,J
620313,A,J
620295,A,J
620285,E,J
609551,D,J
620256,D,J
618530,A,J
619895,A,J
613478,C,I
620179,A,J
620176,A,J
615909,B,J
616455,A,J
620150,A,J
620145,D,J
619504,C,J
612261,C,J
620127,B,J
620096,B,J
620080,A,J
618544,B,J
607224,B,J
619989,E,J
619941,B,J
619927,F,J
619894,B,J
619906,C,I
619904,A,J
619885,C,J
619871,C,J
619870,C,J
619854,B,J
619857,C,I
619824,G,J
619805,B,J
619786,E,J
619738,A,J
619747,B,J
619737,F,J
619721,C,J
619682,A,J
619668,B,J
619606,E,J
581175,A,J
619580,A,J
619566,A,J
619209,C,J
619522,C,J
619524,D,J
619513,A,J
619509,D,J
619503,B,J
617426,C,J
619471,A,J
619463,B,J
619452,C,J
619448,C,J
619431,C,J
619385,B,J
614257,A,J
619391,A,J
619390,B,J
619376,A,J
619362,A,J
619353,D,J
618115,B,J
607880,D,J
619342,D,I
619336,C,J
619318,A,J
619290,C,I
618169,B,J
619285,E,J
619278,A,J
618484,C,J
619261,B,J
619119,B,J
619187,A,J
618922,B,J
619147,B,I
618290,B,J
618265,A,J
619112,A,J
619085,E,J
619053,B,J
619086,C,I
619065,B,J
619038,C,J
612425,A,J
618958,C,J
618945,A,J
616825,A,J
618909,A,J
618903,A,I
606415,A,J
618834,E,J
617381,D,J
618014,B,I
614703,C,J
618757,B,I
618788,A,J
618770,C,J
618760,B,J
618734,D,J
618714,A,J
618716,B,J
618710,A,J
618682,B,J
618343,D,J
618470,A,J
614556,B,I
618625,A,J
618627,A,J
618580,A,J
618572,B,J
618511,A,J
618465,C,I
610693,C,J
616473,B,J
617670,A,J
618421,C,J
591400,A,J
617538,C,J
618139,B,J
618280,B,J
618301,C,J
618282,A,J
618247,A,J
618239,B,J
618238,A,J
618225,B,I
618208,A,I
618223,A,J
614719,A,J
618122,B,J
617775,C,J
618078,C,I
618067,A,J
618005,C,J
618059,C,J
617755,B,J
618006,B,I
618031,B,J
618015,B,J
615422,A,J
612238,C,J
617995,B,J
617449,B,J
617943,D,J
617318,C,I
615620,D,J
617930,A,J
617907,B,J
617879,G,J
617877,B,J
617872,A,J
617355,D,J
617833,A,J
617155,A,J
617788,A,J
617799,E,J
616213,B,J
615802,C,J
617663,A,J
617729,F,J
617718,A,J
617728,B,J
606635,C,J
617686,D,J
617343,A,J
617698,B,J
617683,D,I
616919,C,J
601897,A,J
617636,C,J
617596,A,J
617588,A,J
610259,A,J
617537,B,J
616829,C,I
614983,D,J
617528,A,J
589764,C,J
617463,A,J
617470,B,J
617480,A,J
617431,C,J
617188,B,J
617417,B,J
617398,B,J
615996,B,J
617362,B,J
616772,A,J
600173,C,J
617277,A,J
617271,A,J
617245,F,J
616518,B,J
617225,C,J
616024,A,J
617250,B,J
617163,B,J
617168,C,J
617181,A,J
617174,A,J
617149,B,J
617175,B,J
617145,F,I
617133,F,J
613380,B,J
614650,A,J
617056,E,J
614649,A,J
617031,B,J
598274,B,J
616177,B,J
616991,A,J
616989,D,J
616966,C,I
616963,B,J
612693,B,J
616933,A,J
616942,B,J
616945,B,J
616949,B,J
616927,A,J
616921,E,I
616906,C,J
616871,E,J
616882,A,J
616877,A,J
616870,B,J
614997,E,J
616874,A,J
616854,C,I
613695,D,J
616771,D,J
616778,A,J
616780,C,J
616749,B,J
616744,D,J
616722,A,J
616684,C,I
615325,A,J
616689,C,J
616688,B,J
616605,D,J
616624,B,J
616585,C,J
616602,C,J
616568,B,I
616589,B,J
616548,B,I
614648,B,J
616503,A,J
616492,A,J
615822,C,J
616464,B,I
614359,B,J
616251,B,J
616223,D,J
614966,A,J
616408,B,J
616392,G,J
616327,D,J
615707,A,J
616339,A,J
606833,B,J
616311,A,J
615108,C,J
616269,A,J
616266,A,J
616256,C,J
616204,A,J
610609,C,J
615927,A,J
616203,A,J
616163,B,J
616162,A,J
616126,B,I
614631,A,J
616086,E,J
616083,A,J
616057,A,J
616045,C,J
616042,B,I
615284,A,J
616001,B,J
615998,E,J
615995,C,J
615990,A,J
615963,B,J
615933,F,J
615902,G,J
611082,G,I
615820,B,J
615853,C,J
613032,E,J
615756,C,J
615720,B,J
615768,C,J
615709,A,J
615743,C,J
615731,C,J
615718,B,J
613607,E,J
615693,B,J
615700,D,I
615699,A,J
611507,F,J
615677,A,J
615639,A,J
613397,A,J
612490,B,J
615558,B,J
615553,A,J
614530,C,J
615530,B,J
615510,A,J
612051,F,J
615452,E,J
615438,D,J
615426,C,J
615430,B,J
615413,B,J
615402,D,I
614811,B,J
615373,A,J
607535,E,J
613479,B,J
615346,D,J
615313,C,I
615302,B,J
615260,B,J
612229,A,J
615178,C,J
608312,B,J
615162,A,J
526894,A,J
615139,A,J
615158,A,J
615117,A,J
614368,B,J
615067,F,J
603803,C,I
615055,A,J
615038,E,I
615036,A,J
614984,A,J
614931,A,J
607161,A,J
614964,C,J
612712,B,J
614943,D,J
614950,B,J
614919,B,J
614925,C,J
614920,B,J
614859,A,J
614818,D,J
614426,B,J
614849,C,I
614831,B,J
614816,A,J
614802,B,J
614791,A,J
614768,B,J
614770,A,J
614758,E,J
603309,E,J
614687,C,J
614596,B,I
614675,B,J
614662,C,J
614623,D,I
613991,B,J
614599,A,J
614585,B,J
614533,D,I
614522,B,J
614506,G,I
613908,A,J
614490,C,J
613889,B,J
614470,B,J
614465,D,J
614413,C,J
614319,A,J
614377,C,J
614325,C,I
614318,C,J
614304,B,J
614290,A,J
614187,B,I
613703,B,I
614250,C,J
614188,C,J
614206,B,J
613879,C,J
614157,D,J
614130,C,I
614058,F,J
614029,A,J
614024,D,J
614022,C,I
614000,B,J
613950,A,J
613331,D,J
613898,B,I
613876,E,I
613849,B,J
613836,B,J
613739,C,J
613827,B,J
613830,D,I
613811,B,J
613815,A,J
613800,B,J
613751,E,I
613785,C,J
613764,B,J
613756,D,J
613694,B,J
612831,B,J
606236,A,J
612371,B,J
613631,A,J
613571,D,J
609451,B,J
611117,A,J
613541,B,J
613475,C,I
613455,C,J
613444,E,J
613425,B,J
613421,B,J
613409,C,J
613392,B,J
613378,A,J
613347,C,J
613297,C,J
613286,B,J
613281,D,I
613254,C,J
611857,C,J
598326,C,J
613018,D,J
613238,A,J
613190,B,J
613210,E,J
610073,C,J
612980,A,J
610958,B,J
613163,D,J
611331,C,I
613055,D,J
613074,A,J
613046,C,I
608913,B,J
613039,D,J
613031,A,J
611615,D,J
613010,E,I
613006,A,J
612986,B,J
612978,B,J
612049,B,J
403609,B,J
612910,B,I
612854,B,J
612862,D,J
612803,D,J
612826,D,J
612825,E,J
608877,B,I
612380,A,J
612808,C,J
611663,A,J
610270,E,I
612786,A,J
612772,C,J
609115,B,J
608929,B,J
612679,A,J
612676,B,J
612634,D,I
603590,B,J
611604,A,J
612432,C,J
612590,C,J
612577,D,J
612580,B,J
612578,A,J
612065,A,J
612594,B,J
611203,B,J
612530,D,I
612559,E,J
611805,C,J
612325,C,I
612541,E,I
612522,A,J
610539,C,J
612527,D,I
612511,B,J
612510,D,J
612473,D,I
612441,D,J
611847,E,I
612382,F,I
611990,C,J
612144,C,J
612366,D,J
612342,D,J
612326,C,J
612235,A,J
612248,B,J
612244,A,J
612241,E,J
611862,C,J
612223,B,J
612199,B,J
612160,B,J
611844,B,J
612154,A,J
609821,A,J
612022,B,J
612060,G,I
612044,B,J
612039,D,I
612025,B,J
612014,B,J
611261,E,I
611966,E,J
611963,A,J
611940,B,I
611936,B,J
611933,B,J
611934,B,J
610524,A,J
611873,B,J
611872,A,J
611832,A,J
611858,B,J
611571,C,J
611783,E,J
611810,A,J
611779,A,J
611774,C,J
605417,C,J
608980,C,J
611147,A,J
611671,A,J
611657,C,J
602710,A,J
611655,A,J
611640,D,I
611636,A,I
611638,B,J
606306,A,J
611566,B,J
611554,C,J
611537,D,J
610964,A,J
611541,C,J
608879,A,J
611512,E,I
604953,B,J
611497,B,J
610920,A,J
611466,A,J
611461,C,J
611449,C,J
608892,B,I
611429,A,J
611400,C,I
611278,D,J
611386,C,J
611382,B,J
611375,A,J
611374,C,I
611369,A,J
611149,A,J
611317,C,I
609638,B,J
610027,A,J
611270,F,I
611256,A,J
611228,C,J
611095,C,J
610178,B,J
611190,B,J
609865,E,J
611098,C,J
611070,A,J
604413,A,J
611045,B,J
611036,A,J
611041,C,J
605789,B,J
610807,B,J
610984,A,J
610970,C,J
609721,C,J
610775,A,J
610881,B,J
610859,E,J
610871,C,I
610763,D,J
610846,B,J
610810,C,J
607867,B,J
610730,A,J
610713,B,J
610696,C,J
610240,E,J
610685,A,J
610671,C,J
610644,B,J
610617,C,J
610563,C,J
610584,B,J
608305,C,J
610557,E,I
610562,A,J
609226,C,J
610525,A,J
610523,A,J
610497,B,J
594400,E,J
610373,A,J
608817,B,J
610365,F,J
610353,A,J
610327,A,J
609742,D,J
610326,C,J
610331,B,J
610287,A,J
600312,B,J
610311,A,J
610262,B,J
610265,C,J
610245,D,J
610221,D,J
610211,E,J
604110,D,J
606794,B,J
609877,A,J
610148,E,I
610101,F,I
610015,G,I
610086,D,J
608105,A,J
610052,B,J
610048,C,J
609502,A,J
609989,B,I
609990,B,I
609986,C,J
609971,B,J
609958,C,J
609964,C,J
609955,A,J
609956,C,J
609935,E,J
609918,D,I
609569,B,J
609897,B,J
609902,C,J
602229,D,I
598028,A,J
609835,A,J
609824,A,J
587430,A,J
609583,B,J
609802,D,I
609795,G,J
609790,A,J
609784,B,I
609493,B,J
609770,B,J
609605,A,J
609725,B,J
609649,D,J
609676,E,J
609459,A,J
609548,D,I
609588,G,J
609623,B,J
609621,B,J
609489,B,I
609585,A,J
609146,D,J
609308,A,J
609496,A,J
609371,B,H
609423,A,I
609362,B,J
592478,A,J
608415,A,J
609339,A,J
609322,A,J
609306,B,J
608771,A,J
609294,C,I
609299,A,J
609157,F,J
608153,B,J
608389,A,J
609231,B,J
608596,D,J
609236,E,J
609219,B,J
609232,A,J
607517,D,J
608734,F,J
609189,A,J
609166,B,J
609164,A,J
594903,D,J
609147,C,J
424330,C,J
609097,B,J
609096,B,J
609040,B,J
605188,C,J
609045,C,J
609023,B,J
608997,A,J
574363,E,J
608991,B,J
608955,D,J
607878,B,I
602707,D,I
608930,B,J
608640,E,I
608897,D,J
601962,D,J
608856,A,J
608757,A,J
608842,E,J
608831,B,J
608782,C,J
608748,A,J
608691,B,J
608687,C,J
608674,D,J
608661,D,J
608023,A,J
607617,B,J
391748,E,J
608616,C,J
607017,D,I
608600,D,J
608335,C,J
608575,A,J
608554,B,J
608545,C,J
608522,A,J
608512,C,I
608414,B,J
605394,C,I
608470,A,J
607863,B,J
608460,C,J
608454,A,I
608447,E,J
608421,B,J
608422,A,J
608423,A,J
608417,A,J
608394,A,J
606595,A,J
608370,C,J
608387,D,J
608388,E,J
608350,B,J
608033,D,J
608321,A,J
608242,D,J
608268,A,I
608229,A,J
607142,D,J
608230,E,I
608225,D,J
608020,D,J
608169,B,J
608140,C,J
608164,D,J
608135,D,J
608114,A,J
608112,B,J
608090,A,J
608067,C,J
608056,C,J
608039,B,J
605956,E,J
608041,B,J
607565,A,J
596410,A,J
608008,C,J
606719,A,J
607844,C,J
605841,B,J
607296,G,J
604479,G,J
607959,C,J
607944,A,J
606185,B,J
605836,A,J
607931,A,J
607881,D,J
607838,D,J
607833,A,J
607748,A,J
605940,B,J
607805,D,J
606559,D,J
607791,A,J
607800,B,J
607782,A,J
607753,B,J
604596,A,J
607728,A,J
607716,B,J
607708,D,J
602792,A,J
607690,B,J
607693,C,J
607694,F,J
607677,C,I
607672,F,J
607654,A,J
607637,A,I
600524,D,J
607526,A,J
607537,C,J
607574,G,I
606262,D,J
607568,B,J
607566,A,J
607551,A,J
607525,A,J
607486,D,J
607484,A,J
607485,C,J
607447,C,J
607439,G,J
607432,C,I
607440,B,J
595047,B,I
606881,A,J
606293,A,J
607394,A,J
607319,A,J
607397,B,J
607382,B,J
605444,A,J
606786,A,J
606665,A,J
604655,A,J
607333,A,J
607317,A,J
607298,B,J
607291,F,J
607275,B,J
603177,B,J
607235,E,J
548340,B,J
607225,G,J
607221,B,J
607203,C,I
607202,C,J
607194,C,J
607179,C,J
607137,B,J
607148,B,J
607133,A,J
577724,A,J
606851,B,J
607076,A,J
607073,A,J
607039,A,J
607030,B,J
603303,D,J
606998,B,J
606980,A,J
606651,D,J
606969,B,J
606906,A,J
594100,A,J
606856,A,J
606847,A,J
606796,B,J
606136,A,J
606728,D,J
606730,B,J
606714,A,J
606690,A,J
606101,C,J
606666,B,J
606654,B,J
606655,A,J
606632,A,I
606637,B,I
606619,A,J
606603,B,J
606604,A,J
605751,A,J
606598,B,J
602751,A,J
606130,F,J
606214,B,J
606548,B,J
606546,A,J
605355,A,J
606520,A,J
606510,C,J
606512,C,J
606508,A,J
601568,D,J
602873,A,J
605439,A,J
606429,C,I
606401,A,J
606324,D,J
606379,C,J
606358,A,J
606343,A,J
606340,B,J
606303,B,I
606301,C,J
597703,A,J
606191,A,J
605658,A,J
606251,A,J
606248,D,J
605772,A,J
605722,A,J
606222,A,J
606212,A,J
606217,B,J
606213,B,J
604070,C,J
605935,B,J
606142,A,J
606139,A,J
606137,A,J
606135,A,J
606121,C,J
606111,A,I
605948,B,J
605621,B,J
606074,B,J
606069,A,I
606011,A,J
606013,B,J
606018,B,J
605995,A,J
605996,A,J
605989,B,I
605973,A,J
605921,A,J
605924,A,J
604150,D,J
605897,A,J
605892,A,J
605851,D,J
605855,D,I
605843,A,J
598652,B,J
604163,B,J
605838,A,J
605826,B,J
591386,A,J
605816,C,J
605804,B,J
605811,A,J
605582,A,I
605778,E,J
601656,A,J
605710,A,J
605742,A,J
605743,C,J
605713,A,J
605711,A,J
605699,B,J
602049,A,J
605454,C,J
605495,E,J
605644,F,I
605204,B,J
605628,A,J
605373,C,J
605575,C,J
605568,A,I
605563,B,J
605562,D,J
605484,A,J
605556,C,J
598568,B,I
605547,A,J
605540,B,I
605463,A,J
605519,B,J
605515,E,J
605493,D,J
605402,A,J
605475,C,I
605441,B,J
605442,A,J
605430,B,J
605376,D,J
605419,A,J
605415,A,J
605379,A,J
605397,B,J
590638,G,J
605361,G,J
605342,D,I
605309,B,I
595693,A,J
605318,G,I
599923,A,J
605290,A,J
605063,C,J
605280,D,J
605284,A,J
605281,A,J
605106,A,J
604861,B,J
600725,E,J
569938,B,J
603967,B,J
603733,A,I
605227,B,J
604975,B,J
603736,B,J
605120,B,J
605145,C,I
486464,C,J
605133,B,J
601229,A,J
605110,A,J
605092,B,J
605101,A,J
605066,A,J
605061,C,I
598558,A,I
604971,C,J
603999,E,J
605053,B,J
601149,C,J
604919,E,J
604928,C,J
605872,D,J
604990,A,J
604161,A,J
603227,A,J
604876,F,J
604937,C,J
604926,D,J
604902,E,J
604917,B,J
604912,A,J
604906,C,J
604108,B,J
605282,C,I
604879,D,J
601131,B,J
604852,A,J
604855,A,J
604843,A,J
604219,B,J
604825,B,J
603104,D,J
603768,C,J
604779,B,J
511542,A,J
604728,B,J
603245,C,I
604695,B,J
596460,A,J
604469,B,J
604644,A,J
604552,C,J
604628,E,J
604611,A,J
604096,B,J
603940,A,J
604561,C,I
604578,A,J
604495,C,J
604494,B,J
604215,A,J
583657,B,J
604099,F,J
604521,D,I
603279,D,J
604501,B,I
604483,A,J
600210,B,J
602423,B,I
602374,B,J
604459,B,J
604423,B,J
595051,D,J
599656,B,I
604354,B,J
604342,C,J
604346,C,I
604326,G,J
604319,C,I
600624,A,J
604333,A,J
604268,E,J
604291,C,J
604303,F,I
602943,B,J
604222,B,J
604220,B,J
603937,B,I
604160,B,J
604139,A,J
601507,A,J
604119,B,J
600170,C,J
602127,A,J
602781,A,J
604095,C,J
603683,D,I
604062,A,J
601462,B,I
604030,B,J
604027,C,J
604023,D,J
604007,C,I
603988,B,J
543561,C,J
600910,A,J
603985,D,I
603935,B,J
603952,A,J
603950,A,J
603944,E,J
603918,B,J
603909,B,J
603911,B,J
603908,C,I
603891,A,J
603887,A,J
603648,F,I
603866,E,J
603861,A,J
603853,E,I
603818,D,J
603796,C,I
602345,B,J
591116,D,J
603329,A,J
603770,D,J
603763,D,J
603749,C,J
603745,A,J
601769,C,I
596195,F,I
603690,A,J
603674,A,J
601573,B,J
603634,D,J
600199,B,J
603618,F,I
602137,C,J
603585,A,I
603599,D,J
601257,A,I
603591,A,J
603576,E,J
603159,B,J
603566,A,J
603509,A,J
603513,A,J
602834,D,J
603488,A,I
602573,A,J
603479,B,J
603480,A,J
603304,A,J
603426,D,J
603396,B,I
603393,A,J
603366,C,J
603300,D,I
603336,B,J
602431,E,I
603312,A,J
603296,A,J
603292,A,J
603290,A,J
601641,A,I
603276,A,J
603262,D,J
603241,D,I
603242,A,J
603211,B,J
601997,A,I
603192,B,J
602589,B,J
603180,B,J
603168,C,J
603158,B,J
603155,B,J
603127,D,I
603126,A,J
560227,B,J
603057,B,J
603118,F,J
603103,A,J
603102,A,I
603087,A,J
603092,B,I
599728,B,J
601926,A,J
601807,A,J
603011,A,J
603048,B,J
602729,D,J
583200,E,I
603012,A,J
589767,A,J
602984,F,J
602951,E,J
602816,B,J
602911,B,J
602949,C,J
602918,B,I
601790,A,J
591139,D,J
602925,A,J
599414,C,J
603756,B,J
602871,A,J
602890,B,J
602878,B,J
600502,B,J
602862,C,J
602851,C,J
598576,A,J
602849,D,J
602852,D,J
600850,A,J
601452,C,J
602776,A,J
600347,D,J
602764,B,J
590853,C,J
553205,A,J
602720,B,J
526872,A,J
602679,E,J
602680,A,J
602682,B,J
602650,D,J
602628,C,J
600628,A,J
602522,C,J
600303,D,J
602494,A,J
602293,A,J
602482,C,J
601803,B,I
600784,B,J
602432,E,J
602404,D,J
602399,B,J
602397,B,J
602401,C,J
602129,A,I
602372,C,J
602361,B,I
602347,B,J
602348,E,J
602334,B,J
601652,B,J
600026,A,J
602308,C,J
602290,A,J
600099,A,J
600497,A,J
602242,C,J
602246,B,J
602221,B,J
602209,A,J
602190,A,I
561563,D,I
602193,C,I
601579,B,J
593304,C,J
597900,A,J
601810,B,J
602159,B,J
602136,B,J
602048,B,J
602083,B,J
602108,A,J
602107,A,J
602096,B,J
601878,A,J
602072,E,J
602067,A,J
602038,B,J
602032,B,J
599558,A,J
602018,A,J
602016,E,I
602012,B,J
601891,A,J
601985,B,I
601964,A,J
596646,B,J
601960,F,J
601956,A,J
597984,E,I
601934,A,J
601933,D,J
601919,A,J
601893,E,J
601922,C,J
601901,A,J
601784,A,J
600275,A,J
601752,A,J
590716,A,J
601724,B,I
601698,B,J
601726,B,J
601453,A,J
601653,B,J
601694,B,J
601707,B,I
601678,D,J
601669,B,J
567541,A,I
601612,B,J
601598,F,J
601624,A,J
601614,D,H
601603,D,J
601566,A,J
600522,D,J
601580,D,J
601569,B,J
601559,A,J
601556,B,J
601560,C,J
601162,A,I
600183,A,J
598619,A,J
601467,C,J
601470,E,J
601463,B,J
601438,A,J
601451,E,J
601424,B,J
525475,A,J
591991,A,J
601413,B,J
601348,C,J
601119,B,J
601387,C,J
601373,B,J
601353,B,J
600978,D,J
601319,A,J
586329,A,J
601281,E,J
601291,A,J
600969,A,I
601271,B,J
601259,C,J
601252,C,J
601258,B,J
601251,E,J
599108,A,J
601206,A,J
601201,B,J
601194,A,J
601184,B,J
601183,E,J
601124,C,J
601153,A,J
601154,B,J
601155,D,I
595951,A,J
601103,A,J
601044,E,J
601084,A,I
601079,C,J
601083,A,J
601063,C,J
601059,A,J
600988,B,J
599109,A,J
601037,B,I
601033,B,J
600767,A,J
601003,C,J
600927,F,J
596559,B,J
600836,A,J
600979,C,I
600829,A,J
600837,A,J
600872,B,J
600817,A,J
600809,B,J
600776,A,J
600615,C,J
598794,B,J
600762,C,J
600757,A,J
600740,B,J
598788,C,J
600687,C,I
600711,B,J
600712,D,J
551849,A,J
590869,A,I
600672,A,J
600667,A,J
600650,E,I
600641,C,I
600470,A,J
600554,C,J
600529,C,J
600550,C,J
600571,B,J
600549,A,J
600015,A,J
599877,D,J
599020,D,J
597670,C,J
598617,A,J
600355,B,J
600342,D,J
600335,B,I
600267,A,J
598336,B,J
600228,B,J
599324,A,J
600209,B,J
600187,C,J
596397,C,J
600178,B,J
600160,C,J
600144,B,J
581961,D,J
600091,D,I
600080,D,J
600073,C,I
600058,B,J
599963,A,J
564894,D,J
600007,C,I
599964,B,J
599876,C,J
599912,E,J
599386,A,J
599847,A,J
599858,B,J
599823,B,J
599826,B,J
599804,B,I
597589,A,J
599773,C,J
590601,A,J
599732,A,J
596621,B,I
599680,A,J
599649,A,J
599655,C,J
599636,B,J
599608,E,I
599611,E,J
573794,D,J
595464,C,J
597497,C,J
599556,D,J
599550,D,J
599533,D,J
600733,A,J
599544,D,J
600714,A,J
600726,A,J
596197,B,J
600718,B,J
598111,A,J
600664,C,J
597904,A,J
599475,D,J
599480,B,J
600595,C,J
599461,A,J
599419,C,J
599451,A,J
600545,A,J
600535,A,J
599432,B,I
599424,B,J
599423,A,J
599401,C,I
599413,E,J
600489,C,J
599406,C,J
599394,E,I
600468,C,I
590013,C,I
600446,A,J
600434,B,J
599360,A,J
599351,B,I
595852,A,J
599339,A,J
600372,A,J
586792,B,I
599975,E,J
599713,C,J
597573,B,J
599253,B,J
596271,A,J
600237,A,J
595670,E,J
599226,C,J
595656,B,J
599204,B,J
598784,B,J
599200,A,I
600157,A,J
599194,A,J
598736,G,J
599168,E,J
600084,A,J
599880,B,I
599147,C,J
596091,A,J
600005,A,J
600029,A,J
600013,A,J
599106,D,J
599993,A,J
577213,A,J
597550,A,J
599951,B,J
599048,C,J
586260,A,J
598308,B,J
599026,E,J
599010,B,J
599736,A,J
598992,C,J
597669,D,I
595068,B,I
599757,A,J
599746,C,J
598448,A,J
598958,C,J
598886,F,J
598855,C,I
598836,A,J
598833,C,I
598347,D,J
597751,A,J
598772,B,I
598147,D,I
595079,C,J
598629,D,J
598719,A,J
598580,C,J
598702,B,I
598690,A,J
588675,B,J
598545,E,J
598672,A,J
598668,D,J
597499,C,J
598584,A,J
598009,C,J
594498,B,J
598479,E,J
598134,C,J
598465,G,J
598112,E,J
598446,C,J
598284,D,J
591994,E,J
598352,D,J
598324,F,J
598310,D,J
587224,C,I
597785,D,I
595616,C,J
598235,E,J
598126,G,I
598187,A,J
598184,B,J
590092,C,J
598136,D,I
598102,B,J
598109,B,I
598100,A,J
597469,A,J
598120,A,J
598095,B,J
598076,E,J
596952,A,J
598055,A,J
598023,A,J
553620,D,J
598004,C,J
598003,A,J
597972,E,I
597965,B,J
596783,A,J
597681,B,J
594983,A,J
597928,G,J
597931,A,J
597920,A,J
597906,C,J
597853,B,J
597883,B,J
597875,F,J
597304,F,J
597835,C,J
597838,A,J
597746,A,J
596647,A,J
597609,B,J
597671,B,I
591438,B,J
597104,C,J
597604,B,J
597558,D,J
597540,D,J
597527,A,J
584866,F,J
597495,B,J
596804,C,J
597226,E,J
597414,E,J
596258,D,I
597459,B,J
597449,D,J
597450,D,J
597420,A,J
590769,A,I
597398,D,J
597371,C,J
597395,B,J
593562,A,J
597091,C,J
597358,E,J
597351,B,J
597296,B,J
597324,B,J
597005,D,I
597281,C,J
597271,E,J
597272,A,J
596738,B,J
596940,C,J
597266,C,J
594486,A,J
585228,A,J
597211,D,J
597161,A,J
597069,B,J
597058,A,J
594344,F,I
597110,E,J
597118,B,J
597088,B,J
595977,B,J
596740,B,J
597047,C,J
597049,E,J
597024,D,J
597017,C,J
476717,B,I
596314,B,J
596418,C,J
596915,C,I
597019,C,I
597006,E,J
597004,C,J
597008,E,J
596988,E,J
596967,D,J
596907,B,J
596926,B,I
596236,A,J
596895,D,I
596875,C,J
596843,D,J
594902,E,J
596830,B,J
596704,B,J
596772,E,I
596747,E,J
596731,B,J
596727,E,I
596665,E,J
596202,A,J
596627,D,J
596636,B,J
596503,F,J
596578,C,J
596577,D,J
596435,A,J
596567,B,J
592599,A,J
593370,C,I
596450,D,I
596513,C,J
588189,A,J
596491,C,I
593946,A,I
596459,A,J
596426,D,J
592608,A,J
596439,C,J
579302,D,J
596423,D,J
596403,A,J
596350,D,I
596398,B,J
596391,C,J
595901,C,J
596371,B,J
596346,D,I
596327,B,J
596308,D,J
596274,A,J
596243,D,J
594022,B,J
595127,F,J
596211,D,J
595744,A,J
596169,B,J
596171,D,J
596115,B,J
595312,C,J
596142,B,J
596139,C,J
596124,E,J
594117,C,J
595501,B,J
593188,C,J
590866,E,J
594919,D,J
595945,B,J
595917,E,J
595847,D,J
595880,B,J
595846,C,J
594970,A,J
594180,A,I
595820,A,J
594446,B,I
595785,B,I
595701,A,J
595728,C,J
595691,B,J
595659,A,J
595648,E,J
595627,D,J
595635,B,J
595614,A,J
595532,D,J
588235,D,J
595476,C,J
593988,A,J
595465,B,J
594069,D,J
595405,E,J
595104,A,J
594164,A,J
595377,C,J
595359,C,J
594454,A,J
595319,D,J
594923,B,J
595302,D,J
595284,A,J
595265,B,J
595226,A,I
595223,A,J
595219,C,J
595190,E,I
595187,B,H
595153,B,J
585459,C,J
594013,D,I
594718,A,J
595074,E,J
593978,E,J
592509,E,J
594521,C,J
594712,A,J
594947,D,J
594944,C,J
594908,E,J
594924,C,J
594906,A,J
594884,A,J
590818,C,J
594883,E,J
594873,D,J
589526,E,J
594814,B,J
594800,B,J
594790,A,J
594569,C,J
594789,B,J
594769,B,J
594768,D,J
594744,A,J
566017,D,J
577122,B,J
549140,C,J
594563,B,J
594520,C,J
591691,A,J
594026,B,J
594450,D,I
594452,B,J
594206,B,I
594434,D,J
594379,C,J
594374,C,J
593062,C,J
594305,A,J
594289,D,J
594290,B,J
594284,B,J
591511,B,J
594261,E,J
594257,C,J
594190,D,J
592279,F,J
594196,B,J
592829,E,J
593875,A,J
594131,A,J
594115,C,J
592552,C,J
594081,C,J
580676,B,J
594052,C,I
594030,B,J
593880,E,J
591361,B,J
593976,B,J
571035,C,J
593417,C,I
593940,A,J
593772,C,J
593916,C,J
593901,A,J
593853,E,I
592598,A,J
593837,D,I
593790,D,J
593793,C,J
593800,B,J
593140,D,I
593735,B,J
593608,B,J
585302,B,J
592932,B,J
593733,C,J
593696,C,J
593029,A,J
593712,D,J
585254,D,J
584687,B,J
592738,B,J
593642,B,J
593616,C,J
591983,B,J
593617,C,J
592949,D,J
585502,E,I
593573,B,J
593253,B,J
593048,B,J
593570,A,J
593512,A,J
583503,B,J
591518,B,J
593420,B,I
593362,A,J
593265,C,J
591487,C,J
593254,F,J
593249,E,J
593161,D,J
593259,B,J
593242,B,J
593225,B,J
593238,E,J
593211,D,J
592402,A,J
591316,E,J
593189,B,J
593181,C,J
586101,A,J
593152,B,J
592018,B,J
593147,B,J
585693,B,J
593121,F,J
585470,B,J
579637,F,J
588849,B,J
592017,E,J
593066,C,I
593064,B,J
593053,E,I
593040,C,I
593031,B,J
591714,B,J
592064,B,J
592953,F,I
592775,A,J
592916,C,J
592930,B,J
592889,C,J
592900,D,J
592832,D,J
592807,C,J
592772,C,J
592362,A,J
592749,C,J
592737,B,J
592672,D,J
592639,G,J
592140,D,J
587205,B,J
592635,B,J
592571,C,I
592570,A,J
592557,E,J
592550,F,J
579553,B,J
592535,C,I
592483,C,J
592470,B,J
592468,E,I
592473,C,I
588716,D,J
592416,B,J
573443,C,J
587945,B,J
592370,B,J
592367,D,I
592359,A,J
592342,B,J
590906,C,J
592230,A,J
592263,A,I
592227,A,J
585697,A,J
592008,E,J
592219,C,J
572573,B,J
590309,E,I
592186,B,I
592167,B,J
591048,F,J
592131,B,J
592129,A,J
591054,A,I
592060,F,J
590004,A,J
592052,B,J
592043,A,J
592029,B,J
592019,A,J
591989,A,I
580279,A,J
591965,C,I
591073,A,J
591885,D,J
591857,B,J
591851,B,J
591833,E,J
591828,A,J
591799,B,I
591656,A,J
591771,C,J
591736,A,J
591733,E,J
591725,B,J
591721,B,J
591431,A,J
591699,A,J
591700,D,J
591683,C,J
591643,C,I
566652,A,J
591571,C,J
591552,A,J
591234,A,J
591503,A,J
591029,D,J
591496,B,J
591472,C,J
590504,G,J
583852,B,I
591397,F,J
591341,C,J
591330,B,J
591298,C,J
591297,B,J
462079,A,J
591265,A,J
576501,C,J
591247,D,J
590590,E,J
591194,B,J
591178,B,J
590776,C,J
590273,C,J
591157,A,J
591091,E,J
591092,C,I
590568,C,J
591044,C,J
571836,A,J
590444,E,J
589144,C,J
590994,B,J
591000,A,J
590387,D,J
590946,D,J
590973,C,J
590959,C,J
590933,C,J
590809,C,I
589117,D,J
590879,A,J
589755,B,J
590854,A,J
590838,D,J
590832,B,J
585291,B,J
590817,D,J
590494,B,J
589635,C,J
590784,B,J
590764,E,J
590742,C,J
590275,A,J
590714,D,J
590666,B,J
590617,B,J
587091,B,J
590571,E,J
590564,B,J
589902,D,J
589891,C,J
589858,C,J
590496,A,J
590495,B,J
590474,C,J
590278,A,J
590471,A,J
590467,E,J
450302,B,J
590433,B,J
588220,D,J
590382,B,J
590350,E,I
590335,B,J
590129,F,J
590346,B,J
590333,G,I
587148,B,J
590312,A,J
590285,E,I
590232,D,I
589082,D,J
589931,D,J
590230,C,J
590215,D,I
590188,B,J
590214,D,J
590159,A,J
590199,C,J
590176,F,J
589410,D,J
590182,A,J
590102,G,J
578649,A,J
589439,C,I
587316,D,J
590043,C,I
590036,D,J
590035,B,J
589991,F,J
589964,B,J
589923,A,J
589884,D,J
577078,B,J
589888,B,J
589860,D,J
589171,B,J
589815,B,J
589816,C,J
589786,A,J
589422,E,J
535823,E,J
589749,D,J
589733,B,J
589730,E,I
584107,B,J
581861,B,J
589646,A,J
589671,C,J
589653,A,J
588947,B,J
589608,E,I
588901,A,J
580277,D,I
560860,C,J
589601,B,J
586758,C,J
589570,E,J
589559,D,J
589554,B,J
582724,A,J
588766,A,J
589515,A,J
585432,A,J
589332,F,J
589416,B,I
587109,D,J
589452,D,I
589413,B,J
589404,C,J
589400,C,J
573283,F,J
589349,C,J
589343,B,J
589347,D,J
582595,F,I
589127,A,J
589345,A,J
587791,E,J
584907,D,J
589288,B,I
589250,C,J
589245,A,J
589213,F,J
579167,D,J
589153,C,I
589122,D,J
587028,B,J
589107,C,I
589090,C,J
589015,C,J
589022,A,J
584461,B,J
588972,C,J
588951,A,J
588949,B,J
588914,E,J
588911,F,J
587515,B,J
588902,B,J
588898,C,J
586506,A,J
588843,C,J
587170,A,J
585531,B,J
588842,A,J
587629,A,J
588776,B,J
588714,B,J
587343,D,J
588796,B,J
588789,B,J
588779,C,J
588772,B,J
586897,D,J
588707,C,J
587567,A,J
583126,C,J
587559,D,J
588668,B,J
588657,B,J
588664,D,J
588649,B,J
588646,E,J
588642,C,J
588608,A,J
588530,A,J
581993,A,J
588594,B,J
580956,A,J
588584,C,J
588575,B,J
588458,E,I
588455,B,I
585008,A,J
588228,C,J
588267,B,I
588152,C,J
583218,D,J
588193,D,J
588156,D,J
588008,D,I
588136,A,J
588126,B,I
584508,D,J
586611,A,J
588097,C,J
579702,A,J
587535,B,J
587893,B,J
588043,B,J
588049,A,J
588050,D,J
586568,E,J
587979,B,J
586487,C,J
572463,B,J
587985,B,I
587971,B,J
587967,C,J
587918,C,J
587924,B,J
587884,B,J
587916,E,J
587914,F,J
586071,A,J
585232,C,J
585731,D,J
587832,A,J
587874,A,I
587749,D,I
580334,B,J
587088,D,J
587770,A,J
587753,B,J
587648,B,J
587591,A,J
587584,A,J
587538,B,J
587381,A,J
587548,A,I
587555,A,J
587552,E,J
587520,A,J
587541,B,I
587513,A,I
583522,B,J
587428,D,J
587412,F,J
587406,C,J
587391,A,J
587395,A,J
587375,E,I
587348,B,J
587328,B,J
587236,D,J
586715,B,J
585900,C,J
587263,A,J
587231,D,J
587161,D,J
587194,C,J
587182,B,I
587156,B,J
587143,B,J
572633,B,J
587069,A,I
583440,A,J
586967,D,J
586951,A,J
586971,F,J
586957,D,J
586934,C,J
586933,D,J
586924,D,J
580766,B,J
586853,B,I
582113,E,J
586391,B,J
586802,B,J
586712,D,J
586602,C,J
586686,C,J
586685,A,J
586671,C,J
586617,E,J
586259,E,I
584677,B,J
582576,C,I
581779,A,J
586536,A,J
585734,B,J
586570,B,J
586434,B,J
586557,C,J
586526,B,I
586494,B,J
586508,C,I
586484,A,I
585489,G,I
586470,A,J
585684,D,J
586440,C,J
586347,C,I
586429,C,J
586427,B,I
585911,A,J
586401,A,J
586394,C,I
586372,A,J
586360,G,J
586350,C,I
586326,B,J
586130,A,J
585060,B,I
586287,B,J
586275,D,J
586145,E,I
582837,C,J
585675,B,J
586253,C,I
586202,B,J
586251,C,J
586247,B,J
586249,F,J
586236,C,J
586235,A,J
586223,C,I
584352,C,J
586207,B,J
585680,B,J
586126,C,J
586116,B,J
586093,C,I
586065,D,J
575815,B,J
586074,G,I
586068,B,J
586061,D,I
586034,B,J
586046,C,I
583128,B,J
585939,D,J
585909,A,J
585912,A,J
585885,D,J
585895,A,J
585755,A,I
585836,B,I
585825,D,J
585801,A,J
585795,D,J
585771,C,J
585759,E,I
585752,A,J
585745,B,I
583920,A,J
585712,C,J
585658,D,J
585651,E,J
585629,C,J
585626,E,J
585560,C,J
585593,E,J
585572,E,I
585568,D,J
585532,B,J
585546,E,J
585542,C,I
583536,B,I
585521,E,J
585349,D,I
585462,C,J
585453,D,J
585347,D,J
585434,A,J
585419,C,J
585403,A,J
585408,C,J
565494,A,J
585373,B,I
578597,D,I
585340,C,J
583195,E,J
585341,C,I
585336,A,J
585315,C,J
585277,C,J
585256,A,J
585215,B,J
583291,B,J
585173,A,J
585168,A,I
585156,A,J
585158,E,J
584503,C,J
571552,B,J
585053,A,J
584968,B,I
579194,A,J
584872,B,J
584994,D,J
584992,C,J
584983,A,J
584969,C,J
584635,A,J
584938,C,J
584517,D,J
584906,B,J
584922,D,I
584912,B,J
584899,D,I
584881,C,J
584842,B,J
584836,B,J
584823,A,J
584820,C,I
584817,B,J
584786,C,J
584774,C,J
584759,C,J
584755,D,J
584738,A,J
584739,A,J
584692,A,J
584708,B,J
584718,A,J
557584,A,J
582934,D,J
584657,B,J
583007,D,J
584625,A,J
584313,C,I
584564,B,J
584523,E,J
584506,C,J
584495,E,J
582789,B,I
581398,C,I
584300,E,I
584444,E,J
584460,A,J
584456,C,J
584277,A,J
579111,B,I
583736,A,J
584422,B,J
584283,A,I
577545,A,J
584376,C,J
554910,A,I
584370,D,J
584381,B,J
584344,A,J
584356,B,J
584333,A,J
584317,A,J
584264,G,I
584242,E,J
584238,B,J
583119,D,J
584192,D,J
584180,B,J
584165,B,I
584161,E,J
583874,B,J
582666,B,J
583137,B,J
583818,B,J
584115,C,J
582335,C,J
576022,B,I
581114,D,I
581244,C,J
572870,A,J
583776,A,J
584011,E,J
583976,E,J
583948,C,J
583942,B,J
583936,B,J
583913,B,J
583860,B,J
583839,D,J
583759,A,J
581641,C,J
583754,B,J
583745,B,J
583713,C,J
583711,E,I
480425,A,J
583684,A,J
575667,F,J
583644,E,J
581838,B,J
583585,B,J
583656,F,I
570296,B,J
583590,G,J
572861,A,J
583552,B,J
583574,B,J
583564,C,J
583558,C,J
583513,D,J
583463,B,J
583194,E,J
583452,B,J
580864,E,J
582657,C,J
583411,B,J
583374,D,J
583359,A,J
578826,B,J
583337,A,J
579536,F,J
583262,A,J
579592,B,J
583228,E,J
582695,A,J
583181,B,I
583179,B,J
583167,B,J
583055,E,J
583146,B,J
583133,E,J
583047,A,J
582198,C,I
583110,A,J
582650,B,J
579958,B,J
583078,C,J
571256,D,J
583079,A,J
583041,A,J
583021,C,J
582987,B,J
582972,C,J
580792,B,I
582960,B,J
582926,B,J
579123,B,J
582937,B,I
535845,C,J
582908,D,I
582917,A,J
582903,B,I
582892,C,J
582886,B,J
581131,A,J
563362,A,J
582876,A,J
582846,B,J
582842,B,J
582834,F,J
581616,D,J
582807,A,J
582776,B,J
582782,B,J
582773,B,J
582765,B,J
582756,C,J
582569,B,J
582748,C,I
582740,E,I
581483,E,J
582723,A,J
570915,C,J
570899,B,I
582685,C,J
580015,D,I
582627,C,J
582628,B,J
582374,C,I
582515,A,J
582580,E,I
582574,B,J
582560,A,J
582530,B,J
582541,D,J
582528,A,J
582524,B,J
581853,C,J
573591,E,J
582418,D,J
582170,D,H
582383,C,J
582312,B,J
582305,D,I
582287,C,J
581622,B,J
581848,B,J
582250,A,J
582241,A,J
580796,A,J
581481,D,I
582208,E,J
582197,B,J
582173,B,J
581258,A,J
582162,A,J
582149,D,J
581709,D,J
582097,C,J
582088,C,J
569779,A,J
582014,D,J
580731,D,J
581983,D,J
580636,A,J
581973,C,J
581960,B,J
581938,D,J
581917,B,I
581871,E,I
581347,A,J
581857,C,J
581845,C,I
580816,A,J
581773,B,J
503194,B,I
581291,B,J
581663,E,J
577146,B,J
579272,G,J
581357,E,I
581623,C,J
562575,B,J
581501,B,J
580913,B,J
581439,A,J
581435,C,J
570784,A,J
581383,E,I
580355,C,J
581359,A,J
581333,G,J
581329,C,I
581317,B,I
581288,C,I
581238,B,J
581008,A,J
581266,C,J
581252,B,J
581248,B,J
581234,E,J
581198,G,I
581200,C,J
565337,C,I
581004,C,J
579151,D,J
580610,B,I
581143,C,J
580982,E,J
576923,A,J
581124,B,J
581150,C,J
581129,B,J
581113,B,J
581115,A,J
574191,B,J
581104,A,J
581063,A,J
581087,E,J
580992,D,J
572867,B,I
580991,B,J
580950,B,J
580946,A,J
580903,B,J
580898,C,J
580887,A,J
552762,A,J
579441,A,J
579815,G,J
580717,C,J
580245,B,J
567517,B,J
580721,D,J
580686,B,J
578726,E,J
579641,C,J
577208,A,J
574459,A,J
580637,C,J
580618,B,I
580598,B,J
580534,D,J
580549,C,I
578629,F,J
579777,B,J
580465,D,J
578939,A,J
576782,B,J
580492,B,I
580448,B,J
579442,B,J
580454,D,J
579900,D,J
580436,B,I
580432,E,J
579870,C,J
580416,C,J
580373,C,J
580390,C,J
580378,A,J
580272,A,J
580367,B,J
580346,G,J
580344,D,J
580335,A,J
579005,D,J
580293,A,J
580281,E,J
577166,C,J
575810,D,J
580248,B,J
578300,A,J
579483,D,J
580089,B,J
580055,C,J
579149,C,J
579977,B,I
578733,B,J
580021,B,J
579987,E,J
577179,C,J
579989,A,I
579970,D,J
516360,E,J
579340,D,J
579952,A,J
572697,A,J
579922,A,J
579918,A,J
574817,C,J
579903,D,J
579868,C,J
579845,A,J
579837,B,I
579836,D,J
579829,D,J
579816,C,J
579814,B,J
579781,A,J
579753,B,J
579754,A,J
579737,D,J
579728,A,J
431072,C,J
579674,G,J
579662,A,J
579433,A,J
579186,B,I
579604,C,J
579585,A,I
579581,B,J
579566,C,J
579562,A,J
579402,A,J
579482,E,I
579448,C,J
572119,C,J
579451,D,I
579431,B,J
579388,A,J
579387,C,J
579345,A,J
578076,C,J
579308,D,J
579267,B,J
579234,E,I
579229,B,J
579227,B,J
579159,E,J
579122,A,J
579064,C,J
578204,B,J
578151,D,J
579072,B,J
578813,B,J
579052,D,I
579043,C,J
579002,A,J
578994,B,J
578971,A,J
578968,B,J
577086,D,J
578940,E,J
578937,C,J
578933,D,I
577772,B,J
578922,C,I
578898,A,J
578836,A,J
569481,C,I
578793,E,J
578029,C,J
578777,C,J
578770,C,J
570914,A,J
578765,C,J
578744,D,J
577924,C,J
578705,D,I
578689,D,J
578345,B,J
578646,B,I
578312,A,J
578143,D,J
578612,C,I
578606,D,J
578534,A,J
578547,A,J
578426,A,I
572016,B,J
578510,B,I
577956,A,J
578476,A,J
578467,C,J
572880,B,J
574951,B,J
578342,E,J
565419,D,J
575902,D,I
578171,B,J
578451,B,J
578432,A,J
577896,A,J
578344,C,J
578320,E,J
578304,B,J
573883,A,J
578253,A,J
578195,B,J
575753,C,J
578186,D,J
578137,A,J
577669,A,J
578118,B,J
577468,E,J
578082,A,J
578081,C,J
578024,A,J
578038,B,J
577986,A,J
577968,E,J
577967,E,J
577979,C,J
577939,C,J
577937,C,J
577822,D,J
572862,A,J
577870,C,J
577862,B,I
577857,C,J
577704,B,J
577327,B,J
577825,D,J
577805,D,J
577652,B,J
577782,A,J
577787,A,J
564896,C,J
577717,C,J
577437,A,J
577566,B,J
577683,B,J
577679,D,J
571004,B,J
577647,B,J
577626,C,J
577593,C,J
576226,B,J
577597,A,J
577603,D,J
577596,C,J
577584,A,J
577565,D,I
559669,A,J
576451,B,J
577510,D,I
576159,C,J
577504,A,J
554790,B,J
564174,F,J
570973,D,J
577452,C,J
576668,B,J
577423,B,J
577436,D,J
574344,C,I
577396,A,J
577254,A,J
577310,C,J
569389,D,J
577367,C,I
575763,E,I
577364,D,I
577356,A,J
577358,E,J
577350,C,I
577347,B,J
577345,A,J
577314,C,J
577318,B,J
577297,B,J
577307,B,J
576862,B,J
577242,A,J
577214,A,J
576675,E,J
569262,E,I
576003,C,J
577147,C,J
577143,B,J
577117,B,J
576846,B,J
576792,B,J
577100,D,J
569037,F,J
577027,A,J
564291,B,J
575335,B,J
574550,E,J
574568,F,J
576977,C,J
576966,B,I
576949,D,I
560840,C,J
575391,A,J
575830,D,J
576847,B,J
576818,C,J
576799,E,J
573819,E,J
576741,C,I
572578,B,J
576557,B,I
576680,A,J
576665,C,J
576659,B,J
572823,B,J
576601,B,J
575730,A,J
576007,C,J
573552,B,J
576386,E,I
576527,B,J
564582,C,J
576435,C,J
574692,D,J
576413,C,I
576391,A,J
576116,C,I
576346,B,J
576237,A,J
554253,D,J
576299,A,J
576284,B,J
576232,B,I
576208,D,J
576200,E,J
576195,E,J
576177,D,J
576139,B,J
576122,D,I
576129,F,J
574343,E,I
576087,C,I
576077,B,I
574625,A,J
575905,C,J
576072,B,J
576063,A,J
576046,B,J
576045,B,J
574924,C,J
575984,B,I
576002,B,I
576013,C,J
576004,C,J
575993,D,J
575970,A,J
572691,B,J
575895,D,J
574644,B,J
575856,A,J
575795,B,J
575794,A,J
571386,B,J
563573,D,J
575751,D,I
575734,C,J
575717,B,J
575712,B,I
575687,C,J
575676,E,I
575662,C,J
573882,A,J
575533,B,J
575605,B,J
575602,E,J
573773,D,J
575582,A,J
575383,C,J
575540,B,J
575569,B,I
575543,D,J
575536,D,J
575167,B,J
575506,A,I
575494,C,J
575481,D,I
575479,C,J
574902,B,J
575382,B,J
575353,E,J
575351,B,J
575333,D,J
574842,A,J
575315,B,J
575310,C,J
575301,A,J
566679,C,J
575245,A,J
572888,C,J
575220,A,J
575189,D,J
575175,B,J
575116,B,I
574998,C,I
574886,C,J
572730,C,J
574958,C,J
574235,B,J
574900,C,I
570780,A,J
574876,B,J
574856,A,J
574768,B,J
574841,A,J
574821,B,I
574813,A,J
574811,D,I
574788,D,I
574301,E,J
574418,B,J
574763,B,J
572030,A,J
574703,E,I
574689,D,J
574645,C,J
574652,C,J
561362,E,J
573861,A,J
562283,D,J
573916,E,J
574477,C,J
574541,E,J
574419,C,J
574531,E,J
574499,A,J
574507,A,I
574479,C,J
574430,A,J
574313,B,J
573480,B,J
574270,A,J
574251,B,J
573415,C,I
573837,A,J
574222,B,J
573683,B,J
559871,A,J
574184,E,I
572339,D,I
573944,A,J
561595,C,I
573912,B,J
573788,F,I
573874,C,J
572804,B,J
573841,B,J
573817,B,I
573795,C,J
572894,A,J
573742,D,J
573735,C,J
570928,B,J
573680,B,J
573357,B,J
573675,B,J
572126,D,J
573221,B,J
572739,C,J
551767,B,J
573638,D,J
562282,E,J
573608,B,J
572301,A,J
573580,A,J
573573,A,J
573569,B,J
573555,A,J
573279,B,J
573575,B,J
573459,A,J
572190,B,J
573515,E,J
566600,B,J
572846,A,J
571315,E,I
572970,B,J
573418,B,J
553208,A,J
573368,A,J
573298,A,J
573354,A,I
573363,A,J
573077,A,J
572770,E,J
572425,B,J
573291,B,J
564234,A,I
568327,E,J
572226,A,J
573186,D,J
573268,A,J
573275,D,J
569883,B,J
573265,B,J
573239,E,J
573233,B,J
572849,C,J
572179,C,J
561371,B,J
570609,A,J
573219,A,J
573214,A,J
573194,D,J
571564,C,J
573173,D,I
572855,A,J
573115,F,I
572268,D,J
573051,A,J
550712,A,J
573092,B,J
573056,B,J
573059,A,J
570024,B,I
573020,D,I
573005,E,I
572974,E,J
571882,D,I
572971,D,I
572949,E,J
572912,C,J
572922,A,J
572908,E,J
572892,B,I
572896,B,I
571883,D,J
572893,A,J
572885,B,J
572889,C,J
572877,B,J
572871,C,J
571779,C,J
572615,B,J
572259,B,J
572434,B,J
572819,C,J
571131,C,J
572784,C,J
560780,A,J
572390,C,J
572506,C,J
572731,B,J
572680,B,J
572690,E,J
572682,B,J
572670,A,J
572649,A,J
572659,D,I
572484,A,J
545345,A,J
571729,D,I
572568,E,I
572566,B,J
572546,C,J
572542,D,J
555452,D,J
572331,D,J
572509,A,J
572492,A,J
572468,D,J
572077,C,J
560364,C,J
572410,B,J
572412,B,J
560114,A,J
572356,E,J
571927,A,J
561236,A,J
567116,D,J
571548,D,J
564412,A,J
572224,B,J
572284,D,J
572277,E,J
572236,A,J
569448,C,J
572227,A,J
571906,D,J
572204,A,J
572196,F,J
572178,C,J
572171,B,J
572138,C,J
572143,A,J
571995,B,J
572120,E,J
572106,C,J
572084,C,I
572082,B,J
571999,D,J
571830,A,J
571796,A,J
571753,A,J
570344,C,J
571944,D,J
571930,D,J
571933,B,J
571925,B,I
571103,E,J
571785,C,J
571525,C,J
567062,A,J
571874,B,I
570270,B,J
571861,D,J
571728,D,J
571845,B,J
571840,A,J
562972,C,J
568725,E,J
571832,D,I
571823,D,J
571768,B,I
571802,C,J
567294,B,J
571780,B,J
569905,C,J
570336,C,J
571715,E,J
571706,B,J
571653,E,I
570864,B,J
569623,B,J
571642,E,I
559328,E,J
571603,D,I
571577,E,J
571579,C,J
566738,D,J
571566,C,J
571420,A,J
570991,C,J
571542,A,J
571522,D,J
568340,B,J
571515,C,J
571508,E,J
569731,E,J
571483,C,J
571473,C,J
571226,C,J
571461,B,J
570300,B,I
571416,B,J
571441,E,I
571433,D,J
571409,B,J
571396,C,J
571352,A,J
571347,A,J
568070,C,J
571271,C,I
571285,D,J
570657,F,J
570124,A,J
571268,C,J
571260,B,J
571258,C,J
571227,A,J
571241,B,J
567593,F,J
571208,B,J
571087,C,J
571077,E,I
571066,C,J
571063,C,J
571052,A,J
569847,D,J
571012,A,J
569678,C,J
570738,E,J
570889,A,J
570951,B,J
570930,D,J
570927,F,J
570867,B,I
570897,C,J
569735,C,J
570462,D,I
570056,C,J
570819,C,J
570836,D,J
570811,A,J
570170,D,J
485037,A,J
570764,A,J
570756,B,J
570718,C,J
570712,C,J
570623,E,J
570656,C,J
570660,B,J
570653,B,J
570654,E,J
552557,A,J
570625,B,J
493268,B,J
570595,C,J
570571,C,I
569252,F,J
570582,A,J
570580,B,J
570463,B,I
565803,C,J
566833,B,I
506251,D,J
570488,D,J
570482,B,I
568275,D,I
570407,C,I
564237,C,J
570329,E,J
570299,D,J
570341,B,J
570333,E,I
570326,A,J
570330,B,J
570293,B,J
570266,B,J
570275,A,J
570265,E,J
569877,B,J
570215,B,J
570180,A,J
570182,D,J
570175,A,J
570149,B,I
570116,C,J
570102,E,I
569542,A,J
569876,B,J
570090,C,J
569928,C,J
570057,A,J
570032,D,I
569982,B,J
569960,B,J
569897,E,J
569861,C,J
569816,D,J
542847,A,J
569751,C,J
569734,B,J
567621,D,J
569550,A,J
568927,E,I
569663,D,I
567088,C,J
568504,C,J
544339,B,J
558201,E,J
556169,D,J
569480,B,J
569597,B,J
569568,A,J
569592,B,J
569576,B,J
569581,A,J
569535,E,J
568971,F,J
569498,B,J
569486,A,J
565660,D,J
569461,B,J
569379,E,J
569438,B,J
569402,B,J
569294,E,J
569318,D,I
569223,A,J
569200,B,J
569182,A,J
569190,F,I
569188,C,J
569162,C,J
568045,C,J
567638,B,J
569128,C,J
535482,D,J
568708,C,I
569097,B,J
569095,C,J
569090,B,J
569054,D,J
561360,C,J
569002,C,J
567584,B,J
568979,C,J
558643,A,J
568940,E,J
568950,A,J
568928,A,J
568915,B,I
568341,B,J
568912,A,J
568889,B,J
568894,E,J
556249,A,J
568072,B,J
566619,C,J
568768,C,J
568773,B,J
568738,G,I
568700,C,J
561547,B,J
568668,C,J
568659,C,I
567165,A,J
568531,B,J
568623,E,J
568605,C,J
556021,A,J
568568,D,I
568534,A,J
568525,F,I
568507,C,J
567833,E,J
568471,B,J
568472,A,I
568459,G,J
568448,B,J
568431,D,J
568400,E,J
568382,D,J
568367,C,J
568352,B,J
568339,A,J
568333,C,J
568322,E,I
568319,A,J
568299,B,J
568273,A,J
568181,B,J
568246,C,J
568251,A,J
566174,B,J
568194,C,J
567604,C,J
564302,E,J
561605,C,J
568148,D,I
564560,A,J
568138,B,J
568114,C,J
567652,D,J
557972,C,J
565238,C,I
568058,A,J
568036,C,J
567564,A,J
568006,A,J
567976,B,I
567992,C,J
567965,A,J
560520,D,J
567956,C,I
562869,B,J
567935,B,J
565172,A,J
567905,B,I
567893,B,J
567894,E,J
566942,B,J
567843,B,J
567375,D,J
567817,A,J
567727,B,J
567699,B,J
549452,C,J
565727,A,J
567629,C,J
557249,D,J
564988,D,J
567570,C,J
567093,B,J
567540,E,J
567161,C,J
567508,D,J
567516,C,J
566444,B,J
567494,B,J
567423,A,J
566028,B,J
564259,B,J
566855,D,J
567008,B,J
561156,C,J
567308,C,J
567276,E,J
567302,A,J
566094,B,J
567274,D,J
567273,B,J
567265,C,J
567227,A,J
567207,B,J
567210,D,J
566112,B,J
566836,A,J
567149,F,J
567146,F,I
567141,B,I
566895,E,J
566359,A,J
552161,B,J
567114,C,I
567109,A,J
546057,B,J
567058,E,J
567019,C,J
566992,F,I
567000,D,J
554300,A,J
564495,E,J
566977,D,J
566931,A,J
562456,C,I
566922,F,J
566883,D,J
566862,C,J
566852,B,J
566825,D,J
566831,B,J
566807,D,J
566804,D,J
566774,B,I
566740,C,J
565456,B,J
561670,C,J
566671,B,J
566656,F,J
395243,A,J
557932,E,I
566579,B,J
566560,E,J
566540,D,J
566518,A,J
454838,A,J
566490,B,J
566457,D,J
566050,D,J
566440,C,I
566428,F,I
566392,A,J
566382,B,J
566266,E,I
566307,B,J
566342,B,J
566341,B,J
566308,E,I
566255,B,J
566249,E,J
566286,C,J
566252,B,J
566234,C,J
566247,A,J
565928,A,I
566203,B,J
566119,C,J
565941,B,I
565883,B,J
566162,C,J
566115,D,J
566133,A,I
566142,E,J
566122,C,J
566102,B,I
562800,C,J
565028,C,J
566131,E,J
565833,A,J
564735,D,J
566078,A,J
566037,C,J
565771,D,J
566058,C,J
566043,D,I
566019,B,J
565938,E,I
563631,B,J
565982,C,J
565967,D,J
563669,A,J
564885,C,I
564720,D,J
565836,B,J
563630,C,J
565779,B,J
565783,B,J
565612,C,J
563410,D,J
565754,D,J
565738,B,J
559498,B,J
565704,B,J
565696,G,J
565669,B,I
565659,B,J
565633,C,J
565432,D,J
565625,D,J
565467,D,I
565603,C,J
565593,E,I
565567,D,I
565566,C,J
565549,E,J
565565,E,I
565538,B,J
565502,B,I
561467,B,J
565466,E,J
564927,A,J
565400,E,J
565437,B,J
565387,C,J
565379,C,J
565276,B,J
565358,B,J
562589,C,J
565275,C,J
565302,D,J
565226,C,J
551322,G,I
564269,B,J
565203,C,J
526073,F,J
564911,A,J
565104,C,J
565102,B,J
565088,C,J
565074,B,J
565064,F,J
564875,B,J
565042,B,J
564697,B,J
565018,F,J
565007,C,J
564989,B,J
565010,A,J
564951,E,J
564897,A,J
564851,B,J
564846,A,J
563835,A,J
564849,E,J
564825,C,J
564818,A,J
564084,C,J
564420,A,J
564739,B,J
559481,B,J
564704,A,J
564673,C,J
564360,B,J
564566,C,J
564565,C,J
564455,A,J
564492,A,J
564330,B,J
564423,B,J
544837,G,I
550106,C,J
564321,C,J
564371,C,J
562203,A,J
564338,B,J
564335,A,J
564180,A,J
564317,D,J
564308,B,J
560609,D,J
564221,B,J
564116,B,J
564208,B,J
563769,B,J
564181,A,J
563914,E,I
564165,B,J
564035,F,J
563608,C,J
552295,A,J
564118,B,J
563389,B,J
564101,D,J
564063,C,J
555859,E,J
564046,D,J
562535,B,J
564020,C,I
557170,C,J
563983,B,I
563461,B,J
563957,F,J
563919,A,J
563915,C,J
562787,E,J
559282,C,J
561884,E,J
563742,B,J
563700,E,I
562812,A,J
563730,D,J
563254,A,J
563676,E,J
563689,A,J
563701,C,J
563684,C,I
563685,F,I
563567,B,J
563412,C,J
563569,C,J
562923,C,J
563539,B,J
563040,A,J
563485,D,J
563511,D,I
561698,D,J
562677,C,J
563460,B,J
563450,A,J
563455,C,J
563456,B,J
563382,D,I
563372,C,J
563097,C,J
561666,A,J
563334,A,I
563328,B,J
563058,A,J
559368,D,J
563157,F,I
563264,C,J
563259,B,J
563247,C,J
563240,A,J
563198,C,J
563209,C,J
563176,C,J
563175,C,J
560435,B,J
563119,D,J
563116,A,J
561461,B,J
563076,D,I
562958,D,I
562202,B,J
562920,G,J
562924,B,J
562842,D,J
562819,B,J
562822,D,I
562816,B,I
562732,A,J
551168,B,J
562369,E,J
562719,A,J
562710,D,J
562700,B,J
475463,E,J
562681,C,J
562670,C,J
559296,D,J
562611,C,J
562619,C,J
550734,B,J
562608,A,J
561280,B,J
562554,C,J
562536,A,J
562499,E,I
561552,A,J
562505,F,I
562218,A,J
561175,B,J
562457,A,J
562416,C,J
562409,G,J
562418,E,I
562404,B,I
542547,D,J
562349,A,J
560449,D,J
562332,B,J
562133,B,J
562261,B,I
558545,B,J
562256,A,J
562224,C,J
561407,D,I
562178,C,J
562173,C,I
560051,A,J
561718,C,J
560949,B,J
562145,C,J
561154,B,J
562067,D,J
558358,D,J
562040,B,J
562036,C,J
547884,C,J
561951,B,J
561938,B,J
561453,B,J
561741,C,J
561914,B,J
561896,A,J
561859,F,J
561842,A,J
561851,B,I
561707,D,I
561828,B,J
559387,B,J
539250,C,J
561640,C,J
561189,A,J
561734,D,J
561719,B,J
561711,B,J
561655,B,J
561660,D,J
561418,E,J
561578,B,J
561629,E,J
561546,D,J
561614,B,J
560450,C,J
561554,D,J
557688,B,J
561446,D,J
561530,A,J
561379,A,J
552402,D,J
558939,D,J
561481,C,J
561487,E,I
559589,D,J
561454,G,I
561435,B,J
561426,G,J
561392,D,I
561374,A,J
560109,E,J
560155,B,J
560669,C,J
561354,B,J
561347,B,J
561337,C,J
560292,G,J
560659,D,J
362601,C,J
561309,C,J
561254,C,J
550284,E,J
561248,B,J
560294,D,J
561197,A,J
561192,A,I
561179,D,I
561168,C,I
561123,D,J
560610,B,J
560923,C,J
561083,B,J
561027,D,J
560993,A,J
560971,C,J
560965,B,J
560914,E,J
560896,B,J
556014,C,J
560881,D,J
560844,E,J
560858,F,J
560857,B,J
560847,E,J
560787,B,J
560784,E,J
560773,C,J
560745,B,I
560712,E,J
560657,B,J
560688,G,J
560682,B,J
560680,C,J
560674,B,J
558676,B,J
557530,B,J
560605,B,J
557846,A,J
559407,D,J
528309,D,I
560526,C,J
560546,C,J
560524,A,J
519273,B,J
560253,B,J
560486,C,J
560504,B,J
560462,E,J
560370,D,J
560464,B,J
559894,E,J
560368,C,J
558682,B,J
560395,A,J
560361,C,J
558728,C,J
559956,D,J
560020,A,J
560268,B,J
560208,C,J
560221,B,J
560187,D,J
560106,A,J
560132,B,J
560150,C,H
559196,A,J
560128,B,J
559781,A,J
560041,A,J
500256,C,J
556844,C,J
560053,F,J
551171,D,I
560004,C,J
552819,D,J
560007,B,I
557187,E,J
559976,D,J
559964,B,J
547254,C,J
552802,E,J
548397,B,J
559932,B,J
558032,E,J
559906,B,J
555478,D,J
559853,B,J
559869,C,J
559838,C,I
558483,F,I
559785,B,J
557698,F,J
559800,B,J
559780,C,J
559795,C,I
559660,C,J
559370,C,J
559726,C,J
559711,A,J
559694,B,I
559692,A,J
559273,E,J
559656,C,J
559081,F,J
546460,D,I
559614,A,J
558771,D,J
559635,B,J
558548,C,J
559607,C,J
559595,E,J
559596,B,J
558437,F,J
554533,B,J
559560,A,I
559528,A,J
559541,F,J
559490,B,J
559499,B,J
559175,C,I
559399,B,J
557251,D,J
559361,E,J
556268,D,J
558966,C,J
554994,B,J
559251,B,I
559241,B,J
559242,B,J
559232,D,I
559180,A,J
558619,A,I
558616,B,J
559055,G,J
558495,B,J
559039,B,J
559052,D,J
558844,B,J
559045,B,J
558838,D,I
555865,B,J
557710,F,I
558089,B,J
541831,D,J
558974,F,I
558955,B,J
558943,D,J
558937,D,J
558500,C,I
555528,C,J
558899,C,J
558882,B,J
558863,B,J
556179,D,J
558800,D,J
555069,B,J
558828,C,J
558597,B,J
558785,E,J
558774,B,J
558758,B,I
558644,B,I
549042,E,J
558664,C,J
558711,D,J
558723,E,J
545253,D,J
557983,B,J
558684,B,J
558447,C,J
558502,A,J
558588,B,J
558584,A,J
558608,D,I
558387,G,J
558594,A,J
558578,B,J
558560,E,J
558503,B,J
522691,E,I
558185,A,J
558529,B,J
557740,D,J
557465,E,J
558487,A,J
556468,A,J
558440,B,J
556159,D,I
558392,A,J
558418,B,J
544774,B,J
558394,D,J
558361,E,I
557487,C,J
558385,E,J
558340,D,J
558335,C,J
556368,B,J
557852,D,J
558328,B,J
520013,B,J
558309,B,J
558286,A,J
558268,B,J
558266,C,J
558102,D,J
558196,C,J
558190,E,J
557851,A,J
558147,C,J
558163,F,J
558162,F,I
557673,A,J
557549,D,J
558097,A,J
557721,A,J
557145,B,J
557992,C,J
558022,C,J
557642,B,J
558006,E,I
557997,C,I
558003,D,I
511983,B,J
557202,E,I
557971,B,J
556570,A,J
556631,B,J
557926,D,I
522022,B,I
555950,B,J
557825,A,J
557807,C,J
553852,D,J
557811,D,I
555575,B,J
556720,D,J
557784,C,J
557764,A,J
557757,C,J
544973,D,I
557732,A,J
554815,C,J
557692,B,J
553858,D,J
557691,B,I
557700,C,J
556644,B,J
557621,C,J
557671,D,J
515798,F,I
557601,C,J
557649,B,J
557635,B,J
557528,B,J
557619,A,J
557622,B,J
557617,C,J
556016,A,J
552497,B,J
557576,B,J
557573,C,J
557572,B,J
557556,F,J
546030,D,J
557517,B,J
557491,A,J
552910,B,J
553077,B,J
557436,B,J
557423,D,J
557104,B,J
557250,C,J
557395,B,J
557401,D,J
557326,D,J
547544,A,J
557296,B,J
557280,A,J
557245,B,J
538563,D,J
545070,B,J
557218,A,J
557206,B,J
557197,A,J
557199,A,J
557115,E,J
557103,B,J
556893,D,J
557065,C,J
557061,D,I
557003,B,J
553450,C,J
552886,B,J
556123,D,J
556944,F,J
555915,C,J
556822,D,J
556908,B,I
556873,C,J
556885,B,J
556346,B,J
556851,C,J
556413,C,J
556823,C,J
556801,A,J
556806,B,J
526350,B,J
555047,C,J
542592,D,I
556787,E,I
556763,D,J
556727,B,I
556731,B,J
555040,B,J
547278,C,J
556649,E,J
548540,D,J
556232,D,I
556565,C,J
556416,A,J
556567,A,J
556466,D,J
554615,C,J
556502,B,J
555522,C,J
556446,A,J
554536,C,J
556126,E,J
556372,D,J
556376,A,J
556374,E,I
552806,C,J
556362,A,J
553701,B,J
549694,A,J
556350,A,J
552772,C,J
556330,B,J
554291,D,J
556322,D,J
555139,B,J
542063,D,J
556043,C,J
556238,A,J
506922,D,J
554025,C,I
555995,E,I
556207,B,J
554247,A,J
555592,B,J
555607,B,J
541416,D,J
556140,C,J
556114,B,J
554767,D,I
556079,D,J
66943,B,J
549075,B,J
552583,D,J
556006,B,I
555987,B,J
555949,C,J
555715,A,J
555960,B,J
555894,C,J
555869,B,J
555763,E,J
555821,A,J
555813,C,J
555809,C,J
554660,F,J
555774,A,J
555777,A,J
535554,E,I
555728,B,J
550977,C,J
555638,A,J
552794,C,J
550011,D,J
554129,B,J
555691,A,J
554929,B,I
555650,A,J
555643,B,J
555062,D,J
555531,A,J
555546,C,J
509004,F,I
555496,F,J
555383,D,I
551324,B,J
555364,C,J
543984,D,J
554726,C,J
555319,A,J
555295,C,J
555263,C,J
554342,C,I
555232,D,I
555237,E,I
555219,D,I
555191,A,J
555181,C,J
554139,C,J
554118,B,J
550334,A,J
555137,C,J
555123,B,J
552244,C,J
555109,B,J
555060,D,J
555085,B,J
555078,A,J
555064,E,J
554736,B,J
555021,A,J
555010,E,J
555005,B,J
554768,D,J
554993,A,J
551962,B,J
554959,B,J
554839,C,J
554925,A,J
554924,C,J
553893,C,J
554912,B,J
549115,B,J
554909,A,J
554889,B,J
554888,D,J
551645,D,J
554783,E,I
554798,B,J
554824,B,J
554813,C,J
554739,A,J
554746,A,J
554733,B,J
552311,D,J
554725,D,J
551982,A,J
554689,D,J
554674,A,J
554515,D,J
554595,B,J
551924,B,J
521112,A,J
554362,D,J
547641,D,J
554489,D,J
553788,C,J
550691,A,J
538163,C,J
554444,B,J
554466,B,J
550886,B,J
553810,B,J
553994,B,J
553121,G,J
554319,D,J
554275,D,I
552510,B,J
554237,B,I
554117,A,J
554084,D,J
554119,B,J
546257,C,J
554107,A,J
554064,A,J
553534,B,J
548059,D,I
554057,C,J
554056,C,J
553823,D,J
554031,B,J
554043,B,J
554008,C,J
554024,C,J
553985,B,J
553992,A,J
553961,D,J
552412,B,J
553920,B,J
553915,B,J
553891,C,J
553740,B,J
553867,A,J
553854,B,J
553809,D,J
553806,A,J
553811,B,J
553760,C,J
553815,B,J
553796,F,J
551974,E,J
550440,E,J
553786,B,J
553784,B,J
553732,C,I
553556,B,J
531051,E,J
553726,D,I
553269,A,J
552968,A,J
549904,B,J
552542,A,J
552863,D,J
553670,A,J
553657,E,I
553640,C,J
553569,D,J
553592,B,J
553555,C,J
553552,B,I
552991,C,J
553500,A,J
553495,A,J
553380,A,J
348340,B,J
553401,C,J
553333,A,J
551542,A,J
553313,C,J
553306,F,I
553289,C,J
553278,C,J
553277,F,J
550136,D,J
553239,A,J
553204,D,J
548816,B,J
553185,B,J
553188,D,I
553136,E,J
553099,B,J
553094,C,J
553090,C,J
553076,B,J
552990,B,J
552965,D,J
551528,C,J
552448,A,J
552953,C,J
552933,E,J
552470,D,J
552905,D,J
552885,B,J
552875,D,J
552873,B,J
552759,A,J
552796,B,J
552682,B,J
552060,C,J
545700,A,J
552630,D,J
552639,A,J
552334,A,I
552310,C,J
552469,A,J
552550,E,J
552525,B,J
549761,A,J
552526,C,J
552486,C,J
552482,C,J
552460,A,J
552453,A,J
552468,B,J
552454,D,J
552450,A,J
552451,C,J
552443,E,I
552420,C,J
552188,D,J
552441,B,J
552432,A,J
552400,D,J
551217,A,I
552294,A,J
547676,E,I
552329,C,J
552369,C,J
552360,A,J
552349,D,J
552275,C,J
536402,C,J
551973,C,J
551987,B,J
552237,C,I
551312,C,J
552211,B,J
552140,D,J
552131,B,J
552133,C,J
551664,B,J
552116,C,I
552110,C,J
549716,D,J
552080,B,J
552058,A,J
552015,C,J
552009,A,J
551639,C,J
551983,D,I
551957,D,J
551948,A,J
551883,A,J
551893,B,J
551911,D,J
551897,B,J
551889,E,J
551844,A,J
551828,B,I
551827,A,J
551795,A,J
550169,C,J
551331,B,I
545040,A,J
380713,D,J
551734,C,J
549522,B,J
550427,C,J
551702,D,J
551696,D,J
551666,E,J
551660,B,J
491373,B,J
551621,A,J
551517,A,I
551327,D,J
550325,C,J
551541,F,I
551533,E,J
541724,B,J
549978,B,J
551438,B,J
551420,D,J
551232,C,J
545262,A,J
551373,C,J
551378,B,J
551367,C,J
551237,B,J
551314,B,J
551284,A,J
549618,B,J
551271,A,J
551197,A,J
551231,E,J
551223,A,I
550324,C,J
543277,B,J
551119,B,J
551088,B,J
550072,E,J
549645,B,J
550796,B,J
551063,C,J
551025,D,J
550956,F,I
550954,B,J
550944,A,J
548261,B,J
548478,C,J
549355,E,J
509923,D,J
550912,A,J
547218,A,J
549313,B,J
546464,D,J
550122,C,I
550841,A,J
550739,C,J
550787,D,J
550415,D,J
550763,B,I
550733,E,J
549295,B,J
550681,D,J
549494,C,J
550664,A,I
550631,D,J
550259,B,J
547330,B,I
550598,E,I
550597,C,J
550558,F,I
550273,A,J
550501,C,J
550487,A,J
550253,B,J
550498,C,J
550423,E,J
550444,C,J
550442,C,J
550446,A,J
535485,E,J
550309,C,I
550387,C,J
547816,D,J
550366,B,I
549838,D,J
547294,B,J
550330,E,J
550341,B,J
550323,A,J
550257,B,J
550248,A,J
549843,D,J
544492,C,J
549796,C,J
547532,B,J
550145,A,J
550151,B,J
550134,A,J
549739,C,J
521452,C,J
549703,A,J
550117,A,J
550110,B,J
550075,D,J
550066,B,I
549834,A,J
550046,B,J
549701,B,J
543142,A,J
547956,B,J
533683,A,J
548889,A,J
548886,A,J
548918,C,J
549152,E,J
549922,A,J
549915,B,J
549906,C,J
549159,C,J
549867,D,J
549816,D,I
549020,A,J
549794,C,J
546061,A,J
549682,B,I
549752,A,J
549706,B,J
549714,D,J
549720,C,J
549411,A,J
549595,C,J
549671,E,J
549244,A,J
549677,A,J
547137,C,J
549613,B,J
545494,C,J
549583,B,J
544295,B,J
549570,C,J
549497,D,I
549532,D,J
549509,D,J
549412,A,J
549483,C,J
549463,B,J
549382,A,J
549319,A,I
549369,B,J
549328,A,J
549291,C,J
549277,C,J
549260,B,J
549251,D,J
549257,B,J
549235,A,J
549214,E,J
548796,D,I
549198,F,J
549199,A,I
549192,C,J
549189,E,I
549183,B,J
546992,A,J
535806,B,J
533698,A,J
549133,E,J
549131,A,J
548748,B,J
549126,A,J
549117,C,J
510146,C,J
549097,B,J
548382,B,J
549027,D,J
548979,A,J
548211,A,J
548481,B,J
548986,C,J
548894,C,J
548875,B,J
548852,C,J
547890,A,J
546398,D,J
548705,F,I
548807,E,J
548806,C,J
548792,D,J
548765,A,J
548781,E,J
548780,C,J
548760,C,J
545418,B,J
548707,A,J
548474,A,J
546664,A,J
548680,C,J
548545,B,J
548662,B,J
537090,D,J
548565,D,J
548633,E,J
547720,B,J
548609,C,J
548599,A,I
548604,E,J
548595,A,J
548105,C,J
548583,B,J
547935,C,I
548569,B,J
548537,E,J
545930,B,I
548524,B,J
547636,A,J
543796,B,J
548515,C,J
542206,B,J
548476,E,J
548454,B,J
548441,B,J
548338,B,J
548419,D,J
548398,C,J
548375,A,J
548406,F,J
548396,D,J
548381,F,J
547541,C,J
544065,E,J
547195,B,J
548325,D,I
548323,C,J
548321,B,J
548241,C,I
535439,B,J
544631,B,J
544156,C,J
548196,A,I
547630,B,J
546846,D,J
535500,C,J
548181,A,J
548151,A,J
548125,B,J
548139,C,J
548135,B,I
545554,B,J
548106,A,J
548089,A,J
547456,A,J
547831,C,J
441547,C,I
547663,A,J
548016,C,I
548024,A,J
547882,B,J
547972,C,J
547880,D,I
547950,A,J
547965,A,J
547926,A,J
547895,D,J
544117,D,J
545677,B,J
544635,C,J
540931,A,J
541913,B,J
547850,D,J
547546,B,J
521780,C,J
546433,B,J
547734,A,J
547808,B,J
547775,C,J
547535,D,J
547759,D,J
547743,B,J
547740,A,J
547736,E,J
547445,B,J
547732,B,J
547713,D,I
547672,B,J
543259,B,J
547251,D,J
547654,D,J
547607,B,J
547554,C,I
547515,B,J
545117,A,J
542226,A,J
547475,C,J
547023,B,J
547296,C,J
547286,A,J
547428,B,J
547414,C,J
547149,C,J
547304,C,I
545189,A,J
546014,A,J
547248,B,J
547245,C,J
547196,B,J
547206,A,J
547215,D,I
547182,D,J
547128,A,J
547162,B,J
545370,C,I
546780,B,I
547073,B,J
547076,D,J
546341,C,J
547005,E,J
546999,B,J
546976,B,J
546974,C,J
546954,C,I
543229,D,J
546921,D,J
546875,A,J
546515,C,J
546895,B,J
546884,B,J
546848,A,J
546817,D,I
546793,B,J
546792,E,I
546440,B,I
546782,B,J
543331,E,I
546778,C,J
545949,B,J
545385,C,J
546714,C,J
539041,B,J
546629,A,J
543945,D,J
546615,C,J
546657,A,J
545196,C,J
546608,A,J
546626,C,J
544972,C,I
546618,B,J
546611,B,J
546562,C,J
546527,F,J
546531,A,J
545710,E,I
546490,A,J
508907,B,J
546093,A,J
546450,D,J
540131,C,I
363593,B,J
546371,D,I
543951,A,J
542391,C,J
546203,A,J
546338,C,I
546307,D,J
546319,C,J
546282,C,I
546280,B,J
546279,D,J
546248,C,I
544400,D,I
543563,B,J
546242,B,J
545872,B,J
546240,A,J
546192,D,J
546223,B,J
543524,E,I
545959,F,J
546088,B,J
518710,B,J
546186,C,J
546104,B,J
536074,A,J
546108,B,J
546025,B,J
544715,D,J
546059,C,J
543251,A,J
546028,B,J
546035,A,J
540476,C,J
544348,C,J
545956,E,J
543087,C,J
545830,A,J
545110,A,J
545850,E,J
544915,C,J
545768,C,J
544385,B,J
545352,C,J
543204,B,J
545782,C,J
543136,B,J
545783,C,J
545739,D,J
542007,B,I
545346,E,I
545231,B,J
545685,B,J
545673,B,J
545635,B,J
545648,E,J
545649,C,J
545642,B,J
545640,B,J
545602,A,J
545606,D,J
545601,B,J
545558,B,J
545452,A,J
545569,E,J
545552,C,J
545527,B,J
545435,B,I
533329,B,J
542021,D,J
542043,B,J
543806,C,J
545408,C,I
544923,F,J
545364,E,J
541798,D,J
545285,D,J
545274,C,J
545234,A,J
545156,C,J
545120,C,J
544107,A,J
530717,B,J
543553,C,J
545072,A,J
545065,A,J
543619,A,J
545017,B,J
544994,B,J
512484,D,J
544952,G,J
544681,C,J
544896,B,I
544895,A,J
544874,F,J
544820,F,J
544819,D,I
544815,F,J
544583,A,J
544778,C,J
544758,C,J
544737,A,J
544537,B,J
544705,A,J
544725,C,J
530221,B,J
544676,A,J
544661,A,J
544619,D,J
544578,A,J
544558,B,J
544566,B,I
544553,A,J
544567,D,J
544569,C,J
541135,E,J
544440,C,I
544453,B,I
544418,B,J
544435,A,J
517179,D,J
541802,D,J
544402,C,J
543272,E,J
544069,B,J
544356,B,J
544344,E,J
541320,A,J
543240,A,J
544323,A,J
544303,B,J
541818,A,J
542945,E,J
544273,D,J
544216,E,I
544191,D,I
544170,B,I
544159,A,J
544138,C,J
544128,B,J
544115,B,J
544106,B,J
544098,C,J
544093,A,J
544081,B,I
544070,A,I
544040,A,I
543977,C,J
542610,D,J
508496,A,J
544028,A,J
544005,A,J
544025,B,I
543974,D,J
543979,A,J
542664,D,J
543975,E,J
543863,A,J
543973,B,I
497597,B,J
501703,E,J
543940,C,J
543926,A,J
538714,B,J
541026,C,J
543840,A,J
542915,C,J
543890,A,J
543873,E,J
543848,D,J
539368,B,J
542448,D,J
543829,B,J
543811,D,J
541733,B,J
543747,B,J
543732,D,I
543722,B,J
543702,C,I
543709,C,J
543704,D,J
543675,C,J
543662,B,I
543652,B,J
539948,C,J
542652,A,J
536505,D,I
543579,B,J
542005,D,J
543572,B,J
543550,B,I
543502,B,J
543509,A,J
542534,D,I
543489,A,J
540228,B,J
543486,E,J
542761,A,J
525780,A,J
543350,B,J
526359,B,J
543363,E,I
542332,B,J
543406,B,J
542882,B,J
543060,C,J
538933,A,J
542143,B,J
543328,B,I
541685,C,I
543297,B,J
543283,D,J
543264,C,J
543225,A,J
542898,F,I
472795,D,J
543208,D,I
543152,B,I
518352,B,J
543141,C,I
542645,B,J
543171,A,J
543168,A,J
543130,D,J
542796,E,J
543114,C,J
540647,C,J
543083,C,J
543090,B,J
543085,D,J
543032,C,J
543029,B,I
541703,A,J
543020,B,J
543009,A,J
543003,B,I
542999,C,J
541068,B,J
542972,D,J
542402,A,J
536096,B,J
542946,B,J
542859,D,I
542877,D,I
542873,A,J
542854,B,J
542849,F,I
542613,D,J
542793,D,J
542781,A,J
538645,B,J
542751,C,J
542739,F,J
542738,B,J
542709,B,J
542678,C,J
542659,D,J
542651,C,J
542658,C,I
541464,B,J
542638,B,J
542199,C,J
542631,B,I
541949,C,J
523979,B,J
542601,D,J
542553,A,J
542591,D,J
542550,B,J
542137,A,J
542296,A,J
541316,E,J
542465,E,J
542443,E,J
542461,A,J
542343,B,J
542454,A,J
542433,A,J
541273,B,J
542400,A,J
532588,C,J
542383,B,I
542364,A,J
542231,C,J
542358,B,J
542350,A,J
542311,D,J
540070,A,J
542312,A,J
542299,A,J
542263,C,J
542243,E,I
542230,A,J
542233,C,J
542117,D,J
542146,B,J
542149,E,J
539519,B,J
541417,D,J
540859,A,J
542050,B,J
542040,B,J
541599,B,J
541979,A,J
541971,A,J
541934,E,I
485685,C,J
541906,A,J
541894,E,I
541835,A,J
541449,A,J
538362,D,J
531759,B,J
539338,D,J
541696,A,J
539929,E,J
541435,C,I
541472,A,J
541620,A,J
541614,D,J
541598,A,J
541524,B,J
541585,A,J
541566,B,J
541531,A,J
541493,C,J
541475,B,I
496878,E,I
541473,B,J
541204,B,J
541423,E,J
541358,A,J
541339,A,J
541336,B,J
541291,A,J
540893,C,I
541249,B,J
541243,D,I
541189,A,J
541190,E,I
541122,E,J
540335,A,J
541056,B,J
540502,C,I
466454,B,J
540925,E,J
535562,D,J
540844,C,J
540828,B,J
540829,A,J
540808,A,J
540787,E,J
540147,D,J
540781,A,J
540779,D,J
538689,C,I
540772,C,J
540768,C,J
540757,C,J
538989,A,J
540740,B,J
540733,A,I
540721,A,J
540706,C,J
538508,E,J
540671,B,J
540107,B,J
540622,A,J
540617,B,J
540610,A,J
540560,F,J
540564,D,J
540556,A,J
539241,D,J
540407,D,J
532334,B,J
538947,B,J
527345,B,J
540354,C,J
540431,C,J
539764,A,J
539769,B,J
540204,B,J
540369,C,J
538025,C,J
540348,B,J
540325,B,J
540300,B,J
540270,A,J
540280,A,J
540288,F,I
540234,C,J
539869,E,J
540137,C,J
540112,A,J
540180,C,J
540179,C,J
538731,C,J
540130,D,J
539484,C,J
540101,B,J
539355,B,J
511923,A,J
540055,F,J
529104,B,J
539928,B,J
533539,B,J
539925,B,J
539837,B,J
539889,B,J
523540,B,J
539874,D,J
539854,A,J
539850,A,I
539834,C,J
539011,B,J
539806,C,J
539798,C,J
539768,A,J
539752,B,J
539734,C,I
539729,E,I
539737,D,J
539714,D,J
539708,A,J
539695,A,J
539601,A,J
538526,A,J
537441,D,J
523435,B,J
539577,C,J
539607,A,J
539608,C,J
539596,D,I
539223,A,J
538557,B,J
537804,E,J
537342,A,J
539517,D,J
539378,C,J
539493,A,J
539483,A,J
538896,A,J
539463,A,J
539462,B,J
539455,E,J
539354,B,J
539392,A,J
539419,A,J
539422,B,J
539405,F,J
539356,D,J
539353,B,J
539327,C,J
539051,E,J
538350,B,J
539293,A,J
539292,A,J
538865,B,J
539228,C,J
538613,A,J
539204,C,J
539181,E,I
539150,B,J
539128,D,I
535251,C,J
539132,C,J
539053,D,J
539119,C,J
539083,C,J
538971,C,J
538530,D,J
539014,B,I
539020,B,I
539003,A,J
538964,G,J
538955,C,J
538904,B,J
538354,C,J
538907,B,J
538889,B,J
538901,A,J
538836,A,J
538165,B,J
538862,B,J
538812,D,J
538743,E,J
537061,A,J
538757,C,J
538287,A,J
538742,A,J
536354,A,J
538248,A,J
538701,D,J
537022,B,I
538692,D,J
538622,A,J
538682,A,I
536045,B,J
535472,C,J
537505,A,J
512667,C,J
538599,E,J
538596,A,J
538561,C,J
538544,A,J
538520,A,J
537568,B,J
538494,B,J
537162,B,I
535955,B,J
538443,B,J
520055,D,J
538444,C,J
538367,A,J
537454,C,J
538376,D,I
538360,A,J
538336,B,J
538222,B,I
538298,A,J
536299,E,J
537433,C,J
538274,A,J
538236,D,J
538267,B,I
538263,C,J
537070,D,J
537037,B,J
538168,B,J
538134,C,J
538129,D,J
538123,A,J
538111,C,J
538104,C,J
538056,B,J
538050,C,J
537664,A,J
538031,B,I
538024,D,I
538010,A,J
537952,B,J
537907,B,J
537896,B,J
537883,C,J
537890,A,J
537383,A,J
537855,C,J
537831,A,J
537110,E,J
537792,B,J
537736,A,J
537783,E,J
537743,C,I
537704,B,J
537688,D,J
537678,D,J
537675,D,I
537651,B,J
537645,F,J
537617,B,J
537616,A,J
537601,C,J
537562,B,J
532486,C,J
537538,B,J
537523,C,J
536180,C,J
535489,B,J
537448,D,J
534128,C,J
537393,B,J
534867,D,J
537354,B,J
535580,C,J
534793,D,J
537324,C,J
537320,D,J
537275,A,J
513447,C,J
529130,C,J
537294,D,J
537297,C,I
537250,B,J
537245,C,J
537244,A,J
537226,A,J
535811,D,J
537167,A,J
535244,B,J
537203,B,J
513036,B,J
537095,F,J
534250,C,J
535968,C,I
535351,E,I
537078,B,J
537058,D,I
537043,C,I
537018,B,I
537011,A,J
536625,D,J
535912,D,J
536872,E,J
536869,B,J
533955,D,J
533628,C,J
536835,B,I
536831,A,J
536798,A,J
536794,C,I
536780,B,J
536785,C,J
536634,B,J
536201,D,J
536717,B,J
536732,A,J
536694,B,J
536708,C,J
536700,B,J
536134,A,I
535116,D,J
536605,C,J
536611,B,J
536589,E,J
536598,C,I
536585,C,J
536518,B,I
536504,E,J
536484,B,I
536450,C,J
536445,A,J
536423,A,I
536403,A,J
535285,F,I
536372,E,J
536367,C,J
536333,D,I
536352,B,J
535352,D,J
536301,D,I
528790,D,J
536294,A,J
536278,B,I
536266,B,J
536253,C,J
533791,B,J
536230,A,J
536231,C,J
536209,A,J
535687,B,I
536198,D,J
533972,B,J
536184,B,J
536108,A,J
536139,A,J
536138,D,J
535934,D,J
535463,E,J
536087,A,I
536046,A,J
520236,B,J
536025,D,J
535406,E,J
535513,A,J
535976,C,J
535908,C,I
535922,C,J
535839,A,J
535917,B,J
535873,B,I
535858,D,J
534737,C,J
535847,D,J
535805,A,I
535766,D,J
535772,E,J
534354,D,I
535754,A,J
535623,C,J
535014,D,J
535721,E,I
535511,A,J
534186,C,J
535707,D,J
535667,A,J
525261,D,J
535696,C,J
535519,D,J
535269,B,I
535627,D,J
535631,B,J
532308,B,J
535601,C,I
533602,C,J
535267,D,J
491959,A,J
535555,E,I
535075,A,J
535515,E,I
535516,C,J
535510,B,J
535504,E,J
535238,B,J
535421,A,J
533737,B,J
535408,D,I
535385,C,J
535386,B,J
535375,D,J
535364,D,J
535336,A,I
535333,C,J
535326,C,J
522726,D,J
535303,A,J
524467,B,J
533331,D,J
535220,C,J
535233,A,I
535218,A,J
535217,A,I
535214,D,J
534963,E,J
535011,D,J
535155,B,J
535161,C,J
534516,D,J
533341,A,J
533983,B,I
535095,G,J
516382,D,J
535094,B,J
534968,D,J
524781,A,J
535051,A,J
535037,A,J
535030,E,I
535003,B,J
535006,B,J
534980,B,J
531363,C,J
534955,B,I
534919,B,J
533731,D,J
529915,D,J
534922,B,J
534708,D,J
534914,B,J
534807,E,J
534831,C,I
534809,E,I
533422,E,J
534792,A,J
534732,D,J
533062,C,J
534652,F,I
534655,A,J
534654,B,J
534641,B,J
534637,B,I
533545,A,J
533035,B,J
533878,A,J
533433,C,J
534555,A,J
534444,C,J
534548,B,J
529676,D,J
534493,A,J
534506,E,J
534432,D,J
532601,B,J
534456,A,J
534439,C,I
528753,B,J
533500,B,I
533867,E,J
534376,A,J
534372,A,J
534370,B,J
534192,E,J
533153,C,J
534357,E,J
532791,A,J
534329,G,J
534338,B,J
534323,B,J
534313,F,I
533616,C,J
534278,B,J
534276,C,J
531346,D,J
534252,G,J
534183,B,J
533316,D,J
484323,A,J
534017,B,J
534009,B,I
533385,E,J
529622,C,J
533888,A,J
531294,E,J
533057,B,I
533859,D,J
533748,D,I
533839,B,J
533841,C,J
533831,A,J
533822,G,J
533627,A,J
533751,E,J
533684,A,J
533761,D,J
533718,C,J
533700,D,I
533695,C,J
478526,B,J
533664,B,J
533665,B,J
533641,F,J
533613,D,I
533603,C,J
533562,C,I
533581,B,I
533368,B,J
530709,A,J
533495,D,J
533488,C,J
533482,E,J
533430,A,J
533418,A,I
533380,D,J
533371,C,J
532758,A,J
530957,D,I
533354,E,J
533333,B,J
533301,C,J
531422,B,J
533289,B,J
533271,A,J
533182,C,J
533260,E,J
533268,E,I
532839,E,J
533232,A,J
529488,A,J
533221,A,J
533220,C,J
533216,A,J
532148,B,J
531939,D,J
533132,B,J
532956,E,J
529066,A,J
533050,A,J
533048,B,J
533036,B,J
531279,A,J
532725,C,J
532491,E,I
533008,B,J
531477,A,J
532984,A,J
532849,C,J
532959,C,I
532952,B,J
530928,E,J
532735,B,J
506424,B,J
532789,F,J
530517,B,J
530962,A,J
531767,C,J
529090,B,J
530872,F,J
532662,E,J
532637,B,J
524755,C,J
532300,B,J
532501,B,J
474664,B,J
530935,C,J
531774,B,J
532553,A,J
532535,B,J
532531,B,I
532518,B,J
531728,B,J
530424,C,J
532488,D,I
532452,A,J
532456,B,J
532441,A,J
527782,B,J
532368,E,J
532352,C,J
532210,B,J
532318,A,J
532314,E,J
532311,C,J
532050,B,J
532289,B,J
532205,A,J
532196,D,J
532269,B,J
531060,C,J
532252,C,J
530454,A,J
532223,B,J
532218,B,J
531626,E,J
530809,C,J
532101,D,I
531072,C,J
532058,B,J
532044,C,I
532002,F,J
531980,B,J
531958,A,I
531966,C,J
531959,B,I
531946,B,J
530876,B,I
531908,C,J
531846,D,J
530588,B,J
531858,C,J
531845,B,J
531836,G,J
531799,B,J
531766,B,J
531745,C,I
531734,C,I
531715,B,J
531661,C,J
531689,D,I
531604,C,J
530408,D,J
531642,F,J
531628,B,J
531610,D,J
531560,C,J
531014,B,J
531497,C,J
531561,C,J
531524,D,J
531529,A,J
527852,A,J
531518,A,J
530973,C,J
531453,D,J
531452,C,J
531450,A,J
531427,B,J
531394,B,J
531383,C,J
531408,C,J
531375,D,J
528485,A,J
531303,B,J
531231,C,J
531181,A,J
529905,C,J
531151,D,I
531133,E,J
531127,B,J
529161,E,J
530832,B,I
527405,B,J
358960,A,J
531045,C,J
531027,D,I
531007,C,J
531001,B,J
530972,A,J
530959,A,J
530954,E,J
530900,B,J
530856,B,I
530617,A,J
530863,B,J
530831,B,J
530774,C,J
530764,A,J
530766,C,J
530765,C,J
496213,C,J
526903,A,J
529777,C,J
530429,C,J
531241,E,J
530706,B,J
530699,B,J
530679,B,J
529193,C,J
530648,E,I
530659,B,I
530608,B,J
530599,A,J
525293,B,J
530569,C,J
530554,C,J
530529,B,J
521178,C,I
530514,A,J
530511,A,J
530502,C,J
528009,A,J
530471,B,J
530433,B,J
529665,B,J
530378,D,J
530370,A,J
529653,C,J
530350,D,J
530302,A,J
530186,A,J
530225,B,J
527789,F,J
530193,D,J
530175,D,I
530173,B,J
530154,B,J
530129,D,J
530124,C,J
529313,C,I
495388,D,J
530051,B,J
530036,C,J
530011,C,J
525021,B,J
515127,B,J
529853,A,J
529503,B,I
529835,B,J
528634,F,J
529812,E,J
529274,E,J
529763,B,J
529742,D,J
529749,B,I
529764,E,J
529659,B,J
529739,D,J
529717,D,J
529719,C,J
529696,C,J
529700,C,I
529682,B,J
528593,C,J
529641,B,I
528562,C,J
529618,D,I
529606,D,J
529576,B,J
529529,G,J
529502,D,J
529479,B,J
529405,C,J
529463,B,J
528519,A,J
529461,C,J
528712,D,J
529449,A,J
529425,A,J
529420,A,J
529173,A,J
529380,C,J
465295,E,J
529361,B,J
529350,C,J
529345,B,J
529353,E,J
528863,D,I
529331,F,J
529320,A,J
529290,D,I
529297,B,J
529267,C,J
529242,C,J
529176,A,I
529224,C,I
529228,B,J
529214,B,I
525183,E,J
529209,E,J
529210,E,I
529189,C,J
529168,C,I
529075,A,J
529157,E,I
529140,A,J
527211,A,J
527076,C,J
529073,A,J
528467,B,J
529044,B,I
527801,A,J
529030,D,J
529021,E,I
528985,A,J
528914,B,J
528958,B,J
528242,B,J
528912,A,J
528899,C,J
478783,C,J
528880,A,J
528531,A,J
528842,C,J
528833,B,J
528827,C,J
528809,A,J
528797,C,J
528741,B,J
528718,E,J
524170,A,J
528674,A,J
528656,A,J
528648,B,J
528607,D,I
528594,B,J
528582,C,J
528036,C,J
528575,C,J
528573,D,J
528021,A,J
528528,D,J
528533,A,J
528511,E,J
528490,B,J
526746,A,J
528324,D,J
528310,F,I
528277,D,I
528003,B,J
528222,B,J
528161,C,I
528269,C,J
527718,D,J
527956,E,I
528225,E,I
528223,A,J
526636,B,J
528195,A,I
527260,A,J
528132,C,J
528127,D,J
526784,C,I
521462,C,I
527803,A,J
528050,A,J
528052,C,J
528051,E,J
526710,A,J
524663,A,J
527996,A,J
527989,A,J
527970,A,J
527946,B,J
527949,A,J
524166,F,I
527932,A,J
527939,D,J
527473,C,J
527868,C,I
527432,A,J
527817,C,J
521187,A,J
527636,C,J
523346,D,J
527764,B,J
527753,B,J
527756,E,J
527744,B,J
525602,C,J
523872,B,J
525998,E,J
527706,A,J
526571,D,J
527650,D,J
527623,C,J
527513,A,J
527598,C,J
527581,B,J
527191,A,J
526193,B,I
527542,B,J
452910,B,J
527447,E,I
524908,A,J
527442,A,I
527448,B,J
527336,C,J
527312,D,I
527291,D,J
526929,A,J
527259,B,J
527207,D,I
527237,C,I
527233,A,J
525708,E,J
527205,C,J
522414,B,J
527190,D,I
526007,C,J
523768,A,J
526723,C,J
526513,C,J
527104,D,I
527063,D,J
527052,C,J
525819,D,J
527037,D,J
527029,B,J
527001,A,J
526995,E,I
526992,A,J
526993,B,I
526976,B,J
526945,C,J
526902,B,J
526905,A,J
526890,A,J
526840,A,J
526803,C,J
526810,B,J
526783,B,J
519261,C,J
526743,C,J
526741,D,J
526705,C,J
526701,B,I
526667,F,J
526671,B,J
525697,C,J
526647,B,J
526586,B,J
505408,A,J
526525,D,J
518057,B,J
526511,E,J
526500,B,J
523446,D,J
521687,C,J
526437,D,J
526429,A,J
526367,B,J
526353,A,J
526067,A,J
525846,A,J
526339,B,J
526324,C,J
526316,B,J
523939,D,J
517073,E,J
526248,E,I
526198,C,J
526204,C,J
525906,A,J
526180,A,J
526182,A,J
526161,A,J
526119,B,J
526149,C,J
526088,A,J
525008,B,J
526071,B,J
526111,B,I
524462,C,J
526074,D,J
526068,C,J
525890,B,J
525982,A,J
461680,A,I
524869,A,J
525961,D,I
525941,C,J
524744,C,J
525942,E,J
525918,B,J
524049,D,J
525909,C,J
525904,D,J
521684,D,J
525849,C,J
525814,B,J
525785,F,J
525662,C,J
525069,C,J
525760,E,J
525746,B,J
525686,E,I
525519,C,J
525636,B,J
521784,C,I
525230,A,J
525483,B,J
524428,D,J
525470,A,J
525459,A,J
525456,G,J
525393,B,J
525359,A,J
525364,B,J
525372,A,J
523447,D,J
519334,C,J
525363,B,J
525162,B,J
525314,F,I
525321,E,J
525310,A,J
525033,B,J
525289,B,J
525256,C,J
521820,D,J
525234,E,J
525212,D,J
525184,A,J
525157,F,J
524583,B,J
523827,F,J
525147,C,J
525133,C,J
525019,A,J
525124,A,J
525119,D,I
525117,B,I
525095,B,J
525076,C,J
524889,A,J
525045,A,J
525029,B,I
524970,E,J
524495,B,J
524968,A,J
524545,E,I
524955,C,I
520964,A,J
524910,B,J
524905,B,J
524686,B,J
524899,D,J
524771,B,J
524868,D,J
524851,B,J
524860,D,J
524823,B,J
524778,D,J
524774,A,J
524472,D,J
524737,B,J
524479,A,J
522425,A,J
524738,E,J
524725,B,J
524682,E,J
524714,D,J
520952,C,J
524680,D,I
524664,A,J
524649,B,J
493803,F,J
524615,A,J
524034,A,J
524408,B,J
524447,F,I
524434,C,J
524535,C,J
524480,E,J
524485,D,I
524478,E,J
522000,B,J
524446,E,J
522129,B,J
524380,E,I
524316,B,J
524271,B,J
524258,D,J
524273,E,J
524184,A,J
524215,E,I
524205,B,J
524201,B,I
522605,C,J
524194,D,I
523404,A,J
524185,B,J
524189,A,J
524165,B,J
524164,C,J
523116,F,J
514605,B,I
524114,D,I
506698,B,J
523077,E,J
524059,C,I
524052,B,J
524037,B,J
523412,B,J
524022,B,J
523133,C,J
524004,B,J
523986,C,I
523982,C,J
523932,B,I
523926,A,I
523894,B,J
523855,C,J
523847,C,J
523833,G,J
523793,B,J
523776,B,I
523767,B,J
523516,E,J
523724,A,J
523687,B,J
523313,B,J
523511,C,J
523664,A,J
523641,C,J
523554,A,J
523439,A,J
523291,B,I
523607,B,J
523585,A,J
522576,C,I
523466,A,J
523530,D,J
523444,B,J
523473,A,J
522820,C,J
523503,B,J
523485,B,J
523499,A,J
523216,C,J
523470,B,J
523438,D,I
521140,C,I
521334,C,J
522162,B,I
523335,C,J
523316,A,J
523337,A,J
523323,B,J
523325,F,J
523301,C,J
514286,F,I
523287,B,J
506754,B,J
522904,G,J
522741,A,J
523253,A,J
523245,B,J
523244,D,J
522721,A,J
523228,B,I
519674,A,J
523196,D,I
522773,A,J
523157,E,I
523163,E,J
523142,C,J
523146,A,J
523119,D,J
523113,A,J
523104,D,J
523082,A,J
523084,C,J
523085,D,J
523072,F,I
522890,E,J
522798,C,J
523016,B,J
522993,B,J
518275,C,J
522686,F,J
522991,B,J
521398,E,J
522743,A,J
522978,C,J
522435,D,J
519377,D,J
522929,C,I
522934,B,J
518686,D,J
519200,F,J
521431,A,J
521973,A,J
521759,C,J
522809,B,J
522788,D,J
522760,B,I
521831,A,J
522784,A,J
522245,F,I
522751,A,J
521740,A,J
521336,B,J
522651,B,J
522724,A,J
498773,C,J
522687,B,J
522702,C,J
522112,B,I
522676,G,I
522684,C,J
522655,C,J
522644,E,I
522641,A,J
522630,E,J
522602,B,J
522556,B,J
522257,D,I
522436,A,J
522147,E,J
522525,B,J
522498,D,I
522485,D,J
501921,A,J
522463,A,J
522459,C,J
522450,A,J
521963,D,J
522407,A,J
520318,C,J
522368,D,J
521428,B,J
522405,B,J
522376,A,J
522382,B,J
519136,E,J
521709,B,J
522330,B,J
521056,B,I
522292,A,J
522266,A,J
522265,A,J
521363,A,J
522204,D,J
516021,A,J
521215,B,J
522052,B,J
522184,A,J
522182,B,J
522185,B,J
506206,A,J
522003,A,J
522167,D,J
521701,D,J
522150,C,J
522143,C,J
521996,A,J
522080,D,J
522048,C,I
522062,B,I
522056,D,J
522055,B,J
498907,C,J
522058,E,J
522030,D,J
521679,B,J
522028,E,I
521546,A,J
522012,C,J
522006,E,J
521595,B,J
521995,A,J
520435,D,J
503291,B,J
521974,B,J
521710,A,J
521558,C,J
521942,C,J
516026,A,J
520764,D,I
521107,B,J
521925,D,J
521924,B,J
521901,B,J
521681,C,J
521851,B,J
521830,C,J
519524,E,J
521819,C,J
521816,C,J
521796,D,J
521339,A,J
521104,A,J
521768,A,J
521758,B,J
521762,A,J
521763,A,J
521181,D,J
521132,D,J
521713,B,J
521705,A,J
521669,E,J
521697,B,J
521667,C,J
521638,B,J
521625,D,J
521621,B,J
521607,A,J
521586,B,J
521565,A,J
521572,A,J
519027,C,J
518892,D,J
521528,C,J
521515,A,J
520811,B,J
470284,C,J
520990,D,J
521415,B,J
521404,C,J
521401,C,J
521396,D,I
521368,D,I
521325,B,J
521311,E,J
521309,B,J
520698,B,I
521293,D,I
521295,A,J
521264,B,J
521253,F,I
513631,D,I
521235,A,J
521234,C,J
521207,A,J
521184,D,I
521177,C,J
520223,D,I
521127,C,J
521139,A,J
521123,C,J
521130,B,J
521079,C,J
521074,B,J
519958,A,J
521001,D,J
521028,D,J
521004,B,J
520782,C,J
520975,B,J
519322,C,J
519266,B,J
520939,B,I
519757,A,J
520927,B,J
520920,B,J
520923,B,J
520917,D,J
520770,C,J
520899,A,I
520893,C,J
520869,B,J
520867,A,J
520859,C,I
520831,E,J
520852,E,J
519635,E,J
520839,C,J
520620,B,J
520029,C,J
520827,D,I
520804,B,J
520669,E,J
520691,D,J
520784,A,J
520534,A,J
513952,B,J
516787,C,J
520689,A,I
519868,A,J
520653,E,J
518677,D,J
520631,E,J
512720,E,J
520604,D,J
520610,B,J
520605,D,I
520570,D,J
511447,B,J
520567,B,J
520556,D,J
520544,C,J
517990,C,J
520545,B,J
520539,A,J
519899,A,J
520473,C,J
520482,B,J
520484,D,J
520447,E,I
520338,B,J
520425,C,J
520433,A,J
519078,E,J
520061,A,J
520427,A,J
520417,G,I
520102,C,J
381025,F,J
516093,A,J
519379,A,J
520311,D,J
520298,E,J
520295,B,J
513563,C,I
520285,C,J
516486,D,J
520264,A,J
519930,C,J
520202,E,J
514050,B,J
520187,A,J
520129,D,J
520138,B,J
520164,B,I
520169,D,J
509579,C,J
520125,C,J
514673,A,J
520137,B,J
520136,E,J
520091,D,I
520122,C,J
520100,C,J
520090,B,I
520065,B,J
519880,B,I
518877,A,J
520026,C,I
520008,D,I
519928,A,J
519960,E,I
519771,A,J
519954,B,J
519100,E,J
519950,B,J
519936,A,J
519900,A,J
519893,D,J
519857,D,I
519873,A,J
519870,B,J
519790,A,J
516563,A,J
519760,B,J
491939,C,I
519281,C,I
519824,A,J
515981,C,J
518495,A,I
519784,B,J
519766,E,I
515647,A,J
513162,E,J
519713,A,J
519724,A,J
519719,D,J
519704,B,J
519691,B,J
519685,B,J
519688,D,J
519682,D,J
519658,A,I
518532,D,J
519580,D,J
519560,A,J
519520,C,J
519517,B,J
518281,D,J
519508,C,J
519488,D,J
519238,C,J
519467,B,J
510890,B,J
519308,D,I
492042,C,J
513593,A,J
519239,C,J
519215,A,J
519124,D,J
519199,D,J
519621,A,J
517612,A,J
519113,A,J
519605,C,J
519317,F,I
519082,C,J
512170,B,I
519155,B,J
519365,A,J
516260,A,J
510627,A,J
519375,B,J
518777,A,J
519553,D,J
519662,C,J
517250,A,J
519221,B,J
519083,B,J
519169,C,J
519090,B,I
519368,A,J
517686,A,J
519527,D,J
519197,E,I
519079,B,I
519018,B,J
517426,A,J
519038,D,I
519014,A,J
516247,B,J
518628,C,I
513789,A,J
518893,E,J
516741,B,J
518889,B,J
518866,D,J
512836,B,J
511935,A,J
518452,D,J
518817,D,J
517663,A,J
518791,B,I
518786,C,J
518788,B,J
518767,A,J
518756,A,J
518723,D,J
518461,B,J
518685,C,I
518722,C,J
518713,D,J
518692,D,J
518670,E,J
518445,A,J
513345,D,I
518615,B,J
518603,C,J
518588,B,J
518585,D,J
518572,D,J
518560,E,J
518178,E,J
518534,D,J
518525,A,J
518494,E,I
518486,B,J
518381,D,J
513499,E,J
518331,B,J
515980,D,I
518444,C,J
518471,E,J
508760,A,J
518466,A,J
518434,E,I
518433,C,J
518390,A,J
518413,B,J
518405,E,J
515952,B,J
69550,D,J
517520,C,I
518363,D,I
518362,D,J
517956,C,J
518348,C,J
516129,D,J
518047,A,J
518192,C,J
518308,A,J
518303,B,J
518295,A,J
518280,D,J
518258,A,J
518257,B,J
518229,F,J
518220,B,J
518199,B,J
518223,C,J
518208,E,I
518231,C,J
518218,E,J
518195,B,J
518171,C,J
517140,B,I
518158,E,J
518150,B,J
517897,B,J
518129,B,J
518127,B,J
510176,E,I
512671,C,J
518066,A,J
441621,A,J
518031,D,J
516982,D,J
514276,B,J
517997,A,J
517982,A,J
517694,E,J
517983,C,I
517972,B,J
517941,E,J
517918,B,I
517374,B,J
517174,D,J
517888,E,I
516073,B,J
517878,E,I
517822,D,J
516381,A,J
517818,A,J
513534,A,J
517756,B,J
517521,E,J
517810,A,J
517329,A,J
517790,B,J
517785,C,J
517783,A,J
513411,A,J
517765,D,J
517741,D,J
515872,C,J
516256,D,J
514346,C,J
517736,A,J
475830,A,I
517481,E,J
517480,C,J
516163,F,J
516836,A,J
517660,D,J
517105,A,J
517657,C,I
517211,E,I
517631,E,I
517613,C,J
511215,B,J
511195,A,J
517536,D,J
517522,D,J
514896,D,J
517434,A,J
516313,A,J
516306,A,J
516255,C,I
515853,A,J
401434,C,I
513834,D,I
517133,C,J
517301,B,I
517245,C,J
517253,D,I
513360,C,J
517220,A,J
515710,A,J
514065,A,J
516082,E,J
517108,C,J
498335,E,J
516515,A,J
517060,B,J
517055,B,J
517038,C,J
517037,C,J
517031,B,J
517011,B,J
517005,D,I
516970,E,J
516282,E,I
516874,A,J
516767,B,J
511716,B,J
515071,B,J
514508,E,J
516889,C,I
516881,A,J
516871,B,J
516551,B,J
516854,A,J
516826,A,J
516832,A,J
510426,B,J
516777,B,J
516805,A,J
514640,B,J
516798,C,I
513421,C,J
516401,E,J
516742,B,J
516727,F,J
516348,C,J
516726,C,I
516693,B,J
516702,D,J
516705,A,I
516697,E,I
514875,C,J
514895,A,J
516625,B,J
516210,D,J
516530,A,J
516194,A,J
516613,F,J
437558,C,J
512297,A,I
516611,B,J
514832,B,J
515273,A,J
516590,B,J
516588,C,J
516560,A,J
516518,D,J
516506,C,J
516485,C,J
516449,C,J
513213,D,J
516085,C,J
516418,C,I
516387,D,J
506277,A,J
516370,C,J
516324,A,J
516349,A,J
516322,B,J
516336,B,J
516327,B,J
515616,B,J
516221,A,J
515874,A,I
514070,B,J
516237,D,J
516241,B,J
516227,D,I
516225,A,J
516199,C,J
515607,B,J
516124,A,J
516176,C,J
516177,C,J
516125,B,J
515771,B,J
516089,D,J
516040,D,J
516043,B,I
515580,B,J
515657,C,I
515962,C,J
515953,C,J
515329,C,J
515932,D,J
504527,A,J
515929,A,J
515915,B,J
515881,A,J
515861,A,J
515020,C,I
514120,B,J
515785,A,J
515768,B,J
515756,A,J
515743,B,J
515713,A,J
515604,B,J
513481,C,J
515702,C,J
515678,C,I
515652,A,J
515655,F,J
515600,C,J
515577,C,J
515551,E,I
515540,A,J
515502,B,J
514850,A,J
515501,E,I
515525,D,I
515491,B,J
509952,A,J
515506,C,J
515275,B,J
515474,C,J
515463,D,J
515437,B,J
515439,C,J
515442,D,J
511796,B,J
515354,D,J
515387,B,J
515360,C,J
515382,A,J
515350,B,J
515342,B,J
513388,D,J
514883,A,J
513696,D,J
483565,E,J
515213,E,J
515298,A,J
515294,C,J
515283,B,J
502164,A,J
515250,A,J
514680,D,I
509250,B,I
515231,A,J
515230,B,J
515226,D,I
515148,C,J
515054,A,J
515018,C,J
515070,F,I
515037,B,I
514897,C,I
513955,D,J
514874,A,J
513963,D,J
514858,C,J
514853,F,J
502319,B,J
514803,B,J
514626,C,J
514473,B,J
514786,D,J
514405,D,J
514730,B,J
510177,B,J
514681,B,J
514648,D,J
514265,C,J
514638,A,J
514631,C,J
514600,C,J
514587,B,I
511822,B,J
511872,B,J
514578,D,J
514527,B,I
514562,D,J
514537,B,J
514446,B,J
514494,B,J
514479,C,J
514439,D,J
514399,B,I
514354,A,J
513289,C,J
504059,B,J
510373,A,J
514306,A,J
513209,B,J
514296,C,J
511760,B,J
514260,C,J
514258,B,I
514252,B,J
482572,B,J
510102,C,J
514233,C,I
514207,C,J
514206,F,J
494423,D,J
514055,C,J
514022,C,I
514148,B,J
514097,C,J
514075,C,J
514060,D,I
514058,A,J
514051,C,J
512846,C,J
513987,B,J
513976,B,J
513979,B,J
513948,B,J
513944,E,J
513936,C,J
513912,C,J
513896,A,J
513889,B,J
513881,B,J
513146,D,J
513755,C,J
513842,A,J
513829,B,J
513806,A,J
513786,B,J
513777,B,J
513778,A,J
513757,B,J
513720,D,J
513649,B,J
513698,C,J
513687,B,J
513646,C,J
513640,C,I
513588,D,I
510753,A,J
513343,A,J
513542,C,J
513523,D,J
513468,B,J
513401,B,J
513431,A,J
509224,B,J
513378,C,I
513366,C,J
513341,C,I
510886,A,J
512973,B,J
513134,C,J
513225,A,J
507698,B,J
513273,A,J
513262,B,J
513261,C,J
513263,D,I
505762,C,J
513245,D,J
503044,D,J
513189,D,J
513168,E,I
512178,D,J
464514,B,J
417906,B,J
513180,A,J
513145,C,I
512406,B,J
513120,C,I
513100,D,I
513069,D,J
512184,D,I
513035,B,J
511973,A,J
512969,C,J
512970,C,J
512022,D,J
512950,D,J
512619,B,J
512915,C,J
512859,C,J
512824,C,J
510779,C,J
512756,C,J
512739,B,J
512716,C,J
512740,C,I
512699,C,J
512697,B,J
431052,A,J
512656,B,J
512665,D,J
512659,C,J
512652,C,J
512647,B,J
512640,B,I
512147,B,J
512595,C,J
512167,E,J
512580,D,J
512562,A,J
512545,C,J
512512,A,J
512508,B,J
512497,B,J
512458,B,J
512424,C,J
512307,C,J
512414,C,J
512397,A,J
509946,A,J
512384,B,J
407769,B,J
512376,B,J
512045,D,J
511422,A,J
512335,B,J
510350,A,J
512321,C,J
512319,B,J
512301,A,J
509526,B,J
512258,B,J
512236,F,I
512220,F,I
512106,B,J
512191,C,J
512183,D,J
511289,A,J
508436,E,I
512169,D,J
512139,E,I
512010,D,J
511658,B,J
510968,A,J
512033,B,J
512077,B,J
512027,A,J
512041,B,J
512024,B,J
512017,C,J
512005,A,J
510829,C,J
507195,A,J
511970,A,J
511941,B,J
511945,A,J
504030,B,J
511934,D,J
511933,C,J
501039,B,J
511908,B,J
511909,A,J
503209,D,J
511889,B,J
509671,A,J
511819,D,I
511853,B,J
511758,B,I
511838,A,J
508731,B,J
511339,C,J
511835,D,J
511390,B,J
511789,C,J
511300,A,J
510598,B,J
511579,C,J
511586,B,J
511154,A,J
511577,C,J
510735,A,J
511561,A,J
511546,A,J
511500,C,J
511499,A,J
508196,B,J
511459,A,J
511457,A,J
511441,B,I
510757,B,J
511440,C,J
511417,B,J
511401,C,J
511371,B,J
511358,B,J
511340,C,J
510024,B,J
511319,A,J
511303,C,J
511273,C,J
511298,A,J
511274,B,J
511258,B,J
510848,B,J
511167,A,J
511157,B,J
511137,B,I
511131,B,J
510777,A,J
511053,A,J
511038,B,J
511023,B,I
499174,B,J
490481,C,I
510997,C,J
508426,B,I
510833,C,J
510855,D,J
510836,B,J
510794,A,J
510815,C,J
510799,B,J
510785,A,J
510748,C,J
510621,D,J
510709,D,I
510664,A,I
509852,C,J
507162,B,J
510569,C,J
488783,B,I
510363,C,J
510604,C,J
510581,B,J
510544,B,I
510578,E,I
510563,A,J
510554,D,J
510546,C,I
510566,A,J
510534,A,J
510532,A,J
510370,A,J
510511,D,J
510507,C,I
510506,D,J
510492,B,J
510382,B,J
510485,B,J
510474,C,J
510465,B,J
510469,A,J
510418,B,J
507416,B,J
510054,D,I
510374,C,J
510055,B,J
510354,D,I
450832,B,J
509786,B,J
508630,D,I
510217,A,J
509877,B,I
510175,A,J
510161,A,J
510090,B,J
509814,B,J
510125,B,J
510082,F,J
510112,C,J
510004,B,J
510027,D,J
506548,D,J
510013,B,J
509519,C,J
465659,D,J
509982,B,J
497307,D,J
503581,A,J
509947,C,J
509910,C,J
494298,C,J
509895,C,J
508881,B,J
505953,B,J
509516,D,I
484473,C,J
509599,D,J
509719,B,J
509359,C,J
509679,C,J
509678,B,J
509666,C,J
509631,A,J
509620,B,J
509600,D,J
509344,C,J
509603,A,J
509577,C,J
509553,C,J
503028,A,J
509515,C,I
509512,D,I
495306,A,J
509090,C,J
507536,C,J
509475,D,I
509330,D,J
509458,B,J
509447,B,J
508198,A,J
508174,B,J
508175,C,J
509401,B,J
507421,B,J
509376,C,J
508992,A,J
509319,D,J
509124,B,I
509285,B,J
509318,C,J
509301,C,I
494361,C,J
506264,A,J
509157,B,J
509238,A,J
509214,C,J
509216,A,J
508993,C,J
508739,A,J
391358,A,J
508586,B,J
506892,A,I
493735,D,J
509140,B,J
506819,A,J
509132,C,J
509078,A,J
509068,C,J
509006,E,J
507862,B,J
508994,C,J
508978,A,J
508972,C,J
506991,D,J
508957,A,J
508966,B,J
508967,C,J
499806,D,J
508927,C,J
508931,A,I
508921,C,J
508864,B,I
508804,D,J
508855,B,J
508828,C,J
508798,C,J
508809,B,J
507933,D,J
508802,D,J
508777,F,J
502510,A,J
508759,B,J
508764,C,J
508736,A,J
508722,A,J
508719,A,J
502017,B,J
508655,B,J
507907,D,J
508644,B,J
508640,C,I
477027,B,I
507124,B,J
508634,D,J
490861,A,J
492357,B,J
508579,B,J
508392,A,J
507224,A,J
507665,B,J
508481,B,J
506881,B,I
508365,C,J
508429,B,J
508412,B,J
508406,B,J
508383,C,J
508195,D,J
508337,B,J
508319,C,J
508314,B,J
508289,A,J
508282,B,J
508280,A,J
507891,B,J
508247,C,J
508234,C,J
508230,C,J
505417,D,J
506209,B,J
508130,B,J
508137,C,I
508005,C,J
507855,A,J
507682,D,J
508044,D,J
508022,A,J
507952,A,J
507947,C,J
507939,E,J
505561,C,J
507890,A,J
507532,C,J
506920,A,J
507865,C,J
507863,C,J
507836,B,J
505136,B,J
507762,C,J
507741,B,J
507735,D,J
506585,A,J
504068,B,J
507712,B,J
507697,D,J
507097,B,J
507206,A,J
507660,B,J
507634,A,J
507603,C,J
507560,C,J
507543,A,J
507138,C,J
507498,C,J
507462,E,J
507410,B,J
507411,D,J
507374,C,J
507384,A,J
507364,E,J
507357,A,J
506856,C,J
507323,C,J
507020,C,J
505259,A,J
506767,C,J
507228,B,I
507217,D,I
507214,D,I
506788,B,J
507190,B,J
507144,B,J
503751,B,I
497476,B,J
507110,C,J
507012,B,J
507026,C,J
499906,B,J
507005,B,J
507006,B,J
506982,A,J
506962,B,J
506942,C,J
62102,B,J
377346,C,J
504523,A,J
506898,D,J
506896,C,J
505850,C,J
506849,C,J
506845,E,J
506854,B,J
506623,A,J
506495,G,J
506771,D,J
486441,D,J
506769,A,J
506758,E,I
506738,A,J
501886,B,J
506631,A,J
506708,D,J
505781,A,J
482505,D,J
505629,D,J
506684,B,I
506673,C,J
506658,B,J
505851,C,J
506644,B,J
506635,B,J
506575,B,J
506597,D,J
506584,B,J
506545,D,J
499788,A,J
506061,A,J
503668,C,J
506492,D,I
506504,F,J
506486,A,J
506467,C,J
506442,B,J
506274,B,J
504830,B,J
506420,B,J
504545,B,J
504172,C,J
502684,B,J
506144,A,J
506055,B,J
505493,B,J
506109,C,I
505369,B,J
506086,B,J
506076,C,J
506052,B,J
506058,A,J
503740,D,J
506030,C,J
477794,B,J
505024,C,J
505978,B,J
505981,C,J
505975,B,J
504356,C,J
505888,C,I
505945,D,J
505931,B,J
490267,B,J
505903,C,I
505359,B,J
505854,C,J
505869,B,J
505852,A,J
505867,A,J
503416,E,J
505813,C,J
505799,B,J
505795,A,J
505793,B,I
505763,C,J
505715,B,J
505662,A,J
505431,A,J
504814,C,J
505666,A,J
505651,C,J
505639,F,J
505609,D,J
505615,C,I
505588,C,J
505580,D,J
505579,C,I
505578,B,J
505273,C,J
505365,D,J
505546,C,J
505520,B,J
505512,B,J
505466,D,J
503151,A,J
505472,C,I
505108,D,J
505437,A,J
505411,B,J
505372,E,J
505254,B,J
505133,B,J
505341,A,J
505258,E,J
505327,E,J
504590,D,J
505255,A,J
505253,B,I
504968,C,J
505245,A,J
504476,B,J
505197,D,J
503928,B,J
504934,C,J
505179,B,J
504308,B,J
505111,E,J
504870,B,J
505096,D,J
499523,B,J
501834,C,J
505076,B,J
505075,A,J
504995,B,J
500643,C,J
505052,C,J
505045,A,J
505004,A,J
504973,A,J
505023,C,J
504383,A,J
504992,E,J
504534,A,J
504989,A,J
501234,D,J
504547,C,J
494849,A,J
504603,C,J
504878,A,J
501084,B,J
504855,E,J
504671,D,J
504845,C,J
504200,C,J
504347,B,J
500101,B,J
503970,B,J
501474,A,J
504778,B,J
504546,C,J
504750,C,J
504684,B,J
504731,A,I
497886,C,J
504692,A,J
504618,B,J
503985,B,J
504613,D,J
504611,C,J
504602,C,J
504594,B,J
504434,D,J
494288,C,J
504580,C,I
504550,C,J
504576,A,J
504561,B,J
504506,D,J
504551,C,J
504066,A,J
503073,A,J
504483,B,J
504489,B,J
504486,B,J
497118,A,J
504438,D,J
504291,A,J
504408,A,J
504393,A,J
504365,B,J
504366,C,J
502334,A,J
458871,D,I
504323,A,J
504302,D,J
504097,B,J
504254,A,J
504233,B,J
504238,C,J
502552,D,J
504228,A,J
504214,B,I
504208,C,J
504203,B,J
504096,B,J
504189,B,J
504177,C,J
504140,A,J
504146,D,I
503299,C,J
504111,B,J
504095,D,J
504078,E,J
486902,A,J
503922,C,I
503454,B,I
504043,C,J
502320,B,J
504016,A,J
504001,A,J
503982,A,J
503966,D,I
486846,C,J
503941,C,J
503934,D,J
503852,D,J
503891,C,J
503885,C,J
492091,D,J
503822,B,J
501812,A,J
503878,B,J
503843,B,J
503844,C,J
503818,B,J
502970,C,J
503757,A,J
503724,D,J
503727,D,J
503704,B,I
503295,D,J
503672,B,J
491443,B,J
503656,B,J
502908,B,I
503642,B,J
503622,B,J
502624,D,J
503621,D,I
503595,B,J
503561,D,J
503502,C,I
503423,C,J
503412,B,J
503262,D,J
503397,D,J
503335,B,J
503393,A,J
503395,C,I
503367,B,J
503303,B,J
503298,C,J
503286,B,J
500824,A,J
503239,B,J
503222,E,J
501451,B,J
503199,C,J
500302,F,I
502518,C,J
503186,B,J
503158,C,J
503164,A,J
503157,C,J
501747,B,J
503148,B,J
502514,E,J
503057,C,J
502701,C,J
501425,C,J
503079,E,J
493942,B,J
503030,C,I
503034,B,J
503032,B,J
503021,A,J
502802,B,J
503016,C,J
502992,B,J
502960,C,J
502949,B,J
502453,A,J
502336,B,J
502540,D,I
501377,A,J
502728,C,J
502816,A,J
502793,B,I
502775,C,J
499845,C,J
502770,B,J
502525,B,J
502763,A,J
502741,A,J
502712,B,J
473684,D,J
502623,A,J
502299,B,J
502690,B,J
502663,A,J
502657,C,J
501560,B,J
502625,B,J
502605,A,J
500924,D,I
502587,C,J
502595,D,J
502598,D,J
502586,C,I
502584,C,J
502579,B,J
502297,A,J
501797,C,J
502564,A,J
502425,B,J
502549,D,J
502543,A,J
502532,B,J
496217,A,J
502506,B,J
501172,B,J
502492,B,J
502488,C,J
502328,B,J
501416,C,J
502436,C,J
495741,A,J
500156,A,J
502426,C,J
502121,A,J
498676,D,I
502409,D,J
502406,B,J
502405,B,J
502013,B,J
502105,B,I
502211,B,J
502340,B,J
502326,C,J
502314,B,J
500730,A,J
502289,B,J
502275,C,I
502265,A,J
502236,D,J
502250,A,J
502139,B,J
501804,A,J
502217,B,J
502199,C,J
502197,B,J
502191,C,J
502170,B,J
502167,C,J
502006,B,I
502120,A,J
500346,B,J
501647,B,J
502142,C,J
502144,B,J
502149,D,J
501963,C,J
502132,A,J
502129,C,J
502100,D,J
502094,C,I
501825,C,J
501255,A,J
500925,A,J
422571,D,I
502022,B,J
502010,B,J
501273,C,J
501987,E,J
501899,B,J
501603,B,J
501935,C,J
501929,C,J
501301,B,J
494829,B,J
501170,D,I
501845,C,J
501844,B,J
501802,B,J
500861,A,J
500822,B,J
501793,B,J
501790,B,I
501651,C,J
501477,B,I
501726,A,J
501720,D,J
501716,C,I
500898,C,J
501624,C,J
501708,C,J
501680,C,J
501659,B,J
501668,C,J
501645,C,J
501617,B,J
499078,A,J
501621,B,J
501599,C,J
501619,E,J
501338,A,I
501302,C,J
501581,B,J
497697,B,J
501550,B,J
501547,B,J
501536,B,J
501516,B,J
501462,C,J
501455,B,J
501435,B,J
501421,C,I
501407,B,J
501398,B,J
496177,D,J
501393,D,I
501387,A,J
501337,B,J
501298,A,J
500392,B,J
501284,C,I
501286,D,J
501281,B,J
501266,C,J
498871,B,J
501044,B,I
501243,B,J
500081,B,J
498360,C,J
486271,F,J
501213,A,J
501209,C,J
496543,D,J
501189,B,J
500095,A,J
487278,A,J
501133,D,J
501129,A,J
501119,D,J
501087,C,J
501089,C,J
501095,D,J
501091,B,J
499773,C,J
501052,D,J
499499,A,J
500962,A,J
501047,D,I
499812,A,J
501034,B,J
501012,B,J
500987,B,J
500985,D,I
500124,A,J
500967,B,J
500961,A,J
500964,B,J
500566,B,J
500960,C,J
500950,A,J
499533,B,J
491680,D,J
500927,B,J
500923,C,J
500917,D,J
500915,A,J
500906,A,J
500892,B,J
500885,D,J
496340,E,J
500877,C,J
500874,B,J
500864,C,J
500856,B,J
500837,A,J
500812,A,J
500805,B,J
500793,B,J
500788,A,J
500784,D,J
500781,C,J
500743,B,J
500637,C,J
500615,C,J
500564,C,I
500663,A,J
500624,C,J
499549,F,J
500657,C,I
500656,A,J
498489,B,J
500594,B,J
500349,D,J
500310,C,J
494432,B,J
500205,B,J
500543,A,J
480807,D,J
500519,B,I
500513,D,J
500495,A,J
500294,A,J
500468,A,J
500363,C,J
500451,A,J
500432,A,J
500440,A,I
500388,A,J
500117,A,J
500385,B,J
499229,E,J
500343,B,J
500320,B,J
499044,D,J
500338,A,J
499908,A,J
500297,D,J
500209,B,J
499715,E,J
500286,B,J
500271,B,J
500265,B,I
500240,A,J
496746,B,I
500130,D,J
500212,D,J
500207,B,J
500195,B,J
497757,B,J
500146,A,J
500142,B,I
499899,C,J
499813,B,J
500122,A,J
500115,A,J
497626,D,J
500061,C,J
500051,B,J
500038,B,J
500034,B,J
492875,B,J
500019,A,J
499993,B,J
500008,B,J
499750,A,J
499980,D,J
499493,C,J
499190,B,I
499949,B,I
499896,A,J
499886,B,J
499679,C,J
499880,A,J
498915,A,J
499596,D,J
497045,A,J
499201,A,J
499792,C,J
487534,D,J
499672,B,J
499756,A,J
499730,B,J
499301,B,J
497711,B,J
499702,D,J
499699,D,J
499347,D,J
499673,D,J
499334,B,J
499650,C,I
499637,E,J
499554,B,J
499521,C,J
499273,A,J
496970,A,J
499606,B,J
499466,B,J
499608,C,J
499605,A,J
499593,C,J
499584,A,J
497867,C,J
499575,A,J
464535,B,J
499498,B,I
499569,D,J
499328,B,J
499449,C,J
499526,E,J
499489,B,J
499492,C,J
499467,B,J
499448,B,J
499451,A,J
499418,A,J
498522,D,I
499397,A,J
498496,A,J
489977,B,J
499381,C,J
499365,C,J
499373,D,J
499339,B,J
499337,B,J
499320,C,J
499226,B,J
498805,C,I
499274,B,J
499224,C,J
498979,D,J
499197,C,J
499198,B,J
499054,A,J
499178,C,J
499187,B,J
499173,B,J
499040,B,I
499148,C,J
499143,E,J
499140,B,J
498196,C,J
499092,B,J
498554,C,I
499049,C,I
495683,A,J
498891,D,J
499037,A,J
494462,B,J
499021,D,J
499006,D,J
498998,B,J
498939,D,J
492587,C,J
498967,D,J
498960,B,J
498944,B,J
498452,B,J
498921,A,J
498911,B,J
498882,B,J
498843,C,J
497364,A,J
498801,B,J
498772,C,J
498761,A,J
498726,B,J
498716,A,J
498697,D,J
498679,B,J
498194,B,J
498653,B,J
495414,A,J
498579,B,J
498575,B,J
498568,B,J
497767,D,J
493825,A,J
493333,D,J
498385,D,J
498532,B,J
497885,B,J
497954,C,J
498498,E,I
498483,B,J
498330,B,J
498437,D,I
493228,B,J
498150,A,J
498368,B,J
498349,B,J
498304,A,J
498135,C,J
495537,B,J
498276,C,J
498235,D,I
498226,D,J
498131,B,J
497724,B,J
498177,D,J
497950,C,J
493643,D,J
497420,A,I
496412,B,J
498122,B,J
498113,B,J
498108,A,J
498097,A,J
498079,B,I
498050,A,J
498029,D,J
498019,C,J
498007,C,J
497179,A,J
497957,B,J
497959,B,J
497288,A,J
497384,D,J
497873,B,I
493033,B,I
496695,C,J
497923,C,I
449448,B,J
497898,B,J
497075,C,I
494193,A,J
497400,D,J
497839,C,J
496677,C,J
497829,A,J
496707,D,J
497821,A,J
497783,A,J
497780,B,J
496799,D,J
497770,B,J
497765,C,J
497458,A,J
497672,A,J
496496,A,J
493802,D,J
497493,B,J
497620,B,J
497599,B,J
490731,B,J
497517,A,J
497466,A,J
497450,B,J
497482,C,J
496451,C,I
497411,C,J
497159,C,J
497396,B,J
497386,B,I
497382,C,J
496347,B,J
497350,B,J
497316,B,J
497333,B,I
497265,B,J
496856,A,I
497300,B,I
497261,C,J
497218,E,J
497243,B,J
497244,D,J
497228,B,J
497240,A,J
497236,E,I
497226,D,J
497229,C,J
495445,B,J
497210,D,J
497190,C,J
459716,A,J
497150,B,J
497147,B,J
495322,D,J
495265,B,J
497078,B,J
494852,A,J
497037,A,J
492653,B,J
497033,A,J
497019,C,I
496906,A,J
496997,A,J
494693,B,J
494030,A,J
495303,D,J
496791,A,J
496952,B,J
496944,B,J
496932,D,J
496442,B,J
495691,B,J
496887,B,J
496369,B,J
496871,B,J
485715,B,J
496031,C,J
496835,B,J
441472,A,J
496829,B,J
496767,A,J
496814,A,J
496807,A,J
496796,B,J
496627,B,J
496757,D,J
496620,C,J
496447,A,J
496729,A,J
496727,A,J
496716,B,J
496712,A,J
493722,F,J
494884,A,J
496629,B,J
496292,C,J
495665,C,J
496602,C,J
496595,C,J
496566,B,J
495372,B,J
495383,E,I
496570,E,J
484984,B,J
496558,B,J
496400,B,J
495960,D,J
496495,D,J
496055,B,J
496528,B,J
496498,A,J
496326,A,J
357509,B,I
495834,C,J
496493,C,J
495864,A,J
496226,B,J
496476,A,J
496430,A,J
496413,C,J
495974,D,J
496316,B,J
496357,B,J
495087,A,J
496276,B,I
496277,A,J
496248,C,J
496244,B,J
496243,B,J
496241,B,J
452088,B,J
496220,B,I
496201,A,J
495349,B,J
495919,A,J
495350,C,J
495512,C,J
496129,A,J
496066,B,J
496060,D,I
494439,B,J
496029,B,J
495541,A,J
495882,A,J
495999,B,J
491241,C,J
495971,C,J
495957,B,J
495954,A,J
495950,D,J
495938,B,J
495918,D,J
495888,A,J
495885,D,J
495891,B,J
495881,A,J
495816,C,J
495802,A,J
495809,B,J
493758,C,J
495356,B,J
495797,A,J
495722,C,J
495772,C,J
495756,C,J
495753,B,J
495747,B,J
495701,C,J
494163,D,J
491889,C,J
495699,B,J
495692,D,I
495585,C,J
495681,A,J
495685,A,J
495615,D,J
495663,A,J
495659,C,J
493534,E,J
492553,B,J
495597,B,J
495575,E,J
495578,C,I
494363,B,J
495146,B,J
495389,B,J
495551,B,J
495530,C,I
495478,C,I
495516,A,J
495479,B,J
495474,C,J
495468,A,J
495471,B,J
495425,C,J
495435,C,J
495428,C,J
495420,C,J
495391,C,J
435959,C,I
495367,A,J
495236,B,I
495341,D,J
495325,D,J
495304,A,J
493752,C,J
495295,A,J
495043,A,J
495284,B,J
495272,B,J
492944,E,J
495259,B,J
495228,C,J
495224,C,J
492826,B,J
495173,B,J
492725,C,J
495171,A,J
495138,C,J
495156,A,J
494321,C,I
493393,B,I
495109,B,J
493960,B,J
495105,E,J
475541,C,J
495075,C,J
495073,E,I
465736,A,J
494994,C,J
495024,B,J
495017,A,J
494965,C,J
491900,C,J
494942,A,J
494878,D,J
494842,C,J
494911,D,J
494912,B,J
494891,B,I
494883,B,J
494835,B,J
483581,C,J
494815,C,J
494765,A,J
494751,C,J
494723,C,J
494719,D,J
494692,A,J
494694,A,J
494685,D,J
494676,B,J
494668,C,J
494666,A,J
494614,C,J
494089,C,J
494603,A,J
494539,C,J
494543,B,J
494256,B,J
494538,B,J
494518,B,J
494512,A,J
493293,B,J
494451,A,J
494436,B,J
494435,B,I
494406,B,J
494400,B,J
492012,D,J
494341,A,J
494338,A,J
494323,A,J
492862,B,I
494304,D,J
494275,B,J
487597,C,J
491248,B,J
494246,D,J
413357,C,J
494235,C,J
494229,D,J
494107,D,J
494214,C,J
494199,C,I
491988,B,J
493412,B,J
493508,B,J
494191,D,J
494116,E,J
494137,C,J
494123,B,I
459958,A,J
493546,C,J
493727,A,J
494086,B,J
492241,A,J
57245,C,J
438631,B,J
494038,B,J
493850,B,J
492934,B,J
493887,D,J
494025,C,I
494000,B,I
493982,B,J
493922,C,J
493943,C,J
493940,A,J
493917,B,J
493897,C,J
493088,C,J
491716,A,J
492377,B,J
493821,B,J
493835,B,J
491913,C,J
493816,D,I
493576,E,J
493743,E,J
492041,B,J
493713,C,J
493703,C,I
493571,B,J
493706,A,J
493693,B,J
493695,A,J
493691,B,J
493683,C,J
493666,D,J
493667,E,J
493662,B,J
493612,D,J
493634,B,J
493354,A,J
493229,C,J
493351,E,J
493573,B,J
493566,D,J
493562,A,J
493558,A,J
493543,D,J
493535,B,J
493529,A,J
493468,B,J
491961,B,J
493496,A,J
493498,A,J
492732,A,J
493461,C,J
493460,C,J
492730,B,J
492566,A,J
493442,D,J
489922,A,J
493435,C,J
490839,B,J
493386,A,J
493358,B,J
493347,A,J
493316,A,J
493311,A,J
489158,B,J
491887,D,J
493299,A,J
492955,C,J
493291,A,J
493285,C,I
492226,B,J
493264,B,J
493259,A,J
493244,B,J
492896,C,J
493224,B,J
493219,C,J
493203,C,J
493182,B,J
464715,B,J
493169,B,J
493132,D,I
492954,C,J
493131,C,J
492914,B,J
493116,A,J
491598,B,I
493040,A,J
490987,B,J
493045,A,J
490814,A,J
493019,B,J
492420,B,J
492956,A,J
489278,A,J
492917,C,J
492518,B,J
492913,C,J
492904,A,J
490540,B,J
492872,B,J
492484,C,J
492858,C,J
492867,C,J
492856,B,J
492800,C,J
492851,C,J
489797,D,J
492824,B,J
492720,D,J
492756,C,J
492339,B,J
492674,A,I
492645,D,J
492647,B,I
492678,A,J
492654,D,I
492659,C,J
492622,D,J
492613,A,J
492598,B,J
492606,A,J
490650,C,I
492602,B,J
492541,C,I
492506,C,J
492540,B,J
492512,C,J
492524,A,J
492486,C,J
491337,B,J
492488,E,J
492483,A,J
492471,D,J
492468,B,J
492459,C,J
491502,B,J
491283,B,J
491747,D,J
486422,D,J
492438,C,J
491628,B,I
492422,B,I
492401,A,J
492402,E,J
492393,C,J
492369,B,J
492163,C,J
492387,B,J
492370,D,J
492171,B,J
492346,B,J
492347,A,J
492333,C,J
492183,A,J
492330,B,I
492312,C,J
492279,B,J
492264,B,I
492256,D,J
485006,B,J
492210,B,J
492208,B,J
492142,C,J
491007,A,J
491187,C,J
492140,B,J
492134,A,J
492113,B,J
492116,B,J
492104,A,J
492092,B,J
492076,D,J
486632,B,J
492032,D,J
492035,B,J
492006,D,J
491166,D,J
491946,A,J
491677,B,J
491916,A,J
490390,C,J
491892,C,J
491828,D,J
491859,B,J
484033,A,J
491036,C,J
491231,G,J
486839,B,J
491837,C,J
489905,A,I
489533,B,J
491776,D,J
491757,A,J
491743,B,J
491726,C,J
491699,C,J
491685,B,J
491667,A,J
491160,D,J
491675,C,J
491668,B,I
491663,B,J
491632,D,J
491618,D,J
491622,D,J
491552,B,J
491477,C,J
491596,D,J
491575,D,J
491581,B,J
423260,A,J
488022,B,J
491557,C,J
491494,D,J
491487,C,J
490680,B,J
491388,A,J
491364,D,J
491369,C,J
491352,A,J
491361,C,J
491339,E,J
491310,A,J
491313,C,I
491307,A,J
488309,B,J
489850,A,J
382096,B,J
490783,C,J
491200,B,J
491197,D,J
491180,B,J
491161,A,J
488100,F,J
490148,D,J
491142,C,I
490909,A,J
490333,G,J
490937,D,J
489616,C,J
491087,A,J
458419,C,J
490396,B,J
491054,B,I
491049,C,J
485184,D,I
491044,A,J
491032,B,J
490945,D,J
491019,B,I
486355,C,J
490988,B,J
490968,B,J
490965,C,J
486922,A,J
490933,A,J
490640,C,J
490892,D,J
490809,B,J
490824,C,I
490832,A,J
490751,D,J
490761,A,J
490446,B,I
490753,F,J
490704,B,J
490714,A,J
490692,D,J
490678,A,J
490252,B,I
490674,A,J
490444,B,J
490662,B,J
489239,C,J
490460,B,J
489230,F,J
490402,E,J
490608,C,J
489366,E,J
490038,A,J
490047,B,J
468754,D,J
490335,B,J
490508,B,J
490496,B,J
490470,B,J
490435,D,J
490429,B,J
490412,A,J
490397,B,J
490383,B,J
490374,B,J
490354,B,J
490344,C,J
490303,C,J
490338,B,J
488289,A,J
490288,B,J
490299,B,J
490281,B,J
490230,D,J
490274,A,J
490242,A,J
490031,B,J
484581,B,I
490232,B,J
490174,C,J
485998,C,J
477597,B,J
490180,G,I
489173,E,J
490130,C,J
488889,A,J
489994,F,J
490109,C,J
490075,B,J
490062,B,J
490051,C,J
490022,D,J
488478,B,J
486940,D,J
487448,E,J
489997,D,J
489352,A,J
488888,B,J
478662,B,J
489979,B,J
489630,A,J
489925,F,J
489907,B,J
489911,B,J
489446,B,J
488655,A,J
487311,B,I
479173,A,J
489861,D,I
488243,D,J
489841,A,J
489506,C,J
386071,D,J
489816,D,J
489803,B,J
489799,E,J
489772,A,J
489770,A,J
489758,A,J
489497,B,J
489723,C,J
489719,A,J
403312,A,J
485051,C,I
489717,A,J
489699,B,J
489679,D,I
489556,B,J
489673,A,J
489666,B,J
489658,B,J
489632,D,J
489228,C,J
472428,B,J
489561,A,J
485301,C,I
487546,B,I
489530,D,J
489520,D,J
489476,A,J
489482,B,J
489477,C,I
489469,B,J
489461,B,J
489457,E,J
381219,C,J
486519,A,J
489422,A,J
489410,B,J
489407,A,J
489401,B,J
489391,C,J
479707,D,J
489370,B,J
489353,B,J
486163,B,J
488607,C,I
488999,A,J
489323,C,J
489299,A,J
488775,B,J
489141,D,J
487669,D,J
489241,B,J
489130,D,J
489200,C,J
489202,D,J
489163,B,J
489161,C,I
489139,B,I
489107,D,J
489109,A,J
489087,B,J
489025,A,J
489032,B,I
489008,B,J
488991,A,J
488973,A,J
485585,E,J
488657,B,I
453021,A,J
488844,B,J
488824,A,J
488826,B,J
484291,A,J
488807,B,J
488779,C,J
488731,B,J
488770,A,J
488745,D,J
484981,A,J
484085,B,J
488740,A,J
488733,E,J
488380,B,J
488676,B,J
488695,B,J
488671,A,J
488659,C,J
488665,A,J
488647,B,I
488644,C,J
487968,E,J
488569,C,I
488618,C,J
488606,A,J
488594,D,J
488103,B,J
487908,C,J
488422,D,J
488570,D,J
486412,A,J
488545,D,J
484353,A,J
485099,D,J
488492,D,J
488434,B,J
488391,E,J
487900,B,J
488445,C,J
487881,A,J
488405,F,I
488396,B,J
488388,D,I
481938,A,J
477339,B,J
488333,D,I
488138,B,J
488326,E,J
487618,C,J
487506,A,J
488285,B,I
486993,B,J
488269,B,J
488255,B,J
488263,A,J
482570,D,J
488256,F,J
488251,A,J
488246,C,J
488239,A,J
482613,B,J
472309,D,J
488230,B,J
488196,C,I
488180,C,J
488161,B,J
487405,A,J
488128,B,J
488125,A,J
481667,B,J
488060,A,J
487131,C,J
487971,A,J
488025,B,J
487191,C,J
487192,D,J
488037,C,J
488033,C,I
488029,C,J
488028,B,J
486817,B,J
488001,B,J
487873,C,J
487937,B,J
487918,B,J
484122,D,J
487906,A,J
483247,B,J
487897,A,J
486980,C,J
487890,B,J
487864,C,J
486892,B,J
487786,B,J
487409,A,J
486867,B,J
487781,B,J
487755,C,J
487777,B,J
487706,C,J
487738,A,J
484006,C,J
487680,B,J
480182,C,J
485654,A,J
487635,B,J
487629,C,J
478762,A,J
487604,B,J
483174,A,J
487589,B,J
487529,C,J
487552,C,J
485850,A,J
473701,B,J
487178,C,J
473722,B,J
487488,C,J
487483,C,J
487451,D,J
487464,B,J
487457,B,J
486101,D,J
487133,E,J
487438,A,J
486971,C,J
487402,C,J
487396,C,J
487380,A,J
487393,B,J
487384,B,J
487348,B,J
486784,A,J
487274,B,J
487298,D,J
487129,C,J
475792,A,J
487285,B,J
487203,B,J
486955,A,J
486785,B,J
487262,D,J
487248,E,J
487253,B,J
486651,D,J
487209,B,J
487214,C,J
487201,B,J
454698,A,J
487155,E,J
481633,B,J
486818,C,I
465730,B,J
487156,B,J
487048,B,J
487115,E,J
487076,C,J
487071,C,J
487063,A,J
487036,E,J
485655,B,J
487001,F,J
486989,C,J
486977,D,J
486916,B,J
486910,C,J
486906,B,J
484286,B,J
483238,B,J
485122,B,J
486897,B,I
484482,B,I
486882,C,J
486869,B,J
486838,B,J
486831,B,J
467043,C,J
486802,A,J
486703,D,J
486787,C,J
486765,B,J
486744,B,I
484894,B,J
486686,A,J
486706,C,J
485818,A,J
486652,C,J
486669,B,J
486673,D,J
486653,D,J
486659,A,J
486646,A,J
486362,C,J
486476,B,J
486603,C,J
486607,B,I
485642,B,J
486578,A,J
486576,D,J
486551,C,J
476080,B,J
486538,B,J
486517,D,J
484044,A,J
481098,B,J
486468,A,J
486459,D,I
486462,D,J
486440,B,I
486435,D,J
485072,B,J
486377,B,J
486429,B,J
486414,C,J
485338,B,J
486393,A,J
428226,B,J
479445,B,I
61419,D,I
486329,B,J
486325,C,J
486305,B,J
484543,C,J
484903,B,J
486157,A,J
486260,A,J
484881,B,J
486256,A,J
472551,C,J
486245,B,J
476319,C,J
484417,B,J
486202,C,I
485943,A,J
486172,B,J
486142,B,J
485821,D,J
486154,A,J
486131,D,J
486146,A,J
481122,B,J
486027,C,J
486113,C,J
485665,C,I
486095,C,I
486069,D,I
486030,A,J
485941,D,J
486025,C,J
486021,D,J
485679,C,J
486012,B,J
455641,A,J
478345,A,J
485958,B,J
485952,A,J
485350,C,J
482368,D,J
485710,B,J
485846,A,J
485830,C,J
485833,F,J
485795,A,J
482071,D,J
485729,B,J
485185,C,J
485666,C,J
485677,B,J
69990,A,J
484580,C,J
485624,B,J
485462,D,J
485610,B,J
481202,B,J
484540,B,J
478234,E,J
485471,B,J
484483,B,I
483568,A,J
481972,B,J
485412,C,J
485374,C,J
485362,B,J
460256,D,J
485334,C,J
485314,C,J
485313,C,J
485310,C,J
483056,D,J
485297,D,I
485293,B,J
485291,B,J
485283,A,J
485273,B,J
485249,C,J
484300,A,J
485240,B,J
485234,A,J
484771,B,J
484843,B,J
485205,B,J
483261,A,J
485083,B,J
484627,C,J
485096,C,J
485111,B,J
485101,D,J
485098,B,J
482918,B,J
485070,C,J
485035,B,J
485040,C,J
485032,D,I
364636,B,J
483102,C,I
391439,E,J
468960,A,J
482133,C,J
481396,B,J
484321,C,J
484886,B,J
484859,B,J
484847,A,J
484846,A,J
483303,D,J
484728,A,J
483787,C,J
391981,E,J
484764,D,J
484664,C,I
484753,A,J
483312,D,J
484702,B,J
484062,C,J
484699,B,J
484692,D,J
483946,C,J
484624,A,I
478815,B,J
484589,A,J
484611,B,J
478835,B,J
484582,A,J
484573,B,J
484564,C,J
484544,B,J
463417,B,J
472601,B,J
290807,D,J
484430,A,J
484364,A,J
484369,B,J
484007,A,J
484339,A,J
376257,C,J
484298,A,J
479075,D,J
484239,B,J
484242,C,J
484146,D,I
484222,D,I
484212,B,I
482672,B,J
484143,D,J
481585,A,J
480608,B,J
484100,C,J
483989,C,J
484070,B,J
484054,A,J
473535,B,J
483645,A,J
484041,B,J
484016,A,J
483973,F,I
370866,C,J
483352,B,J
483968,B,J
483962,E,I
483804,C,J
483343,D,I
483865,D,J
410825,D,J
480675,B,J
483880,B,J
481921,C,J
483485,D,J
483797,B,I
483827,D,J
483825,B,J
483785,A,J
477484,B,J
483722,A,J
483590,B,J
483697,B,J
483748,B,J
483747,E,J
482978,D,J
483682,C,J
483674,B,J
483670,A,J
481176,C,J
483643,C,J
474782,E,J
481750,D,J
483549,E,J
463418,B,J
483508,B,J
462279,C,J
483469,A,J
483424,A,I
483418,B,J
483399,B,I
370141,A,J
463442,B,J
483386,B,J
482876,B,J
482512,D,J
483328,D,J
483320,B,J
483317,C,J
347648,C,J
483110,E,J
61390,A,J
483262,B,I
427755,C,J
483229,B,J
483206,C,J
483207,D,J
482894,C,I
483129,C,I
483108,D,J
483096,B,J
483090,B,J
483084,C,I
483080,E,J
483079,C,I
483020,B,J
483058,D,J
483025,D,J
482996,B,J
482986,A,J
482969,E,J
482937,D,I
482938,B,J
482902,G,J
479412,D,J
482888,B,J
482874,C,J
480085,C,J
482840,C,J
482832,B,J
482794,D,J
481689,C,I
472894,D,J
482763,D,I
482734,B,J
482706,D,J
482715,D,J
365196,B,J
482728,A,J
482719,A,I
456465,B,J
482700,C,J
482375,C,J
482352,A,J
482681,D,J
482680,D,I
482673,C,J
480995,C,I
482669,D,J
482644,B,J
482640,A,I
481834,D,J
481277,A,J
482615,D,J
482590,E,I
482400,A,J
482564,B,J
482569,D,J
482555,C,J
482550,C,J
482435,B,J
482508,A,J
482465,C,J
482319,C,J
482485,D,J
482437,C,J
482256,B,J
482398,B,J
482362,D,J
482355,B,J
482296,C,J
482297,D,J
482269,B,J
482229,G,I
482205,B,J
482198,C,J
482197,C,J
482139,B,J
482155,B,J
481901,D,J
482132,B,J
482131,B,J
482101,B,J
482076,C,J
482079,A,J
482059,A,J
482049,D,I
481900,B,J
482019,B,J
405239,C,J
482011,B,J
481943,A,J
481924,B,J
481883,A,J
481274,A,J
481872,C,I
481879,B,J
481874,C,J
481863,A,J
481854,A,J
481853,B,J
481831,A,J
480999,C,J
481794,C,J
481782,A,J
481682,B,J
481775,B,J
68163,A,J
480965,B,J
481733,A,J
481715,D,J
481306,C,J
479424,B,J
481657,A,J
479036,B,J
481621,C,J
481615,C,J
480933,D,J
480239,B,J
481514,B,J
481537,B,J
481536,B,J
481500,A,J
481468,B,J
481494,C,J
480862,B,J
481485,D,J
481236,C,J
481475,C,I
481470,C,J
481467,B,J
481451,C,J
480840,E,I
481447,C,J
480943,A,J
479473,E,I
481416,C,I
481034,B,J
392017,A,J
481360,B,J
481346,B,J
481324,C,J
481322,A,J
481316,C,J
481312,B,J
480904,A,J
481079,A,J
481266,B,J
476275,B,J
480308,F,J
481242,B,J
481208,B,J
470195,B,J
472179,B,J
481155,A,J
481137,C,J
481143,B,J
481040,D,J
481029,B,J
481112,C,I
481054,B,J
481073,A,J
472349,B,J
477238,C,J
481015,C,I
481049,B,J
481013,B,J
480973,B,J
480972,B,J
480970,C,I
480967,A,J
480961,C,J
480956,C,J
480707,D,J
480762,A,J
480572,C,J
480865,D,J
480860,B,J
480368,B,J
479074,A,J
480855,B,J
480843,B,I
480833,A,J
473179,C,J
480824,C,J
480816,B,J
480805,D,J
480800,A,J
480788,B,J
480776,C,J
480780,A,J
480775,C,J
480497,A,J
480107,C,J
480571,C,J
461675,A,J
480666,B,J
480694,A,J
480665,B,J
480652,B,J
480457,D,J
480632,B,J
480637,A,J
480631,C,I
420124,B,J
480614,C,J
472811,C,J
474218,D,J
479395,D,J
480581,B,J
480566,B,J
476126,D,I
480556,A,J
473015,D,J
480554,C,I
480512,B,J
480536,B,J
480530,B,J
480257,D,J
480493,B,J
480454,A,J
479216,B,J
480463,B,J
480464,C,J
480461,B,J
480443,D,J
478570,C,J
480410,C,J
458148,A,J
480401,C,I
480397,A,J
479763,A,J
480344,A,J
480337,C,J
480331,B,J
480319,E,I
480307,A,J
480299,D,J
480255,C,J
480111,D,J
480245,B,J
480240,C,J
474607,E,J
427109,A,J
480216,C,J
434246,C,I
480191,B,J
476498,E,I
479864,C,J
480135,B,J
480130,A,J
480103,B,J
480115,A,J
367030,A,I
480005,B,I
480014,C,J
479972,B,J
479954,C,I
479916,C,J
479913,B,J
479888,C,J
479883,B,J
403162,A,J
479730,A,J
479869,C,J
476400,B,J
479854,E,J
479836,C,J
479819,C,I
479786,A,J
479790,C,J
479107,E,J
479784,B,J
479779,A,J
479769,A,J
479413,B,J
479746,B,J
479743,B,J
479268,A,J
479713,B,J
479712,C,I
475253,D,I
471342,C,J
479025,C,J
479625,C,J
479618,B,J
479629,C,I
479391,E,J
473657,B,J
478929,A,J
479580,E,J
479572,C,J
478643,A,J
479536,D,J
479532,A,J
479493,C,I
469681,A,J
478030,B,J
479429,C,J
479475,C,J
479470,C,J
479468,B,J
479452,D,J
479444,C,I
479389,D,J
479376,C,J
479344,C,J
479322,B,J
479329,C,J
479331,B,J
479194,B,J
479300,A,J
479291,A,J
479260,B,J
445544,A,J
479245,B,J
479232,B,J
479215,A,J
478603,A,J
479171,B,J
479148,A,J
478850,B,J
478263,C,J
461780,D,J
473814,B,J
479104,C,I
478895,A,J
479089,C,J
479029,E,J
478948,B,J
478785,B,J
475749,A,J
478984,B,J
478982,D,J
478971,A,J
478965,A,J
476505,B,J
478518,B,J
478950,D,J
477479,D,J
477018,E,J
421822,D,I
478934,B,J
478589,B,J
477841,C,J
477843,C,J
478556,A,J
477572,E,J
478836,A,J
478830,D,J
478818,A,J
478050,D,J
478788,B,J
475049,B,J
478769,B,J
399980,B,J
477305,C,J
478749,E,J
478753,A,J
475860,B,J
478542,C,J
478688,C,J
478580,D,J
478120,C,J
477562,E,J
437568,F,I
478561,B,J
478537,D,J
478574,B,I
478569,B,J
478470,B,J
478567,C,J
478103,D,J
478219,C,J
478519,A,J
478353,C,J
478487,A,J
478412,E,J
478462,B,J
478386,C,J
478446,B,J
478377,C,I
459312,D,J
478388,C,J
478374,A,J
463832,B,J
478320,B,J
478260,C,I
478242,C,J
478113,C,J
477510,A,J
478163,A,J
478200,D,I
478174,B,J
478172,D,J
474048,B,J
478160,E,I
478166,C,J
478126,D,J
477972,A,J
478080,A,J
478076,C,J
478025,C,I
476442,C,J
478022,A,I
478012,C,J
477959,C,J
477963,F,J
477042,A,J
477941,C,J
477931,B,J
458328,B,I
477924,B,J
477919,B,J
474431,A,J
477864,B,J
477839,B,J
477823,A,J
477502,B,J
477801,A,J
477797,C,J
477446,E,I
477719,C,J
477648,B,J
477691,C,J
477656,C,J
477494,B,I
477639,C,J
461884,A,J
477531,D,J
470125,B,J
474990,B,J
477585,D,J
477567,D,J
474981,D,J
477532,C,J
477519,B,J
477515,B,J
477486,A,J
477482,B,J
475432,D,J
477433,C,J
476831,A,J
477332,A,J
477388,A,J
475522,A,J
477247,B,I
477281,D,J
477250,B,J
477265,C,J
477190,C,J
477220,C,J
464707,C,J
476271,A,J
477195,A,J
432108,A,J
474147,B,J
377437,D,J
476994,A,J
418953,B,J
460222,B,J
477147,D,J
461227,B,J
442923,D,J
474351,D,J
421199,C,J
477062,A,I
476557,E,I
477037,B,J
477041,B,J
477015,B,J
476062,B,I
460277,E,I
477000,B,J
477008,B,J
476996,A,J
476992,B,J
475301,A,J
476988,F,I
476983,B,J
476976,E,J
476966,D,I
444955,D,J
476975,C,J
411477,C,J
475220,D,J
476949,A,J
476952,A,J
476939,A,J
476940,A,J
476925,A,J
476858,A,J
476851,C,J
476854,B,J
476849,C,J
476853,D,J
476832,B,J
476558,C,J
476800,A,J
476780,C,I
476745,B,J
476720,E,I
476706,A,J
476435,B,J
476404,C,I
476635,D,J
476667,E,J
476637,A,J
476142,B,I
476626,B,J
449679,B,J
476321,A,J
476597,B,J
476083,E,J
476579,A,J
476379,C,J
475455,C,J
476529,D,J
476497,B,J
476513,A,J
476510,C,J
476500,D,I
476477,A,J
475646,C,J
476468,B,I
476412,B,J
458440,D,J
476447,A,J
474649,B,J
476408,C,J
476369,F,J
476088,C,J
476343,B,J
476332,B,J
475929,D,J
476297,F,I
476273,A,J
475974,E,J
476248,C,J
476238,B,J
474679,B,J
476207,B,J
476202,B,J
476194,C,J
473822,A,J
476104,C,J
476093,A,J
474007,B,J
476073,B,I
475642,D,J
476078,A,J
476059,C,J
476054,B,J
475874,B,J
475960,D,I
476022,B,J
475995,B,J
475991,B,J
475985,D,J
474393,F,J
475971,A,J
475969,C,J
474398,A,J
475807,A,J
470867,D,J
475958,B,J
475957,D,J
475784,B,J
474235,D,J
475900,B,J
475648,B,J
475892,B,J
475768,C,J
475868,B,I
475852,C,J
475844,C,J
475832,D,J
475314,C,J
475820,A,J
475809,C,I
475497,D,J
475806,D,J
475322,E,J
454324,B,J
474139,A,J
475751,B,J
475731,F,I
475332,D,J
474337,C,J
475718,B,J
475715,A,J
469850,D,J
474345,C,J
475662,D,I
474047,B,J
475619,E,I
474908,A,J
475565,B,I
475549,D,J
475351,A,J
475531,D,I
475527,B,J
475524,A,J
474333,B,I
475492,A,J
473831,A,J
475348,C,J
475456,B,J
475460,D,J
475468,A,J
472986,E,J
472554,D,J
475410,C,J
475405,D,I
475195,B,J
472636,A,J
475108,A,J
475342,C,I
475255,B,J
475297,A,J
475307,A,J
475252,B,J
475281,D,I
475269,C,J
475261,A,J
475270,A,J
475251,B,J
473626,B,J
473923,E,I
475176,B,J
475165,B,J
475121,D,J
474790,A,J
475072,A,J
475066,C,I
474725,D,J
474075,B,J
474522,B,J
473972,B,J
474646,E,J
474135,D,J
474797,B,J
469107,G,I
474730,A,J
474634,C,J
474538,B,J
474687,B,J
474569,C,J
473726,B,J
474632,D,J
474628,A,J
474596,C,J
474611,A,I
474492,A,J
474474,B,J
474463,B,I
474462,D,J
474459,B,J
473985,B,J
474420,B,J
474392,C,I
474397,C,I
474385,C,J
474368,C,J
474381,D,J
474376,E,J
474373,A,J
474191,C,J
474330,D,J
474247,A,J
474309,A,J
474256,B,J
474298,B,J
474300,A,J
474294,B,J
474259,C,J
474251,D,J
474232,B,I
474199,C,J
474202,B,J
474176,B,J
473236,B,J
474138,B,J
473891,A,J
474121,B,J
474118,B,J
474117,C,J
471013,A,J
474090,C,J
474069,B,J
470305,A,J
471360,A,J
474032,D,I
474006,B,J
473896,B,J
473948,C,J
473938,B,J
473942,A,J
473872,F,I
472572,B,J
473875,C,J
473847,D,I
473843,E,J
473841,D,J
473825,A,J
473818,A,J
473807,B,J
473781,A,J
471606,A,J
473762,E,J
473745,B,I
473725,B,J
473710,D,J
473709,B,J
472809,D,J
472877,A,J
473686,C,J
473661,B,I
473665,B,J
473378,B,J
473653,B,J
473637,B,J
473578,C,J
473580,C,J
473569,A,J
472483,A,I
473442,B,J
473528,B,I
473521,A,J
473497,A,J
473488,B,J
473486,E,J
473481,D,J
473367,B,J
473462,C,J
473447,A,J
471601,B,J
471369,C,J
473413,A,J
473161,A,J
473403,D,I
473381,C,J
473404,C,J
473390,B,J
473344,B,J
473383,B,J
473386,A,J
472830,B,J
472982,E,I
471052,B,I
470190,A,J
473342,D,J
473338,C,J
473333,B,J
472753,B,J
473276,A,J
469964,D,J
473229,A,J
473203,A,J
473022,C,J
473198,A,J
473166,B,I
473163,F,J
473168,D,J
473071,B,J
472555,D,J
473133,D,J
472180,A,J
473085,B,J
395561,G,J
473083,A,J
472505,A,J
472802,C,J
473028,A,J
473024,B,J
472781,B,J
473007,D,J
472989,B,I
472016,B,J
468396,A,J
472938,B,I
472931,E,J
470060,C,J
472908,B,J
472921,B,J
472717,B,J
420666,B,J
472788,E,J
472837,A,J
462538,C,J
470041,A,I
472791,C,J
471603,E,J
472760,B,J
472744,A,J
472722,C,J
472730,D,J
472668,E,J
472645,C,J
472631,C,J
472634,A,I
472637,A,J
466800,B,J
472537,B,J
472531,B,J
471556,B,J
472523,B,I
471358,A,J
472516,B,J
471174,A,J
472365,B,J
472454,C,J
472364,D,J
472433,C,J
472358,B,J
472363,B,J
472421,B,J
472163,B,J
472362,B,J
452160,C,J
472215,B,J
472332,D,I
468564,C,J
472214,D,J
472303,C,J
472213,B,J
469988,A,J
472197,B,J
472212,B,J
472168,B,J
471580,B,J
471567,B,J
472112,B,J
472062,D,J
471913,B,J
471847,B,J
471850,C,I
471912,B,J
471831,B,J
471862,B,J
470186,A,J
471762,C,J
471712,B,J
471543,A,J
471662,B,J
471526,C,I
471366,C,J
471517,A,J
471512,A,J
471391,A,J
471462,B,J
471412,C,J
471362,B,J
470418,B,J
471313,A,J
471207,B,J
471262,B,J
471186,B,J
471184,C,J
471212,B,J
470900,C,J
470742,A,J
471129,C,J
471162,C,J
470907,D,J
471113,A,I
471062,B,J
471032,A,J
471030,B,J
470962,B,J
469382,A,J
467716,C,J
470912,D,J
470869,A,J
468072,F,J
470812,B,J
470433,B,J
470762,B,J
470697,B,J
470703,A,J
468988,D,J
470264,C,J
470561,C,J
470560,C,J
470612,B,J
465172,G,I
470562,C,J
470260,B,J
470455,F,J
470462,B,J
409691,B,J
470428,B,J
470007,A,J
468987,D,J
470362,A,J
465492,C,J
470293,B,J
463797,B,J
456671,C,J
463199,F,J
470136,C,J
470243,B,J
470232,B,J
470224,G,J
469833,A,J
470194,C,J
470187,D,J
470185,A,J
470163,B,J
470142,D,J
470134,A,J
470131,A,J
470027,E,J
470108,A,J
470104,A,J
470102,B,J
470001,A,J
470039,A,J
470031,B,J
470026,B,J
470024,D,J
470022,B,J
470015,B,J
470012,B,J
469034,B,J
468616,C,J
469996,C,I
469950,C,I
452732,B,J
466377,A,J
466150,B,J
469953,A,J
469943,B,J
469684,E,J
469937,A,J
469936,A,J
469932,A,J
455659,C,J
462259,E,I
469880,A,I
462074,C,J
469866,A,J
469860,B,J
469851,B,J
469796,D,J
469759,B,J
469798,B,J
469807,B,J
469683,B,I
469777,D,J
469773,A,J
469762,B,J
469752,G,J
469743,A,J
469728,A,J
469721,A,J
469718,A,J
469717,D,J
468599,B,J
469708,B,J
469700,B,J
469679,C,J
469667,D,J
468565,C,J
468378,B,J
469601,C,J
469552,C,I
469546,B,J
468106,B,J
469536,D,J
469524,B,I
469471,D,J
469460,A,J
469463,B,J
469258,A,J
450539,A,J
469409,E,I
469405,B,I
469077,A,J
469353,D,J
469341,A,J
446026,B,J
469349,B,J
468980,D,J
469289,C,I
462161,B,J
468791,B,J
469298,A,J
469256,B,J
469218,B,J
463390,B,J
465470,B,J
456582,C,I
469108,C,J
468586,B,J
469156,C,J
468210,B,J
455977,D,I
468546,C,J
469070,A,J
458648,C,J
469115,D,J
469109,D,J
469061,C,J
469094,D,J
468125,E,J
469047,A,J
469056,C,J
469044,D,J
463412,C,J
469025,B,J
469010,F,I
469002,B,J
468994,C,I
468315,D,I
468045,C,J
468601,A,J
468945,C,J
468920,C,J
468057,B,J
468812,B,J
468904,B,J
468909,A,J
468885,C,J
468894,D,J
468892,A,J
463305,C,J
468874,A,J
468866,C,J
467986,D,I
465141,B,J
467219,C,I
468837,A,J
468826,A,J
468817,C,I
468810,C,J
468796,B,J
468067,B,J
467660,B,J
468777,C,J
465574,B,J
468758,A,J
462042,B,J
468753,E,I
467583,B,I
468738,C,J
468735,C,J
432254,A,J
468724,A,J
468709,C,J
468706,B,J
460390,E,J
468680,A,J
468516,B,J
468633,C,J
458713,A,J
468626,C,J
468366,A,J
468575,B,J
468566,C,J
468550,C,I
468535,B,J
462650,D,J
468507,C,J
468494,C,J
468463,B,J
468416,C,J
468409,C,I
468400,A,J
467940,A,J
466944,B,J
467316,C,J
468350,A,J
468325,A,J
467996,A,J
468274,C,J
468280,B,J
465182,D,J
467182,A,I
468261,B,J
468257,C,J
468215,C,J
467830,C,J
468200,F,I
468201,B,J
468195,B,J
468196,B,J
460192,B,J
467145,F,J
468188,C,J
468168,A,J
468128,A,J
468111,D,J
468117,C,J
468112,D,J
468102,B,J
468101,B,J
468097,A,J
468082,A,J
468076,C,J
468025,A,J
468026,C,J
468024,F,J
464899,B,J
468011,D,J
464677,D,J
467304,A,J
467991,E,J
467968,D,J
467971,C,J
467969,B,I
467938,B,J
467951,B,J
467564,C,J
467930,C,J
467762,C,J
466805,B,J
467890,C,J
467657,C,I
467282,C,J
433297,B,J
467857,C,J
467881,B,J
464068,B,J
467871,C,J
467851,B,J
467846,D,J
467811,C,J
467601,D,J
467770,D,J
467364,B,J
467679,B,J
467760,C,J
466978,C,J
467690,B,J
467359,B,J
467735,D,J
467713,D,I
467659,A,J
467634,D,I
466774,A,J
466420,C,J
467572,C,J
466397,D,I
467310,C,J
467387,B,J
451877,E,J
461415,C,J
467321,A,J
466813,B,J
467302,A,J
467292,D,I
467274,B,J
467256,C,J
466766,B,J
465845,A,J
467154,A,J
467078,A,J
467099,A,J
465878,A,J
452616,C,I
467056,D,J
464997,A,J
467013,B,J
466965,D,I
466956,A,J
466720,A,J
466935,B,J
465434,D,J
464963,D,J
466869,D,J
466834,C,J
466849,A,J
466817,C,J
466799,B,J
466771,C,J
466750,D,I
466745,B,J
466729,A,J
466698,D,J
466653,B,J
461547,A,J
466600,C,J
466211,E,J
466450,C,J
466099,D,J
466516,B,J
465785,B,J
466482,C,J
466465,B,J
466459,B,J
466453,C,J
466442,B,J
466423,A,J
466415,B,J
466346,D,J
464664,B,J
466321,C,J
466314,A,J
465949,D,J
466137,B,J
466126,C,I
466082,C,J
466079,C,I
466091,A,J
466073,A,J
465111,A,J
466046,A,J
465690,B,J
465367,A,J
466024,A,J
465925,B,J
466004,B,I
465669,B,J
465968,C,J
465929,B,J
465903,D,J
465917,C,J
465881,C,J
465718,C,J
465683,B,J
465866,A,J
465871,A,J
459538,G,J
465792,A,J
465806,D,J
465798,B,J
465776,B,J
459313,B,J
465770,D,J
465763,F,J
465305,B,J
465535,C,J
465704,B,J
465694,C,J
465617,D,J
459190,D,J
465582,A,J
465656,D,J
465596,G,J
465586,C,J
465374,C,J
465546,B,I
465542,C,J
465537,A,J
465530,B,J
465500,C,J
465466,C,J
465349,E,J
465459,A,J
465457,E,J
465288,B,I
465413,A,I
465390,B,J
465398,B,I
460575,A,J
464987,C,J
465005,A,J
465353,D,J
464904,C,I
465293,C,J
465244,C,J
465234,C,J
465209,C,J
465003,D,J
465138,C,I
465156,C,J
465145,B,J
465034,C,I
465129,A,J
464477,B,J
465036,C,J
465033,A,J
462762,D,J
464922,C,J
464939,C,J
464919,C,J
464841,B,J
464824,A,J
460057,B,J
464357,B,J
464784,B,J
464760,B,J
464630,A,J
464609,A,J
464583,C,I
460116,B,J
464493,A,J
464529,C,J
464069,C,J
464502,A,J
464507,B,J
464469,B,J
464146,A,J
464433,B,J
464441,D,J
464399,E,I
464400,A,J
463873,A,J
464114,B,J
464368,B,I
456940,D,J
464266,B,J
464273,C,J
464263,B,J
464167,A,J
464236,B,J
464080,B,I
462125,B,J
464192,B,J
454082,B,J
459474,A,J
464091,E,J
464085,B,J
463000,B,J
464066,B,J
463985,B,J
463976,C,J
463973,A,J
462657,C,J
463467,B,J
463901,B,I
463918,A,J
463906,B,J
463814,E,J
463796,A,J
463800,D,J
463711,B,J
463764,C,J
463730,A,J
463722,A,I
463701,F,J
463703,A,J
463702,B,I
458516,C,J
463612,C,I
463279,D,J
463269,B,J
461755,A,J
462518,A,J
463133,B,J
463478,A,J
463465,B,J
463406,C,J
463376,A,J
463175,A,J
463333,B,J
463130,A,J
433178,D,J
454248,D,J
462641,C,J
462331,A,J
461529,C,J
463203,B,J
463214,B,J
463158,B,J
463151,C,J
462906,B,J
443474,C,I
463123,A,J
463113,D,J
463049,B,J
459400,C,J
463044,B,J
462832,B,J
463005,C,J
462995,B,J
455309,B,J
459286,C,J
462890,B,J
462244,B,J
462863,C,J
462851,F,J
462848,B,J
459067,A,J
462651,C,J
462824,C,J
462805,B,J
462809,A,J
462808,B,J
462734,D,J
462778,F,J
462643,B,J
462715,A,J
462714,D,I
462753,C,J
461846,B,J
458732,B,J
462697,A,J
462705,D,J
462696,D,J
462688,B,J
462689,A,J
433805,A,J
456373,D,J
462644,C,J
387649,C,I
462584,B,J
462531,A,J
462526,C,J
457939,D,J
454773,C,J
460486,C,J
462464,C,I
462447,A,J
462396,D,J
462306,B,J
462318,E,I
461901,C,I
462312,C,J
462313,C,J
462284,A,J
462277,B,I
462268,A,I
461723,C,J
462245,B,J
462230,B,J
462158,A,J
462218,B,J
462212,B,J
462193,B,I
462192,C,J
461125,B,J
462175,A,J
462171,D,J
457364,D,J
462143,D,J
462129,B,J
456093,A,J
461133,C,J
462101,A,J
461505,A,J
462081,E,J
462068,D,J
462058,A,J
461487,C,J
462038,B,J
461819,A,J
461412,C,J
461963,C,J
460359,A,J
461912,C,J
461924,A,J
458675,A,J
461894,C,J
461586,B,J
461879,A,J
461287,A,J
461270,B,J
461831,B,J
461848,B,J
461769,A,J
461609,A,J
461802,C,I
461778,A,J
461717,D,J
461751,C,J
461745,B,J
461718,A,J
461127,C,I
461673,A,I
461664,A,J
461582,D,J
461356,E,I
461581,A,J
461593,C,J
460294,A,J
460876,C,J
461556,B,I
461552,D,J
461525,E,I
461510,B,J
461498,B,J
461461,A,J
461452,A,J
461451,D,J
460100,B,J
459730,B,J
461400,A,J
461390,A,J
461379,C,J
460598,B,J
461346,B,J
461342,B,J
460108,C,J
461175,C,J
461321,B,J
461310,B,J
461274,C,J
416587,A,J
460863,C,J
461259,A,I
461230,D,J
461206,A,J
461219,E,I
460708,B,J
461199,B,J
461039,C,I
461142,A,J
461016,E,J
447676,G,J
460185,A,I
452147,C,I
460372,C,J
461089,B,I
461064,D,J
461060,B,J
460877,A,J
434558,C,J
461025,B,J
460957,C,J
460977,C,J
460855,D,J
459431,B,I
460920,C,I
460894,A,J
460867,B,J
460848,B,J
460829,A,J
460790,A,J
460779,B,J
459934,C,I
460404,E,J
460657,B,J
460692,D,J
460733,C,J
456326,B,J
460667,A,J
460569,B,J
460615,A,J
460566,A,J
458962,B,J
460545,C,J
439010,B,J
460505,D,J
460501,A,J
460494,A,J
460298,B,J
460375,A,J
460353,B,J
460352,D,J
460318,C,I
460240,D,J
460307,B,J
460308,A,J
460296,B,J
457048,B,J
460252,B,J
460213,C,J
460218,A,J
460209,D,I
459462,A,J
457931,A,J
459627,C,J
460147,A,J
460113,B,J
460149,B,J
454549,D,J
458142,C,J
460123,C,J
460122,A,J
459544,A,J
460109,E,J
460101,D,I
460102,C,J
460048,B,J
460090,G,J
460079,B,J
459943,A,J
458490,C,J
459855,B,J
457700,A,J
459630,B,J
459894,D,J
459966,A,J
459628,C,J
459778,A,J
459885,B,J
459868,B,J
459675,C,J
459463,B,J
459859,B,J
459845,B,J
459777,D,J
459770,C,I
459766,C,J
459736,A,J
459562,C,I
458469,B,J
459642,C,J
458433,B,J
459560,C,J
459545,B,I
459542,C,J
458960,A,J
459471,A,J
459427,B,J
457637,C,J
459303,C,J
369342,B,J
459375,C,J
459263,C,J
459316,E,J
459300,C,J
459049,A,J
459277,A,J
459266,B,J
458452,B,J
458835,E,I
459181,B,J
459191,B,J
459173,A,J
459185,A,J
459168,A,J
459069,D,J
459139,C,J
456262,A,J
459122,A,J
458760,A,J
459076,C,I
459094,B,J
458623,C,J
459030,A,J
456450,B,J
458975,B,J
458956,B,J
458938,B,J
458933,B,J
450363,A,J
458499,A,J
458881,A,J
454334,B,J
458874,B,J
458869,A,J
458336,B,J
455941,B,J
458771,B,J
458811,B,J
458788,B,J
458797,B,I
443251,C,I
458784,C,J
458778,D,J
438587,B,J
457346,C,J
458741,B,I
457623,C,J
458478,D,J
458679,B,J
458674,A,J
458649,A,J
458652,B,I
458563,C,J
458528,B,J
458461,A,J
458509,B,J
458149,C,J
458470,D,J
457533,B,J
451556,A,J
454515,E,J
458213,A,J
458189,A,J
458184,C,J
457826,B,J
451027,E,I
457444,D,J
458162,D,J
458153,C,I
457918,B,J
455358,A,J
458131,A,J
457938,D,J
455997,B,J
456014,B,J
457922,C,J
456922,D,J
457919,D,J
457887,B,J
457893,A,J
457883,B,I
457854,B,J
457857,B,J
457651,D,I
457833,B,J
457819,B,J
452112,D,I
370610,C,J
457776,D,J
457744,B,J
457749,E,J
457736,A,J
457374,C,J
457678,C,I
457675,D,J
457661,D,I
457657,C,J
456899,A,J
457540,C,J
457566,C,J
449926,A,J
457583,A,J
457578,C,J
457562,E,I
457535,C,J
450454,A,J
457500,B,J
457493,D,I
457481,D,J
456475,C,J
457414,A,J
457410,C,J
457386,F,J
457063,D,I
457372,C,J
457351,B,J
457349,D,I
457320,B,J
457288,B,J
457294,D,J
456528,A,J
457272,B,J
457258,C,J
457252,D,J
456774,A,J
57416,C,J
457207,A,I
457203,D,J
457181,B,J
456807,A,I
457184,A,J
457178,A,I
457171,C,J
457121,A,J
457163,A,J
457103,E,I
457032,D,J
457034,B,J
457027,A,J
456194,C,J
456982,B,I
456971,B,I
456955,B,I
456941,A,J
456880,D,J
456875,A,J
456868,A,J
456828,C,J
456812,G,I
456788,C,J
456763,B,J
456719,D,J
456718,A,I
456709,B,J
456639,B,J
456653,B,J
456643,C,J
456627,A,J
456618,B,J
456556,A,J
456477,A,J
456479,A,J
456540,B,J
456534,A,J
456411,A,J
456469,B,J
456474,D,J
456466,B,J
456448,D,J
456278,B,J
454807,C,J
456408,A,J
454796,B,J
456387,C,J
399499,C,J
456357,F,J
456335,B,I
456301,A,J
456281,A,J
456267,A,J
456197,C,J
456193,D,J
456132,A,J
455904,B,J
455314,A,J
456085,D,I
456095,B,J
452168,E,J
456032,B,J
456047,C,J
456023,A,J
455987,B,J
455991,C,J
455927,B,J
451779,D,J
454092,C,J
409434,C,J
452948,C,J
455682,D,J
443252,A,J
455821,D,I
455871,C,I
455393,A,J
455781,B,J
454865,B,J
455697,A,J
455335,A,J
455737,C,J
450428,A,J
455715,B,J
451764,B,J
455716,A,J
377687,C,J
455671,D,I
455662,C,J
455108,C,J
443373,A,J
455627,B,J
455618,C,J
455614,C,I
455098,B,J
452773,D,J
455421,B,J
455153,D,I
455304,A,J
455306,A,J
368274,C,J
455299,D,J
455300,C,I
455289,B,I
455281,F,J
455261,D,J
455253,B,J
454963,B,J
454335,B,J
444336,C,I
455162,B,J
455161,A,J
455152,D,J
455150,B,J
455135,D,J
455121,C,J
454588,B,J
455110,B,J
431783,C,J
455059,A,J
454764,C,J
455074,D,J
455052,C,J
455011,B,J
455041,D,J
455027,D,J
454995,B,J
454980,B,I
454945,D,J
454927,C,J
453673,C,J
453780,C,J
454912,A,J
454786,A,J
454857,A,J
454824,C,J
454663,D,J
454801,A,J
454791,A,J
454752,A,J
454771,E,J
454633,B,J
454553,D,J
454757,B,J
451482,A,J
454740,A,J
454727,C,J
454682,D,I
454687,A,J
454684,B,J
454685,B,I
454669,A,J
454512,B,J
454629,A,J
453095,D,J
454474,A,J
454405,G,J
454566,C,J
392737,D,J
454392,C,J
454495,D,J
450467,C,J
454473,A,J
453900,C,I
454253,C,J
454329,B,I
454310,D,J
454194,B,I
454161,A,J
454268,D,J
454192,B,J
454264,B,J
454238,D,J
453717,A,J
454216,C,J
454206,E,J
454186,C,J
454182,B,J
454140,C,I
454130,A,J
454105,C,J
454057,C,J
454075,D,J
452599,C,J
454062,E,J
454047,A,J
454043,C,I
452354,B,J
452507,E,J
453965,D,J
453967,C,J
453910,D,J
453938,C,J
452802,B,J
453391,B,J
453894,B,J
445980,C,J
453866,B,J
453686,E,J
452957,C,J
452580,D,J
452326,D,J
453791,A,J
453783,D,J
453770,B,J
447144,C,J
453754,C,J
453744,C,J
452740,A,J
453462,A,J
453450,B,J
453677,B,J
453688,B,J
453629,B,J
453667,A,J
453587,D,J
453620,C,J
453632,B,J
451543,B,J
452356,A,J
453618,B,J
453136,B,J
453503,D,J
453586,C,J
453589,D,J
453585,D,J
452480,E,J
453583,C,J
453543,A,J
453516,F,I
453541,C,I
439137,B,J
453521,D,I
453477,B,J
453524,D,J
453500,A,J
426527,C,J
453487,A,J
453478,A,J
439786,E,J
453442,B,I
453437,A,I
453393,C,J
453373,B,I
453358,D,I
453361,C,J
449273,C,J
453308,B,J
453314,A,J
452808,B,J
453280,D,J
453290,B,J
453250,B,J
453081,B,J
451689,A,J
452103,B,J
453204,D,J
449869,C,I
452706,D,I
453138,E,J
453132,B,J
453052,E,J
452961,D,J
453023,B,J
453018,C,I
451909,B,J
452969,A,J
452865,B,J
452944,A,J
452947,B,J
452896,D,J
452900,B,J
452882,D,J
452846,B,J
452419,A,J
452850,B,J
451177,D,J
451928,E,J
452749,C,I
448403,B,J
452768,B,J
452099,B,J
451663,C,J
67503,A,J
451759,A,J
452693,C,J
452143,C,I
452651,B,I
452649,B,J
452613,B,J
452605,B,J
452494,B,J
452602,D,J
452597,C,J
445442,C,J
452590,A,J
452584,C,J
452505,C,J
452488,B,J
452486,C,J
452386,A,J
452450,E,J
435366,C,J
452449,C,J
452435,A,J
452429,B,I
452418,D,I
452383,A,J
452407,B,J
452401,D,J
452391,B,J
452382,B,J
452378,A,J
451409,D,J
452330,D,J
452105,A,J
452150,B,J
452298,D,J
451271,B,J
452198,C,J
452001,B,J
451896,A,J
452145,C,J
452094,B,J
452031,B,J
452127,B,J
452132,B,J
452100,A,J
451833,B,J
450469,B,J
451820,C,I
452052,A,J
452037,B,J
451990,A,J
445200,D,J
452003,A,J
452013,C,J
451989,D,J
451933,A,J
451951,A,J
451204,A,I
449407,B,J
445672,B,J
451856,B,J
451852,D,J
451846,F,J
451841,G,J
449704,A,J
450384,C,I
451597,E,J
451799,A,J
451501,A,J
450875,B,J
451782,A,J
451775,D,I
451762,B,J
451757,B,J
451741,D,J
451708,A,I
451705,C,J
450981,B,J
451659,E,J
444182,B,J
450960,D,J
451632,C,J
451628,D,I
447842,C,J
449739,A,J
451617,D,J
451606,C,J
451601,C,J
451584,D,J
451579,A,J
451562,B,J
451548,G,J
451552,C,J
451538,A,J
451546,A,J
451509,C,J
451013,C,J
451515,A,J
451497,C,J
451484,C,J
451474,B,J
451064,C,J
451419,B,J
451458,F,I
451452,C,J
451425,A,J
451445,D,J
450716,B,J
451398,C,J
451412,B,I
451395,C,J
451329,D,I
451124,A,J
451319,A,J
449904,C,I
451291,B,J
451283,B,J
450747,A,J
451211,C,J
451175,B,J
450837,C,J
451129,B,J
449773,C,I
451008,B,J
451005,B,J
451041,A,J
451016,B,J
450995,B,J
450996,A,J
450963,D,J
450893,B,J
450950,D,J
450937,B,I
450914,C,J
450871,A,J
448699,B,J
450869,B,J
449668,C,J
450816,B,J
449788,A,J
448526,A,J
450781,D,J
450761,A,J
450737,D,J
450745,A,J
450735,C,I
446507,C,J
450656,A,I
450635,D,J
450001,C,J
450443,B,J
450613,D,J
450607,G,J
450188,B,I
450579,D,J
444562,B,J
450565,B,J
450494,B,J
450497,A,J
450493,C,J
450488,C,J
449939,B,I
448258,A,J
450393,A,J
450371,D,J
450346,D,I
450280,C,J
450109,E,J
450285,D,I
450292,A,J
450289,C,J
450272,D,J
450234,F,J
399746,C,J
450171,C,J
450224,B,J
450219,B,I
450213,A,J
449956,B,J
450193,D,I
450187,B,J
450180,D,J
450154,B,I
449264,C,J
450140,C,J
450131,C,J
450129,B,J
450080,A,J
450071,A,J
450048,A,J
449978,B,I
449250,B,J
449735,C,J
448439,D,I
449323,A,J
449589,B,J
449944,C,J
449936,A,J
449731,C,J
449913,B,J
449880,A,J
449867,D,J
449866,D,J
449831,B,I
449803,A,J
449378,D,J
449768,B,J
449737,B,J
449741,A,J
449732,B,J
449719,A,J
449708,B,J
449548,D,J
449705,B,J
449677,B,J
449672,A,J
448612,B,J
449657,A,I
449646,B,J
449546,B,J
449386,C,J
449610,C,J
449554,B,J
449587,A,J
449577,C,I
446350,B,J
449565,C,J
449325,E,I
361295,C,J
449313,D,J
449556,E,J
449516,C,J
449526,D,J
449371,D,J
449428,C,I
449365,B,J
449345,B,J
449363,A,J
449344,F,J
449337,B,J
449310,E,J
449306,C,J
449299,C,I
449275,C,J
449282,C,J
449296,B,J
449253,B,J
449172,A,I
449241,A,J
448701,D,J
448825,B,J
449212,B,J
449165,B,J
448265,D,I
447361,B,J
449108,C,J
449093,B,J
448888,E,J
448944,A,I
422956,C,J
448916,A,J
448884,E,I
448835,B,J
448819,B,I
448786,B,J
448779,D,J
448316,B,J
448752,A,J
448721,B,J
448720,C,J
448655,C,J
448584,B,I
438283,B,J
441132,B,J
448514,C,J
448517,A,J
448453,B,J
388115,C,I
448433,C,J
418548,D,J
437325,B,J
448400,C,J
448376,D,J
446882,C,J
448343,F,J
448348,C,I
448344,D,J
448327,D,J
448334,A,J
448322,B,J
448323,E,J
448326,C,I
446423,B,J
446661,E,I
448303,B,J
445914,B,J
446466,D,J
448230,B,J
448280,D,I
448231,B,J
448219,C,J
445499,C,J
448206,B,J
448164,A,J
448168,B,J
448139,C,J
448111,E,J
448110,A,J
448043,B,J
447941,B,J
448058,D,J
448055,B,J
447472,C,J
434007,B,J
447709,B,I
448005,A,J
447574,B,J
373880,B,J
447971,A,I
447062,C,J
447950,C,J
447070,A,J
447932,A,J
447890,B,J
445938,C,J
447924,B,J
447920,C,I
447273,A,J
447491,A,J
447858,B,I
447851,C,J
447849,A,J
447810,B,J
447820,D,I
447792,A,J
447788,C,I
447761,A,J
447737,E,J
447285,D,J
447666,C,J
447596,B,J
447578,B,J
447571,C,J
447423,F,J
447558,C,J
447541,C,J
447174,C,J
447490,B,J
447475,B,I
447470,A,J
447457,D,I
447444,A,J
447431,B,J
447413,A,J
447417,B,J
447394,C,I
447369,D,J
447028,D,J
446429,B,J
447294,D,J
447281,A,J
446810,C,J
443237,C,J
447194,B,J
447196,E,I
447139,B,J
447140,A,J
447132,B,J
447122,B,J
447108,A,J
444444,D,J
447064,C,I
447050,A,J
447035,D,J
446499,D,I
443178,C,J
447032,C,J
447026,A,J
416212,B,J
446415,A,J
445182,C,J
446889,E,J
446879,B,I
389965,B,J
446873,A,J
446866,C,I
446864,B,I
446490,C,J
446823,A,J
446794,C,J
446792,A,J
446787,B,J
446726,A,I
446673,A,J
400248,D,J
416615,A,J
446481,C,J
446474,D,J
446461,B,I
441792,A,J
445664,D,J
446097,A,J
446171,A,J
446346,E,I
446340,D,J
446332,C,J
429404,B,J
446300,C,J
446277,E,J
446257,D,J
446223,C,J
446224,A,J
445808,D,J
446211,D,J
445702,A,J
446167,C,J
446201,A,J
446193,A,J
446011,B,I
445846,A,I
440545,F,I
445885,B,J
446121,C,J
445927,A,J
446098,D,J
446075,B,J
443054,D,I
446034,D,J
445877,D,J
445996,B,J
445203,B,J
446014,C,J
390078,D,J
445995,C,J
445989,C,J
445988,A,J
441028,B,J
445931,A,J
445933,E,J
360677,B,J
445902,B,J
445883,C,J
445524,C,J
445845,A,J
445484,C,J
445838,D,J
444563,F,J
443151,C,J
445819,B,J
445820,A,J
445804,A,J
445295,D,J
445768,B,J
445765,D,I
445762,B,J
445760,A,J
445734,D,J
445728,B,I
445706,A,J
436825,C,I
445694,B,J
445445,B,J
445388,A,I
444234,B,I
445491,C,J
445485,C,J
445480,B,J
445472,B,J
441435,D,J
445465,C,I
440108,B,J
415465,C,J
435196,A,J
444881,A,J
445345,D,J
445340,B,I
445339,F,J
445323,C,I
445312,B,J
445282,B,I
445289,B,I
445271,A,J
445279,D,I
444904,E,J
441016,D,J
445164,B,J
445247,C,J
445214,D,J
445168,D,J
445201,D,J
445199,B,J
444862,A,J
445134,A,I
444846,B,J
442140,D,I
445091,C,J
445083,C,I
445007,C,J
445060,B,I
443719,C,J
444835,A,J
444991,A,J
444997,D,J
444960,B,J
444972,D,J
444950,A,J
444944,D,I
444914,D,J
444908,C,J
444907,B,J
444900,C,J
444901,E,J
444886,C,J
444884,B,J
444870,A,J
444810,B,J
443671,C,I
444831,D,J
368469,B,J
444805,B,J
444786,A,J
444739,B,J
444732,D,J
444692,A,J
430697,C,J
444657,C,J
444665,D,J
444605,C,J
444280,B,J
444618,A,J
444596,B,J
444594,D,J
444583,D,J
444575,B,J
444554,C,J
443913,C,J
444466,A,J
444504,C,J
444498,A,J
444496,E,J
444464,A,J
443279,A,J
444478,B,J
444440,A,J
444435,D,J
444436,B,I
444428,D,J
443838,B,J
444372,C,J
444343,B,J
444223,A,J
444208,B,J
444243,A,J
443553,B,J
444197,B,J
444193,C,J
444186,D,I
440548,A,J
444119,C,J
444165,C,I
441896,A,J
441414,D,J
444122,B,I
444077,B,J
441540,E,J
444037,E,J
443938,B,J
444020,D,I
444021,C,J
444013,B,J
443991,E,J
443983,C,J
443972,D,J
443926,C,J
443923,C,J
443918,A,J
443878,E,J
443859,A,J
380278,F,J
443834,A,J
443827,B,J
443826,B,J
443796,B,J
443823,B,J
443815,B,I
442830,E,J
443305,A,J
443770,B,I
443735,A,J
442990,B,J
443736,B,J
443492,A,J
441345,A,I
443682,B,J
443638,A,J
443627,B,I
443526,B,J
443318,C,J
421544,B,J
443099,A,J
443530,F,J
443503,B,J
442982,A,J
443475,B,J
443452,C,J
443451,B,J
441460,E,J
443419,B,I
443444,E,J
443433,B,J
440058,B,J
443398,B,I
443397,C,J
443376,C,I
443361,B,I
441983,E,J
442232,B,J
442421,B,J
443297,A,J
443292,B,J
443272,F,J
442771,B,J
443262,D,J
443239,B,I
443215,B,J
443206,B,J
441617,D,J
443194,C,J
443197,A,J
430205,B,J
443055,B,J
443126,C,J
443110,C,I
69001,A,J
432225,C,J
443101,B,J
443100,A,I
442069,C,J
443016,C,J
442992,B,J
443000,C,J
442993,B,I
442984,A,J
442767,C,J
442958,A,J
442128,C,J
442884,C,J
442801,C,J
442869,B,J
442853,C,J
442791,B,J
442807,B,J
442775,B,I
442661,B,I
442691,D,J
395073,C,J
441831,C,J
442405,B,J
442512,E,J
442500,B,J
442492,C,J
442478,B,J
442471,B,J
442354,D,I
442337,C,J
442368,B,J
442381,C,J
442355,B,J
442326,C,J
442290,A,J
442271,E,J
439472,A,J
441665,C,J
441278,B,J
442247,A,J
441826,B,J
442216,E,I
442206,C,J
442205,G,I
442191,A,J
442183,A,J
442147,C,J
442145,B,J
442115,B,J
442105,A,J
59006,C,J
442093,B,J
442052,B,J
441182,B,J
442016,B,J
441976,B,J
441858,C,J
441999,C,J
442000,D,I
441972,B,J
441909,C,J
441568,A,J
441885,C,J
441857,A,J
441784,G,I
441807,B,J
441817,A,J
441806,B,J
433322,A,J
441787,C,J
441697,B,J
441727,A,J
441719,A,J
441717,B,J
440695,B,J
441615,B,J
441601,B,J
441550,C,J
441485,B,I
441476,B,J
441457,B,J
437929,A,J
441340,D,J
441419,D,J
441046,B,J
441399,A,J
441369,C,J
441359,D,J
441290,E,I
441286,C,J
441262,D,I
441257,C,J
441251,B,J
440924,C,J
441178,B,I
441198,B,J
441061,C,J
417251,A,J
440154,A,I
441121,B,J
439788,B,J
441042,F,J
441041,C,I
441032,C,J
441025,A,J
440980,A,J
440971,C,J
440908,E,J
440946,D,J
440821,B,J
440817,A,J
440814,B,I
440759,A,J
440758,B,J
440756,C,J
440505,B,J
437399,B,J
440704,A,J
440660,C,J
440658,A,J
440627,D,I
440642,C,J
376658,C,I
440482,A,J
440606,C,J
440598,A,J
440579,D,I
440500,A,I
435180,D,I
440491,B,J
440483,A,J
440469,B,J
440424,A,J
435210,C,J
413385,C,J
440371,D,I
440285,A,J
440338,B,J
439530,C,J
440324,D,J
440300,B,J
440293,B,J
440243,B,J
440240,C,J
440219,B,J
438597,A,J
439981,F,J
439548,A,J
440023,B,J
440134,B,J
438443,A,J
439366,A,J
439875,E,J
439952,D,I
432853,D,J
439927,A,J
439879,A,J
439566,D,J
433848,B,J
439837,C,J
439778,A,J
439787,E,I
439700,C,J
439782,D,J
439766,B,J
439749,C,J
425051,D,I
439703,B,J
439689,D,J
439451,E,I
439477,B,J
439524,A,J
439686,D,J
439669,A,J
439667,B,J
439664,B,J
439656,B,J
439646,A,J
439641,E,I
439625,B,J
439604,A,J
439575,D,J
439600,B,J
439583,D,I
439505,B,J
439564,D,J
439550,B,J
439561,D,J
437224,A,J
439362,D,J
439535,B,J
439465,B,J
439523,B,I
439501,C,J
439493,B,I
439114,B,J
439482,B,I
439480,A,J
439467,A,J
439410,B,J
439421,A,J
439407,A,J
437508,B,J
439369,E,I
439344,D,J
439268,B,I
439301,C,J
439291,B,J
439288,C,J
439264,A,J
439226,B,J
410422,C,J
439227,B,J
439148,B,J
439205,A,J
437605,A,J
439007,C,J
438044,D,J
439146,A,J
438878,B,J
439131,A,J
439132,C,J
439124,B,J
438873,A,J
439070,B,J
439119,B,J
439103,B,J
439077,B,J
437782,B,J
383762,B,J
434295,B,J
438894,C,J
438996,A,J
438984,A,J
438977,C,J
438965,C,J
438923,A,J
438922,A,J
438895,A,J
438885,B,J
438882,A,J
438869,A,J
438863,C,I
438804,C,J
438794,A,J
436914,C,J
438778,C,J
438765,A,I
438763,A,J
438759,C,J
438753,B,J
393617,C,I
438732,C,J
438571,C,J
438724,D,J
438694,A,J
438692,A,J
438676,C,J
437890,A,J
438660,C,J
407124,A,I
438637,A,J
438614,A,J
438605,A,J
438513,B,J
438531,A,J
438333,A,J
438501,A,J
438452,B,J
438446,E,J
438442,A,J
362396,C,J
438410,B,J
438418,A,J
438411,B,J
438256,B,I
438345,E,J
438332,D,J
438273,C,J
438271,C,J
438244,E,J
438233,B,J
438223,C,J
438224,F,I
436873,B,J
438208,A,J
438203,A,J
438165,C,J
438155,D,J
438150,E,J
438145,A,J
438125,C,J
438070,D,J
438069,A,J
438035,D,J
438024,A,I
437992,C,J
437778,D,J
437999,C,I
437982,B,J
437977,A,J
437927,C,J
430078,B,J
437959,A,J
437948,B,J
437951,E,I
437935,C,J
437930,B,J
437894,C,J
437923,D,J
437915,A,J
437870,C,J
437852,B,I
437821,C,J
381694,B,I
408181,C,I
437795,A,J
385769,B,I
437769,C,J
437237,B,J
437751,C,J
437707,A,J
437684,B,J
437498,C,J
437589,A,J
437580,A,J
437150,A,J
437519,A,J
437330,B,J
437507,D,J
437323,A,J
436231,B,J
437422,C,J
437386,A,J
437401,A,J
427342,C,J
436420,A,J
437307,C,J
432185,A,J
437284,B,J
437221,B,J
436852,A,J
437167,C,J
437200,A,I
436438,B,J
431170,C,J
437160,F,J
435350,A,J
437129,C,J
437119,C,J
436995,B,J
436953,A,J
436955,A,J
436519,B,J
65426,B,I
436925,A,J
436924,A,J
436567,E,J
436915,B,J
431113,A,J
436271,E,J
436891,C,J
436275,C,J
436062,B,J
436877,C,J
433409,B,J
422008,B,J
436807,D,J
435962,A,J
436709,E,J
436687,A,I
436649,F,J
436449,D,J
436584,A,J
436579,C,I
436551,E,J
436556,B,I
436358,A,J
433014,B,J
436481,A,J
436479,B,J
436466,B,J
435975,A,J
436433,B,J
436294,B,J
436389,B,J
434456,B,J
436364,A,J
435864,C,J
436320,B,J
435305,B,J
436279,A,J
436278,C,J
424104,B,J
436243,A,J
436240,B,J
434858,C,J
432184,B,J
384157,A,J
431198,D,J
436215,C,I
436117,A,J
422630,B,J
436222,D,J
436178,D,J
386188,E,J
414608,A,J
426389,A,J
436152,A,J
436141,B,J
350904,C,J
435614,B,J
372947,B,J
436078,A,J
436061,C,J
436027,A,J
436032,B,J
436018,C,J
435987,B,J
436010,B,I
435974,A,J
435969,B,J
435960,E,J
435953,C,J
435946,B,J
435909,A,J
435921,C,J
435880,E,J
433800,D,J
435871,C,I
434239,B,J
435800,B,J
435681,D,J
435815,A,J
435813,A,J
435798,A,J
435771,C,J
435743,A,J
435619,C,J
435468,C,J
435440,C,J
435618,D,J
435606,B,J
435612,E,J
435588,E,J
435561,B,J
435549,C,J
435539,A,J
434106,B,J
435005,A,J
435522,B,J
435412,B,J
435495,F,J
435460,A,J
435438,A,J
429311,D,J
435240,B,J
435385,B,J
432200,A,J
435307,D,J
435384,D,J
435363,B,J
435338,D,J
435322,B,J
434459,D,J
435289,E,J
434778,A,J
435238,B,J
435217,B,J
418566,B,J
435184,B,J
435170,C,J
435158,A,J
435142,B,J
431035,B,I
435117,C,J
435064,E,I
434985,B,J
435039,C,J
434993,B,J
435004,B,J
434023,B,J
434919,A,J
434971,B,J
434975,B,J
434092,C,J
434850,A,J
434932,B,J
434914,A,J
434591,A,I
434822,E,J
434811,B,J
434797,B,I
434740,C,J
434585,D,J
431155,A,J
434625,E,J
434616,C,J
434612,B,J
434611,A,J
434607,A,J
434596,B,J
434530,E,J
434545,A,J
434549,B,I
434540,A,J
434489,C,I
434386,D,J
434370,B,J
434368,A,J
434340,F,J
434336,D,J
434317,D,J
434309,B,I
433988,A,J
434277,A,J
433450,A,J
434265,C,J
434223,B,J
434244,D,J
434197,E,J
434070,C,J
434191,A,I
434190,B,J
434189,B,J
434185,A,J
402791,C,J
434155,B,I
434143,B,J
434125,B,J
434127,A,J
434022,A,J
434074,B,I
434076,D,J
434063,C,J
434055,E,I
434050,C,J
434021,B,I
433996,D,J
433989,A,J
433976,C,J
433467,A,J
433954,C,J
429363,A,J
433950,B,J
433943,C,J
433904,D,I
433890,A,J
433888,B,J
433869,D,J
433837,A,J
433832,D,I
433822,B,J
433717,A,J
433777,C,J
433767,B,J
433761,B,J
433725,B,J
433364,A,J
433667,C,J
433659,B,J
433594,E,J
433598,D,J
433589,B,J
433581,B,J
433549,C,J
433496,A,J
433495,A,J
427621,A,J
431997,B,J
433469,C,J
433133,B,J
433448,C,J
393361,A,J
432850,A,J
433423,A,J
433336,A,J
433371,B,J
430963,C,J
431881,A,J
433218,B,J
403974,D,J
433231,B,J
433310,A,J
433320,D,J
433128,A,J
433311,A,J
433304,B,J
433245,C,I
433290,C,I
428982,C,J
433213,C,J
429637,C,J
433202,D,J
378406,E,J
433180,B,J
433106,C,J
433166,D,I
433155,B,J
433152,B,J
433144,B,J
433141,C,J
433142,B,J
432854,D,J
433101,B,J
430262,C,J
432831,D,J
433080,C,J
433078,E,J
429586,B,J
433040,C,J
433053,B,J
433031,B,J
432985,B,J
432988,B,J
428433,E,J
432311,C,J
432929,E,J
432863,C,J
432923,A,J
432918,B,J
432820,C,I
432778,C,J
432747,D,J
432774,B,J
432775,C,J
432771,A,J
432766,A,J
432057,B,J
431924,C,J
432711,B,J
431602,E,J
431832,B,J
432657,A,J
432642,C,J
432410,A,J
426909,D,J
432628,A,J
431597,A,J
432604,A,J
432592,C,J
432551,B,J
432574,C,I
432571,A,J
432554,A,J
432558,D,J
431418,C,J
432324,B,J
432494,A,J
432493,C,J
432491,D,J
391509,E,J
432469,B,J
432427,A,J
432417,B,J
432404,B,J
432399,B,J
425556,B,J
430033,B,J
416647,F,J
432376,A,J
432377,D,J
424945,A,J
432365,B,J
432335,B,J
429090,B,J
431443,C,J
429733,B,I
432293,B,J
432229,A,J
432227,B,J
432264,E,J
432271,A,J
431712,C,J
430976,A,J
432230,C,J
410505,B,J
429886,B,J
432182,C,J
432105,C,J
432100,C,J
432064,A,J
432058,B,J
432048,B,J
430767,B,J
432011,C,J
431559,A,J
431935,C,J
431934,D,J
425533,B,J
431806,C,I
431785,B,J
431744,B,J
431215,D,J
431678,C,J
431672,A,J
431643,B,J
431631,B,J
431288,D,J
431496,C,J
404992,E,J
431478,C,J
431433,B,J
431408,A,J
431299,B,J
423819,B,J
431302,C,J
431294,A,J
431261,C,J
428172,A,J
431183,B,J
431106,C,J
431061,E,J
431097,A,J
431218,C,I
431200,A,J
431164,C,J
430667,A,J
431130,B,J
431119,A,J
431096,C,J
431081,C,I
431070,E,I
431032,D,J
426978,B,J
430989,B,J
430971,D,I
430962,B,I
430951,C,J
430924,B,J
430920,A,J
430916,C,J
430908,C,I
388543,A,J
430892,A,J
430886,C,J
430850,A,J
426526,E,I
430831,B,J
430804,E,J
430770,C,J
430755,A,J
430754,B,J
430735,A,J
430706,B,J
430633,A,I
430666,A,J
426198,B,I
430646,C,I
428763,A,J
430543,A,J
430534,A,J
430533,C,J
413899,B,I
430340,A,J
430405,D,J
430373,B,I
430330,G,I
430268,A,J
54734,B,J
430237,B,I
430204,A,J
425612,B,J
430019,C,J
430156,A,J
430139,A,J
430098,C,I
430091,C,J
429807,A,J
415654,C,J
430027,D,J
430026,B,J
429999,B,J
430012,B,I
430011,C,J
429994,A,J
427746,B,J
429971,A,J
429749,B,J
429897,C,J
429605,B,J
429795,E,J
429906,B,J
429330,A,J
429812,A,J
429806,B,J
399343,D,J
429779,E,J
429700,B,J
429770,C,J
429748,D,J
429543,A,J
429701,D,J
429696,F,I
429686,B,J
426386,F,J
429669,D,J
429638,B,J
429344,B,J
429634,C,J
429622,E,J
429601,B,J
429574,C,J
429572,C,I
429555,F,J
429535,C,J
429285,D,J
429515,C,J
429512,C,J
429510,D,J
428899,C,J
429466,A,J
429374,B,J
429347,B,J
429357,B,J
428885,C,J
429324,B,J
429313,B,J
429315,E,J
429277,D,J
428954,B,J
429255,B,J
429234,A,J
429228,A,J
429223,B,J
428324,C,J
429209,D,J
428321,A,I
429159,B,J
429170,B,J
429147,C,J
422987,C,J
429126,G,I
429097,A,J
429085,D,J
411973,C,J
429010,C,J
428987,B,J
429003,A,J
428469,A,J
428175,C,J
427893,A,J
428884,C,J
428880,C,J
428879,C,J
428839,C,J
428806,D,J
428673,C,J
428646,B,J
428601,E,J
428528,D,J
428529,B,J
428482,D,J
428462,C,I
428460,A,J
396422,C,J
428451,C,J
428300,B,J
428387,C,I
428308,B,J
428292,B,J
428179,D,I
428231,B,J
424326,A,J
388952,F,J
428121,C,J
428105,E,J
428096,C,J
426886,C,J
428085,B,J
428080,D,J
428069,A,I
423552,A,J
427928,B,J
426770,B,J
422943,E,J
427989,D,J
427979,C,I
425768,B,I
427315,B,I
427918,B,J
425921,C,I
427875,C,I
427567,B,J
427860,A,J
427619,D,J
427814,A,J
427725,C,I
427779,B,J
427810,F,J
427719,B,J
427765,B,J
427666,A,J
427721,A,J
427684,C,J
427685,C,J
427675,D,J
427662,A,J
427035,A,J
427548,C,J
427276,C,J
427415,F,J
427370,A,I
426985,C,J
427358,A,J
427356,A,J
427339,B,J
427337,A,J
427324,C,J
427135,C,J
427298,B,J
427265,D,J
427267,C,J
427048,A,J
427067,C,J
427070,B,I
427063,D,J
427030,B,J
426599,C,J
426795,A,J
426963,B,J
413897,C,J
404785,A,J
412050,C,J
426918,B,J
426414,A,J
426858,B,J
426845,A,J
392323,D,J
426832,C,J
426837,D,J
426666,B,I
426749,A,J
426591,A,J
426673,E,J
426626,C,J
426632,B,J
426544,B,J
425200,D,I
426215,C,J
426500,A,J
426395,B,J
426375,C,J
426331,F,J
426329,C,J
426237,C,J
421352,A,J
426158,C,J
426065,D,I
426042,D,J
426037,B,J
426031,D,J
425935,A,J
425906,A,J
425787,D,J
423971,A,J
425901,C,I
425898,B,J
415345,C,I
425763,E,J
425642,A,J
423412,B,J
425618,A,J
425621,A,J
425539,A,J
425514,C,J
425494,E,I
425464,A,I
425402,A,J
425279,A,I
425348,C,I
425290,B,J
425235,A,J
424016,B,J
425243,B,J
425187,C,I
424898,A,J
425079,B,J
425000,A,J
424625,B,J
423311,B,J
416767,C,J
423668,B,J
424922,A,J
407125,D,J
424882,C,J
424881,B,J
424873,B,J
424804,B,I
424783,D,J
424644,C,I
424737,B,J
424617,B,J
424676,C,J
424568,C,J
424206,C,J
424513,B,J
424471,C,J
422740,C,J
424124,B,I
424384,A,J
424370,A,J
424360,B,J
422759,A,J
424334,D,J
411199,B,J
424281,A,J
424311,B,J
424298,B,I
424291,B,J
423498,C,J
424125,C,J
423648,B,J
423930,A,J
424008,A,J
423983,A,J
423965,B,J
423936,B,J
423935,A,J
423349,B,J
423859,D,J
423840,A,J
421659,A,J
421740,C,J
423672,B,J
423781,D,J
423778,B,J
423720,A,J
419127,D,J
423064,C,J
423315,A,J
423711,A,J
423695,G,J
423684,E,I
423658,C,J
423555,C,J
423633,B,I
423544,B,J
423468,C,J
415767,C,J
422385,A,J
398643,B,J
423556,A,J
413365,B,J
423543,B,J
423525,E,J
423366,F,J
423436,C,J
421034,B,J
423396,C,J
423316,E,I
423307,C,J
423195,A,J
422289,C,J
423192,C,J
423109,A,J
423044,D,J
422979,C,J
422411,A,J
422880,B,J
422937,A,J
422420,B,J
422873,B,J
416914,C,J
421706,A,J
422847,C,J
422806,A,I
421933,C,J
422611,A,J
422456,B,J
422681,A,J
422730,A,J
422701,C,J
419326,B,J
422694,C,J
422689,D,J
422667,E,J
422609,B,J
422201,C,J
422522,A,J
422481,A,J
421221,D,J
422455,C,I
422412,F,I
420579,A,J
422374,A,I
422379,D,J
422338,A,J
422328,A,J
422033,B,J
422307,B,J
420068,A,J
422275,B,J
417841,A,J
422205,C,J
422190,D,J
421145,B,J
422064,D,I
422004,B,J
421980,A,J
421971,F,J
421959,A,J
421940,D,J
421927,C,J
421847,G,I
401578,A,J
421783,A,J
421683,C,I
421651,B,I
421473,B,J
421628,C,J
421555,B,J
421529,C,J
421533,A,J
421501,C,J
421492,C,J
421483,B,J
420227,A,J
421455,D,J
421442,D,J
421428,A,J
421402,A,J
421382,C,J
421379,A,J
421374,B,J
421316,B,J
417418,B,J
421287,B,J
421274,B,J
421211,B,J
421182,A,J
401782,B,J
421134,B,J
421115,D,J
417153,B,J
421049,A,J
421063,F,J
420941,B,J
377472,A,J
420890,E,J
420841,E,J
420832,A,J
420739,A,J
420718,E,J
420612,A,J
420675,D,I
420667,B,J
420652,B,J
420313,G,J
420601,C,J
420104,B,I
420536,B,I
420550,A,J
420490,B,J
420464,A,J
420457,G,I
420411,D,I
419949,A,J
420336,D,J
420276,B,J
418348,B,J
358695,A,J
420220,D,J
419142,B,J
420101,B,J
420050,G,J
420049,B,J
403739,B,J
419591,C,J
419827,G,J
419816,B,J
418702,A,J
411129,D,J
372239,C,J
419638,C,J
419128,B,J
419617,B,J
419505,B,I
391152,E,J
419504,B,I
419236,A,J
419110,B,J
418994,E,J
419047,C,J
419076,C,J
402075,C,J
419040,C,J
419037,A,J
417238,A,J
418983,A,I
418963,D,J
418875,B,J
418835,A,I
418809,B,J
417288,D,J
418698,D,J
418395,B,I
418644,A,I
417817,B,I
416365,B,J
418586,A,J
418546,E,I
413524,B,J
418522,A,J
418498,B,J
416794,B,J
418421,C,J
396604,C,J
418418,C,I
418383,B,J
418217,B,I
418216,A,J
418208,D,J
382516,E,J
417166,C,J
418061,A,J
418000,C,J
417992,A,J
417683,A,J
417986,G,J
417907,C,J
417848,B,J
417865,C,J
417855,C,J
417850,A,J
417842,B,J
417715,C,J
415292,B,J
417609,C,J
417652,B,J
390572,D,J
417627,A,J
417587,C,J
417531,C,J
417536,C,J
417234,C,J
417386,C,J
411341,A,J
416793,A,J
417432,B,J
417391,B,J
417327,A,J
417291,D,J
416916,B,J
416717,A,I
417127,B,J
417093,A,J
417083,C,J
417064,A,J
417046,B,J
415658,C,J
416997,C,J
416856,A,J
416558,C,J
416897,D,I
416850,B,J
416846,A,J
416831,E,I
416369,B,J
416813,B,J
416753,B,J
416736,A,J
416656,B,J
416649,C,J
416575,B,J
409840,B,J
416498,C,I
416486,B,J
416415,A,J
415855,A,J
416355,B,J
416154,A,J
416277,B,J
411487,B,I
416239,C,I
416197,A,J
416176,C,J
415990,B,J
415746,E,J
377886,C,J
416022,A,J
415886,B,J
416002,A,J
416011,B,J
415924,C,J
415899,A,J
415878,B,J
415811,A,J
415801,A,J
415631,D,I
415585,B,J
415594,C,I
415593,A,J
415565,A,J
408419,A,I
411093,A,J
415553,B,I
407969,C,J
408085,B,J
414951,B,J
415485,B,J
415351,B,J
415281,A,J
414465,B,I
415315,B,J
414134,D,J
414995,C,J
415129,C,I
415094,A,J
415071,C,J
414971,B,J
414952,B,J
414574,D,J
414852,A,J
414670,A,J
414714,B,J
414513,D,J
409146,B,J
414233,B,J
414481,D,J
413809,A,J
414483,B,J
413964,B,J
414452,B,J
413777,B,J
414410,A,J
414409,B,J
414363,A,J
414320,B,J
414326,A,J
414165,A,J
414189,B,J
413655,A,J
412292,B,J
414231,A,J
413556,C,J
414162,C,J
414112,B,J
414110,C,J
414047,B,J
414021,B,J
414017,A,J
413990,D,I
413761,C,J
413978,E,J
413920,B,J
413731,D,I
413725,C,J
413718,B,J
413720,A,J
408782,B,J
413663,C,J
411549,B,J
413227,D,J
413454,A,J
413452,D,J
412331,A,J
412144,C,J
413237,A,J
412583,B,J
412999,D,J
413261,B,J
413254,B,J
413229,F,I
411425,D,J
413088,A,J
413070,B,J
401572,D,J
413036,C,I
413026,C,J
413003,D,J
413010,D,J
412882,A,J
412846,B,I
412731,B,J
403004,C,J
412585,A,J
412567,B,J
412148,C,J
375929,A,J
405559,B,J
412345,B,J
412350,B,J
411201,B,J
412034,C,J
412246,D,I
412217,B,J
411992,B,J
411880,A,J
411775,D,I
411809,C,J
411759,C,I
411439,B,J
411755,C,I
411653,C,J
410564,A,J
411492,B,J
411483,C,J
411236,B,J
411444,B,J
411440,B,J
411282,C,J
411258,C,I
411220,B,J
411160,C,J
410010,B,J
411092,A,J
408958,B,J
408248,D,J
409527,C,J
382113,A,J
410780,B,J
372817,B,J
410762,A,J
407368,A,J
410670,B,J
408012,A,J
406210,B,J
410582,C,J
410558,B,I
409507,A,J
405520,B,J
410435,B,J
409769,C,J
409062,C,J
410399,A,J
410304,B,J
410267,B,J
408236,A,J
410236,C,I
398255,B,J
410208,B,J
410093,C,I
410080,B,J
410040,C,I
388347,C,J
405243,D,J
409986,C,J
409963,B,J
409975,A,J
409925,A,J
409892,B,J
408322,B,J
409250,A,J
403630,B,J
409767,D,J
409754,D,J
409658,A,J
409611,B,I
409616,B,J
409629,A,J
376737,A,J
409593,C,J
409561,B,I
409429,C,J
409503,C,J
406336,C,J
409473,B,J
409452,B,J
409404,C,J
409356,D,J
409378,D,J
405415,B,I
404057,B,J
409191,B,J
409181,D,J
409173,C,J
407571,C,J
409001,B,J
408983,B,J
408965,A,J
408948,B,J
406383,C,J
408844,C,J
408835,B,J
408833,A,J
408511,C,I
408728,B,J
403469,B,J
406358,C,J
408673,C,J
408655,A,J
408640,C,I
408617,B,J
408571,A,J
408542,B,J
408485,A,J
408508,B,J
408383,B,J
408378,A,J
408353,A,J
407128,B,I
408286,B,J
408290,A,J
408280,E,J
408209,C,J
408192,C,J
408191,B,J
408156,C,J
408144,C,J
405898,A,I
404982,C,J
405008,B,J
407929,C,J
406148,A,J
407956,C,J
407905,A,J
407823,B,J
407794,C,J
407782,B,J
407758,C,I
407756,B,J
407725,B,J
407724,E,I
407684,B,J
407678,D,J
407423,B,J
407572,E,J
405050,C,J
407536,B,J
407542,B,J
406212,B,J
407411,C,J
407386,C,J
404953,A,J
407315,C,J
407304,C,J
407278,A,J
407280,A,J
407166,D,J
406054,A,J
407123,C,J
405494,B,J
406815,C,J
392172,C,J
406781,A,J
406896,C,J
406894,A,J
405985,A,J
406825,B,J
406834,A,J
406759,B,J
403806,A,J
406643,C,I
406634,C,J
404247,A,J
406521,B,J
405303,B,J
406463,B,J
406456,A,J
406329,A,J
406232,A,J
406340,F,J
405980,B,J
406279,A,J
406261,C,J
406251,B,J
406211,A,J
406135,B,J
406126,E,J
400046,A,J
406081,B,J
406072,B,J
406068,B,J
403292,C,I
406071,D,J
406033,A,J
405486,B,I
405994,E,J
402415,C,J
405960,B,J
405963,D,J
405907,C,J
405894,C,I
405840,A,J
405577,C,J
402638,C,J
389526,C,J
405759,A,J
405708,B,J
405703,A,J
403934,B,J
404310,C,J
405651,B,J
405492,C,J
405608,B,J
405602,B,J
405571,D,J
405167,C,J
405365,B,J
404561,B,J
405274,B,I
404922,A,J
404683,C,J
401205,A,J
405124,B,J
404765,C,J
405044,D,I
405046,A,J
405031,C,J
382458,C,J
404987,A,J
404976,B,J
404966,A,J
404321,C,I
393476,C,I
404944,B,J
404870,B,J
404854,A,J
404814,A,J
404709,B,J
404663,B,J
404601,B,J
404575,A,J
404491,B,J
404500,A,J
404492,B,J
404448,C,J
404413,A,J
404375,C,J
404361,B,J
404353,B,J
404305,D,J
404245,A,J
404152,D,J
404148,D,J
399988,B,I
375149,D,I
403997,C,J
403955,A,J
403953,B,J
403941,E,J
403890,B,J
403896,B,I
403892,B,J
401530,B,J
400900,B,I
402203,B,J
403199,B,J
403548,B,J
403534,D,J
403526,B,J
403442,C,J
403400,A,J
403369,C,J
391128,C,J
403285,A,J
399868,A,J
403101,C,J
403091,B,I
403018,A,J
402979,B,J
402988,C,J
402728,B,J
402873,B,J
402839,B,I
402826,B,J
402807,B,J
402800,C,J
402765,D,J
402690,A,J
393310,C,J
402600,C,J
400254,A,J
402219,B,I
402555,C,J
401775,A,J
402568,D,I
402561,B,I
402483,B,J
402131,D,J
402547,B,J
402478,C,J
401719,C,J
401614,C,J
402318,B,I
402079,C,J
401374,B,J
402067,B,J
402045,A,I
402034,A,J
402012,B,J
400910,B,J
401867,B,J
401856,B,J
388719,C,I
401829,A,I
401326,A,J
401657,C,J
401678,B,J
401317,A,I
401630,A,I
401608,B,J
401439,A,I
381739,D,I
395896,B,J
401371,B,J
401361,C,J
401281,B,J
401264,C,J
401199,C,J
401175,C,J
381680,D,J
401137,B,J
393313,A,J
401073,B,I
380243,A,J
401026,B,J
400872,C,J
400532,B,J
400775,C,J
400818,D,I
400783,B,J
400773,B,J
400749,B,J
400761,A,J
400735,B,J
400693,B,J
400652,A,J
400653,D,J
400658,C,J
400650,C,J
400634,A,J
400607,A,J
399481,A,J
400534,B,I
400406,B,J
400393,A,J
398740,A,J
400323,B,J
400238,C,J
400190,A,J
400097,B,J
398469,C,J
400034,C,J
400049,B,J
400060,B,I
396081,A,J
399973,B,J
391603,A,J
399588,A,J
399917,C,I
399855,D,J
399817,A,J
399604,A,J
399674,A,J
391445,B,J
399616,C,J
399691,B,I
399645,C,J
399590,B,J
399592,B,J
398358,C,J
399472,B,J
399423,A,J
398104,C,J
399365,C,J
399319,A,J
395712,D,J
398779,D,J
399085,F,J
389138,C,I
398891,B,I
398822,C,J
398812,A,J
398765,A,J
398737,E,J
398711,C,J
398687,E,J
398605,A,J
395226,A,J
398556,A,J
398549,C,J
398306,A,J
398516,A,J
398466,A,J
397366,B,J
398355,C,J
394284,C,J
398295,D,J
398116,A,J
398197,C,I
396135,B,J
398139,A,J
398134,C,J
398062,F,J
397941,C,J
398070,C,J
398064,C,I
397964,E,I
397574,A,J
397943,A,J
397200,A,J
397769,C,J
397660,B,J
397651,C,J
397594,F,J
397518,B,J
397504,B,J
396085,F,I
397457,D,J
397415,D,J
397394,A,J
397354,A,J
394898,A,J
397316,E,J
397191,B,J
395081,C,J
397142,C,J
397110,C,J
396505,A,J
397112,C,J
396124,B,J
396915,D,J
396913,D,J
396914,C,I
396139,C,I
396404,D,J
396644,A,J
396631,A,J
396521,A,J
396590,A,J
396548,C,J
395566,A,J
396532,A,J
396522,B,J
395185,A,J
396285,C,J
395897,C,J
396154,E,J
396145,D,J
395220,A,J
395663,C,J
395968,A,J
394884,D,J
395115,A,J
395902,A,J
395888,A,J
395876,C,J
395879,C,J
395778,E,J
393440,B,J
395645,B,J
395717,B,J
395125,C,J
395683,A,I
395677,A,J
395659,A,J
395653,B,J
395633,D,J
395627,A,J
385106,D,I
395560,C,J
395540,B,J
395539,D,J
395514,E,J
395353,A,J
388426,A,J
395348,E,I
395295,B,J
395277,A,J
395272,C,J
395230,C,J
394426,E,J
395179,C,J
395180,C,J
394333,C,J
395097,C,J
395093,D,J
394295,A,J
394381,A,J
394882,B,J
392887,D,J
394873,A,J
394930,B,J
394797,D,J
394840,B,J
394768,B,J
394696,B,J
390440,B,J
394523,A,J
394495,A,J
394458,B,J
394415,D,J
387655,A,J
394342,A,J
394329,E,J
394291,D,J
394254,B,J
393852,B,I
393847,B,J
393966,C,I
392513,C,J
392430,D,J
393640,C,J
393839,A,J
393800,A,J
393791,C,J
393264,A,J
392812,C,J
393680,E,J
393734,C,J
393690,C,J
393653,C,J
393601,D,J
390511,A,J
393387,E,J
393403,A,J
393180,D,J
374812,B,J
393491,D,J
393436,C,I
393419,A,J
393379,D,J
393287,A,J
392880,A,J
393228,A,J
393171,C,I
393167,D,J
393075,D,J
390985,B,J
392992,C,J
392932,D,J
392890,A,J
391892,A,J
392826,A,J
392814,A,J
392787,D,I
392788,C,J
392751,C,I
392748,E,I
392694,E,J
392670,A,J
392622,D,J
392602,A,J
391887,A,J
392575,E,J
390038,C,I
391872,F,J
392435,D,J
392378,D,J
392350,B,J
392340,E,J
392287,A,I
392293,D,I
391570,C,J
392195,C,J
392210,D,J
391751,D,J
391825,D,J
392041,C,J
392011,A,J
391993,D,J
391972,A,J
391904,B,J
390261,D,I
391877,B,J
391767,E,I
391560,C,J
391826,C,J
391804,A,J
391704,D,I
386587,C,I
387465,D,J
391659,F,J
391645,B,J
391635,D,J
391632,C,J
391605,A,J
391306,A,J
391591,C,I
391569,D,J
391525,A,J
390021,C,J
389701,D,J
391479,E,I
391438,D,J
389706,A,J
390651,A,J
390743,C,J
391348,B,J
388494,B,J
391319,D,I
390774,E,J
391203,C,J
391247,D,J
391230,D,J
391075,D,I
385028,D,J
391175,C,J
391173,D,J
390671,A,J
391135,C,J
391113,C,J
391087,E,J
391020,B,J
391078,B,J
391056,C,J
390765,A,J
391046,B,J
391013,E,I
390897,E,I
390865,A,J
390861,C,J
390849,A,J
383557,B,J
390720,C,I
390669,C,J
385925,C,J
387377,F,J
390660,B,J
390492,C,J
380731,D,J
381578,C,J
388341,C,J
390502,C,J
390554,D,I
390532,A,J
390508,C,J
390501,D,I
389846,A,J
390401,C,I
389184,A,J
390382,B,J
390347,C,J
390363,D,J
390172,C,I
389079,C,J
390322,C,J
390098,D,J
390015,C,J
390268,C,J
390255,D,J
390228,C,J
389118,D,J
390193,B,J
390205,C,J
390162,D,J
390169,D,I
390155,B,J
390159,D,J
390144,C,J
390139,A,J
390124,A,J
388725,D,I
390091,C,J
389788,D,J
390018,A,J
389660,B,J
389918,C,J
389885,E,J
389857,A,J
389501,D,I
389847,D,J
389844,C,J
388330,E,I
389784,B,J
389796,E,J
389765,D,J
389554,C,J
389741,F,I
389524,C,J
389730,C,J
387716,D,J
389724,A,J
389170,A,I
387827,A,I
389675,D,I
389650,A,J
389645,D,J
387587,A,J
389563,A,J
389199,A,J
389504,B,J
385832,C,J
389056,A,J
389498,A,J
389428,C,I
389399,D,I
388538,A,I
388587,D,J
389288,A,J
389294,E,J
389232,C,J
388991,B,J
389074,A,J
389021,B,I
389010,C,J
388996,E,J
389001,C,J
384913,C,J
388946,B,J
388927,C,I
382211,D,J
388912,E,J
388471,E,J
388500,A,J
388872,C,J
387100,D,J
388849,A,J
388832,E,J
388821,A,J
388777,E,J
388774,D,J
388771,C,J
388737,A,J
388731,A,J
388716,C,J
388701,C,J
388700,B,J
388582,D,J
388441,A,J
388382,C,J
388586,E,J
388591,C,J
381482,C,J
384200,C,J
388502,B,J
388497,E,J
388121,A,J
387912,A,J
388405,A,J
388417,C,I
388005,B,J
388222,C,J
388322,B,J
388289,C,I
387324,D,I
387784,D,J
388229,A,J
388170,A,J
388174,A,J
383155,A,J
386288,D,J
386710,C,J
387942,A,J
387931,D,I
387930,B,J
387566,B,J
387910,C,J
387209,D,J
387844,A,J
387823,C,I
387083,C,J
372211,C,J
387744,D,J
387759,C,J
386940,E,J
387602,D,J
387680,E,J
387672,E,I
387659,E,J
387634,B,J
386255,B,J
385786,D,J
387556,C,J
387512,A,I
387383,B,J
386975,D,J
387445,B,J
387439,B,J
387196,A,J
387344,D,J
384699,C,J
387426,E,J
385670,C,I
387285,C,J
373654,E,J
386544,A,J
387194,C,J
387195,D,J
387069,A,I
384722,E,J
387107,D,J
386541,A,J
386917,C,I
375771,A,J
387021,C,J
382077,C,J
386691,C,J
386939,B,J
386639,D,J
386404,C,J
386913,D,J
386793,D,I
386851,A,J
386455,C,I
386779,E,J
386719,C,J
386752,E,I
386737,A,J
372778,D,J
383934,C,J
386672,C,J
386605,C,J
386563,A,J
386495,C,J
386469,C,J
386450,C,J
386423,B,J
385259,A,J
386310,A,J
380295,C,J
386400,C,J
372510,A,J
386315,A,J
385796,A,J
386209,C,J
385950,A,J
386148,B,J
386136,D,J
386131,A,J
386055,C,J
386126,E,J
386100,A,J
386120,A,J
382452,C,J
386083,C,J
385688,C,J
383701,D,J
364559,E,J
382195,C,J
385969,A,J
385947,A,J
385924,A,J
385916,E,J
385809,C,J
385483,C,J
385860,B,J
385849,C,J
385834,D,J
385783,B,J
384283,E,J
385412,A,J
385691,E,J
385685,E,J
385661,A,J
385520,C,J
378198,D,J
385619,B,J
385577,C,J
385561,A,J
385543,C,J
384951,B,J
383761,A,J
385442,C,J
385417,A,J
385375,B,J
379589,B,J
385099,C,J
385291,A,J
385287,A,J
384952,D,J
385229,A,J
385199,A,J
385004,D,J
385119,C,J
384343,A,I
385081,D,J
384947,D,J
385010,D,J
384963,B,I
384946,C,J
384934,A,J
384696,A,J
384488,D,J
384822,C,J
381198,B,J
384831,C,J
384109,C,J
383956,D,J
384068,D,J
384659,C,J
384637,A,J
384618,D,J
384617,F,J
384605,C,J
379679,B,J
384139,D,J
384576,A,I
384414,C,J
384456,A,J
384276,A,J
384336,A,I
384355,D,J
384254,C,J
384227,C,J
384201,C,J
382535,D,J
384126,B,J
374720,A,J
384181,D,J
384150,E,J
384141,A,J
384114,C,I
383924,C,J
384083,C,J
384060,F,J
384020,C,J
383996,A,J
383978,C,J
380058,C,J
383960,D,J
383945,C,J
383926,D,J
383913,D,J
383745,C,J
383918,A,J
383914,A,J
383733,B,J
383869,A,J
383826,C,J
383816,A,I
383777,B,J
383398,A,J
383639,D,J
383526,A,J
382965,D,J
381727,A,J
382680,A,I
383364,C,J
383307,D,J
383266,A,J
383228,C,J
383183,D,I
374566,D,I
383164,A,J
383163,D,J
382400,D,J
382368,C,J
383004,C,J
382975,A,J
382919,D,J
382913,A,J
382865,C,J
382835,C,J
382825,E,J
382001,B,J
377127,D,J
382766,C,J
382739,C,J
382687,C,I
382322,C,I
382672,C,I
381760,C,J
381258,A,J
382649,C,J
382413,D,J
382651,C,I
382609,C,J
382547,A,J
382545,C,J
380631,A,J
382509,A,J
382466,C,J
380303,C,J
382432,E,J
382421,D,J
382406,C,J
382380,E,I
382259,A,J
382331,A,J
382314,C,J
382276,B,J
382086,C,J
382245,C,J
378259,C,J
381882,B,I
382138,D,J
381528,C,J
382129,B,J
382085,D,J
382081,A,J
365674,C,J
382065,A,J
381122,D,J
382043,D,J
382029,B,I
379014,B,J
381989,D,J
381987,C,J
381812,A,J
381861,C,I
381902,A,I
381889,A,J
381795,E,J
381877,D,J
381874,E,J
381794,A,J
381737,C,J
381738,C,J
381731,A,J
381703,A,J
381693,D,I
381618,A,I
381607,D,J
381474,C,I
381581,A,J
381545,A,J
381527,B,J
381518,E,J
381466,D,J
381335,B,J
381435,B,J
381426,C,J
381235,C,J
381353,C,J
381301,F,J
381334,C,J
381306,C,J
381284,D,J
381104,A,J
381265,F,J
381261,D,I
380998,A,J
381180,E,J
380963,C,J
381158,D,J
372736,B,J
381015,D,J
381100,C,J
381068,C,J
381084,B,J
380878,C,J
66431,B,J
379896,D,J
380974,C,I
380233,C,J
373485,A,J
380920,D,J
380808,C,J
380807,C,I
380789,D,I
380775,E,J
380222,B,J
380683,E,J
380679,A,J
380656,D,I
355745,B,J
380629,A,J
380617,A,J
380479,E,J
378929,E,J
380572,A,I
380513,A,J
380553,C,J
380274,A,J
380527,D,J
380509,D,J
380192,D,J
380430,C,J
380363,C,J
379811,E,J
380313,C,J
380184,C,J
380297,A,J
379903,C,J
380104,B,J
380158,C,J
376010,C,J
379159,C,J
380076,C,J
379373,C,J
380075,C,J
380046,A,J
379962,A,J
379778,C,J
380014,C,J
379995,A,J
379424,A,J
379963,A,J
379948,D,J
379857,B,J
379902,C,J
379881,A,J
379381,D,J
379840,C,J
378475,B,J
379776,A,J
379740,D,J
379568,B,J
379717,E,I
379613,A,J
379670,C,J
379579,D,J
379665,D,J
379642,F,J
379639,A,J
379586,E,J
379603,A,J
379597,E,J
379570,C,J
379559,A,J
379549,A,J
379491,A,J
379485,C,J
379463,A,J
379465,D,I
379436,B,J
378205,A,J
379357,D,I
379346,D,J
379338,B,J
379260,C,J
379290,C,J
378665,B,J
379256,E,J
379234,D,I
379227,B,I
379135,D,J
379136,A,J
379125,A,I
379049,B,I
378722,D,J
379027,A,J
379025,A,J
373494,D,J
378902,C,I
378960,B,J
376902,D,J
378910,A,J
378905,C,J
378890,C,J
378735,C,J
378869,C,J
378855,D,J
378851,D,J
376044,C,J
378816,C,J
378804,E,J
378781,B,I
378776,D,J
377376,E,J
378701,C,J
378418,B,J
377426,A,J
378064,C,J
377926,A,J
378533,E,I
378564,C,J
378548,C,J
362265,C,J
378490,F,J
378481,B,J
378466,A,J
377498,D,J
378397,B,J
378379,D,J
378348,A,J
375981,E,I
378331,D,J
378334,D,J
378323,B,J
375998,D,J
375804,C,I
378253,D,J
378241,B,J
378236,B,J
378230,B,J
378181,A,J
378150,A,J
378049,B,I
378036,A,J
377119,C,J
377788,C,J
377780,C,J
377775,C,I
377773,C,J
377771,A,J
377732,A,J
377657,E,J
375510,E,J
377314,D,J
377316,D,J
377485,A,J
377380,C,I
377365,A,I
374151,E,J
377311,A,J
377294,A,J
377281,A,J
376318,C,J
377195,D,J
375266,B,J
377005,C,J
377020,C,J
377021,C,J
377112,D,I
377100,A,J
377094,E,J
377081,C,J
376827,C,I
377077,E,J
377027,D,J
376994,D,J
376969,A,J
376621,E,J
374547,D,J
376936,D,J
373994,C,J
376894,C,J
376845,C,I
376549,A,J
375466,C,J
371879,C,J
376664,A,J
376209,A,J
376539,E,I
375066,C,J
376588,B,J
375744,B,J
374827,C,J
376534,C,J
376484,E,J
376508,B,J
376490,A,J
376430,A,J
376486,C,J
376485,A,J
376478,E,J
376175,C,J
367777,C,J
376420,C,J
376408,D,J
376088,C,J
376314,A,J
376295,D,J
376278,A,J
376249,A,J
376227,C,J
376138,A,J
376211,B,J
376019,C,I
376184,C,J
376147,C,J
376101,E,J
376056,D,J
376036,C,J
375937,C,I
375897,D,J
375086,C,J
375782,B,J
375748,B,I
375763,C,J
375517,C,I
375538,D,J
375709,E,I
375369,C,J
375143,A,J
375216,C,J
375618,F,J
361244,D,J
375576,D,J
375535,C,J
375522,C,I
375272,D,J
375457,E,J
375429,D,J
375276,E,J
375396,B,J
375282,A,J
375368,A,J
365097,A,J
375321,E,J
375287,C,J
375297,D,J
375241,C,I
375187,B,J
374658,A,J
375174,A,J
375077,B,J
375042,D,J
373384,C,J
374940,B,J
374884,A,J
374765,C,J
374401,A,J
369724,C,J
374672,C,I
374637,C,J
374666,A,J
373842,C,J
374536,D,I
374502,C,J
374485,F,J
374480,B,J
374247,E,J
374471,A,J
374466,D,J
374462,B,J
374403,C,J
374445,D,J
374360,C,J
374309,C,J
374325,D,J
374295,A,J
374259,C,J
374254,D,J
374229,C,J
372976,C,J
374171,B,J
367694,E,J
374129,B,J
374120,D,J
374102,D,J
373770,C,J
373834,D,J
374005,E,J
373988,A,J
373881,A,J
373986,E,J
373502,D,J
373984,B,J
373982,B,J
373972,D,J
373971,B,J
373954,A,J
373952,C,J
373048,B,J
373930,C,J
371347,D,J
373255,E,J
373874,A,J
373772,B,J
373715,C,J
373699,E,J
373650,D,J
373647,C,J
373637,D,J
373630,E,J
373603,B,J
373593,A,J
373375,D,J
373560,A,J
372592,B,J
373547,A,J
373540,B,J
373052,A,J
373486,A,J
373461,B,J
373422,C,J
373398,D,I
373376,B,J
373326,C,J
373291,C,J
372378,C,J
373272,C,J
373258,A,J
373257,D,I
373213,C,J
373125,A,J
373183,A,J
372825,A,J
373090,D,I
373081,B,J
370458,C,J
373006,B,I
372999,A,J
372874,C,J
372953,D,J
372941,E,I
372872,B,J
358509,A,J
372839,B,J
372401,A,J
372777,B,J
372766,B,J
372733,A,J
370875,A,J
372718,A,J
371408,C,J
372144,A,J
372469,C,J
372668,D,J
372621,A,J
372595,C,J
372610,D,J
372600,B,I
372591,D,I
372540,C,J
372505,C,J
371909,B,J
371589,B,J
372465,D,J
372419,C,J
372416,C,J
372330,B,J
372327,C,J
372267,B,I
370308,A,I
372193,B,J
371441,A,J
372131,B,J
372093,A,J
372096,B,J
371943,D,J
372049,A,J
371908,B,I
371996,B,J
371993,B,J
371976,D,J
371815,B,J
371935,D,J
371823,D,J
371841,A,I
371814,A,J
371801,B,J
371793,C,J
371779,D,J
371775,A,J
371525,D,J
371726,C,J
371710,B,J
371702,C,J
371700,D,J
371685,A,J
371681,B,J
371615,A,J
371568,B,J
371564,D,J
370657,B,J
371029,A,J
349476,C,J
348176,C,J
371505,C,J
371444,C,J
370852,C,J
369171,C,J
371358,B,J
371341,D,I
371299,A,J
371015,C,I
370518,D,J
371182,B,J
371172,C,J
370213,B,J
371112,D,J
371082,C,J
370889,A,I
371011,A,I
371025,B,I
369231,D,J
370963,A,J
370957,A,J
370941,B,J
370940,C,I
370893,D,I
370883,B,I
367108,C,J
370869,D,I
370854,A,J
370801,B,J
370791,B,J
370696,A,I
370729,C,J
370694,A,J
370326,A,I
370423,C,J
370631,C,I
370565,B,J
370457,C,J
370435,B,J
370346,B,J
370340,C,J
370342,B,J
370339,B,I
370302,C,J
370285,D,J
370261,A,J
370251,A,J
370224,D,J
370212,B,J
369966,D,J
368374,B,J
370084,B,J
368445,C,J
370055,B,J
370042,E,J
369981,B,I
369968,D,J
369965,A,J
369909,B,J
369785,D,J
368765,A,J
369898,A,J
369883,A,J
369405,A,J
369882,B,J
369880,B,J
369835,B,J
369809,D,J
368965,A,J
369713,B,I
369673,C,J
369683,B,J
367376,B,J
369406,A,J
369630,A,I
369617,B,J
369555,C,J
369544,B,J
369529,C,J
369514,A,J
369400,F,I
369434,D,J
369438,C,J
369360,A,J
369355,D,J
369275,B,J
369320,B,J
369309,A,J
369197,B,J
369302,A,J
369291,B,J
369240,C,I
369207,A,J
369164,C,J
368428,B,J
369118,B,J
369114,B,J
368435,C,J
369078,A,J
369062,C,J
369055,A,J
369008,A,J
368995,B,J
368981,C,J
368954,C,J
368924,C,J
368897,C,J
368766,B,J
66749,C,J
368578,B,I
368461,C,J
368555,A,J
368150,A,J
368523,A,J
368507,A,J
368493,C,J
368474,C,J
368462,D,I
368432,B,J
368394,B,J
368371,D,J
360252,D,J
368243,A,J
368223,A,J
368216,C,J
367337,C,J
368168,C,J
368155,B,J
368143,C,I
368107,B,J
368104,D,J
363828,B,J
368034,B,J
367980,B,J
367628,C,J
367643,B,J
367854,A,J
367859,B,J
366109,B,J
367680,B,J
367791,D,J
367770,B,J
367745,B,J
367703,C,J
367398,D,I
367150,A,J
367599,A,J
367433,B,J
367593,A,J
367464,A,J
367218,B,J
367428,B,I
367414,D,I
367404,C,I
367392,B,J
367384,B,J
367379,B,J
367313,D,J
367285,E,J
367224,E,J
367176,B,I
367135,A,J
367112,A,J
366989,D,I
366951,C,I
366913,D,I
366887,B,I
366874,E,I
366847,A,J
365868,D,J
366783,B,J
366743,B,J
366733,D,J
365171,C,J
366655,D,J
366642,B,J
366620,A,J
366567,B,J
366563,D,J
366553,E,J
366241,A,J
366533,B,J
366380,C,J
366490,C,J
360185,B,J
366407,C,J
366404,A,J
366342,C,J
363433,C,J
365732,C,J
366311,B,J
366297,A,J
366292,E,J
366248,D,I
366236,B,J
366231,D,J
366208,B,J
366198,B,J
366175,C,J
366171,C,I
366169,B,J
364713,B,I
366146,B,J
366135,C,J
366128,A,J
366092,A,J
366085,A,J
366003,B,J
365969,A,J
365939,B,J
365335,A,J
365927,B,J
365919,A,J
365851,E,J
365831,A,J
365044,B,I
365809,A,J
365632,D,J
365741,B,J
365714,D,J
365683,B,J
365663,D,J
365595,B,I
364574,A,J
365567,A,J
365566,C,J
364291,D,J
365415,B,J
365491,A,J
365474,B,I
360319,D,J
365445,A,J
365366,C,J
365356,C,J
365344,C,I
365341,C,J
365338,C,J
365326,A,J
364550,A,J
360157,C,J
365239,B,I
365045,C,J
365208,D,J
365203,C,J
365199,F,I
364740,D,J
364853,C,J
364344,A,J
364919,D,J
364870,A,J
365014,A,J
357683,B,J
364974,A,J
364931,B,I
364944,F,I
364941,E,J
364922,B,I
364909,C,J
364362,A,J
364805,C,J
364747,B,J
364809,A,J
364794,C,J
364773,C,J
364769,B,J
364755,B,J
364753,C,J
288651,B,I
364719,B,J
364487,E,J
364670,B,J
362732,C,J
364646,E,J
364302,C,J
364645,B,J
364587,C,J
364583,B,J
364585,C,J
364557,D,J
364532,C,J
364515,B,J
364509,A,J
364254,B,J
364451,C,J
364454,A,J
364448,C,I
360521,B,J
364420,C,I
363410,B,J
364377,D,I
364327,C,J
364280,C,I
364148,A,J
364268,A,J
364256,C,J
363811,B,J
362937,B,J
364203,C,J
363933,C,J
364154,A,J
363457,B,J
364089,C,J
364075,C,J
364009,C,J
363859,E,J
363961,B,J
363955,A,J
362523,C,J
363853,E,J
363865,C,J
363852,D,J
362952,C,J
363675,C,J
363809,B,J
363803,C,J
363765,C,J
363763,B,J
363758,A,J
362393,A,I
363701,F,J
363699,C,J
362682,C,I
363683,B,I
363677,B,J
363640,A,J
363609,E,J
363631,B,J
362277,C,I
363596,A,J
363578,B,J
363590,C,J
363517,B,J
363512,B,J
363247,C,J
363252,A,J
363405,E,J
362970,E,J
362948,E,J
363389,B,I
363367,D,J
363328,B,J
363291,B,J
363281,E,I
362386,C,I
363271,D,I
362852,B,J
363233,D,J
363161,C,J
363131,B,J
363007,B,J
363092,E,J
363077,A,J
363071,A,J
362809,G,I
362946,D,J
362934,B,J
362803,B,J
362888,C,J
362851,B,J
362838,B,J
362787,B,J
362785,B,J
362505,A,J
362721,D,J
362717,B,J
361723,B,J
362675,B,J
362664,A,J
354798,B,I
362608,D,J
362592,E,J
362598,B,J
362574,D,J
362553,B,J
362438,C,J
362498,A,J
362514,A,J
362480,D,J
362421,G,I
362395,D,J
362392,C,J
362055,B,J
362365,D,I
362280,D,J
362321,A,J
362317,E,J
362309,C,J
362293,B,I
362270,B,J
362272,B,I
360984,B,J
362236,C,J
362159,B,J
362107,B,J
362164,B,J
362153,B,J
362148,A,J
361530,C,J
362114,E,I
362106,A,J
362098,D,I
360708,A,J
361634,D,J
361916,A,J
361945,D,I
361939,B,J
361919,C,J
361904,C,J
361549,B,J
361874,D,J
360414,C,J
361849,B,I
361859,B,J
361816,A,J
361794,D,J
361726,B,J
361781,C,J
361755,C,J
361752,B,J
361713,C,J
361687,B,J
361653,B,J
361098,B,J
361522,C,J
360794,B,I
361495,B,J
361404,E,I
361400,C,J
361399,D,J
361393,B,J
361375,A,J
361374,C,I
361370,C,J
361356,B,I
361289,D,J
361282,A,J
361219,D,J
361215,D,J
361214,C,J
361161,B,J
361165,D,J
360213,B,I
361146,B,I
361119,A,J
361107,D,J
361090,E,J
361086,B,J
361080,C,J
361003,C,J
360929,D,J
360903,A,I
360906,B,J
360894,C,J
360506,A,J
360801,B,J
360772,C,J
360719,C,J
360679,B,J
360583,E,J
360571,B,J
360501,B,J
360493,C,J
360494,E,J
359789,B,J
360407,B,J
360380,D,J
360022,B,I
360283,B,J
360350,B,J
360316,B,J
360324,B,J
360253,A,J
360230,C,J
359899,B,J
360198,E,I
359243,C,I
359970,C,J
359428,A,J
359906,C,J
359905,C,J
359903,B,I
359544,B,J
359672,B,J
359786,B,J
359716,D,I
359757,E,J
359727,A,J
359708,C,J
359706,B,J
359696,B,J
359689,B,J
359600,C,I
359409,C,J
359540,B,J
359543,C,J
359468,D,I
359462,D,J
359449,B,J
359401,C,I
359183,B,J
359119,A,J
357595,B,J
359175,B,J
359168,D,J
358976,C,J
358967,C,J
358905,C,J
358926,B,J
358873,A,J
358826,C,J
358822,C,I
358810,B,J
358778,C,J
358748,A,J
358734,C,J
358702,B,J
358633,A,J
358621,C,J
358566,D,J
358564,C,J
358557,C,I
358547,A,J
358548,C,J
358545,D,I
358508,B,I
356919,A,J
357973,D,J
358470,A,J
358461,C,J
358421,E,J
358417,A,J
358372,A,I
356798,C,I
358343,C,J
358326,C,J
358312,A,I
358280,C,J
358261,E,J
358230,B,J
357979,A,J
357913,B,J
357888,C,J
357884,B,J
357886,A,J
357882,B,I
357887,B,J
357874,C,J
357883,A,I
357875,B,J
357885,A,J
357873,B,I
357878,E,J
357872,B,J
357881,A,J
357864,B,J
357867,C,J
357812,C,J
357380,C,J
357202,D,J
357184,B,J
357165,B,J
357157,B,J
357066,A,J
356784,D,J
356756,C,I
356699,A,J
356601,C,J
356558,D,J
356549,C,J
356546,D,I
356490,C,J
356473,D,J
356431,C,I
356367,A,J
356125,A,J
356340,C,J
356330,A,J
356308,A,J
356274,D,J
356246,C,J
356181,B,J
353024,C,J
356159,B,J
355954,B,J
355919,D,J
355876,C,J
355762,A,J
355721,C,J
355680,A,J
355666,A,J
355587,C,J
355485,C,I
355467,A,J
355476,C,I
355011,A,J
355405,A,J
355380,B,J
354087,C,J
355228,C,I
354583,C,J
354986,E,I
354885,B,J
354818,C,J
354715,A,J
354604,B,J
354444,F,J
354076,C,J
354297,C,J
354273,A,J
354261,C,J
354246,A,J
354245,C,J
68926,D,J
354226,B,J
354219,B,J
353784,B,J
354117,B,J
353584,D,J
354101,B,I
354098,D,J
354050,B,J
354041,F,J
354001,B,J
353886,B,J
353933,E,J
353851,C,I
353677,F,I
353675,D,J
353641,C,J
353636,C,J
353417,E,J
353624,A,J
352545,B,J
353601,A,J
353589,D,J
353548,C,I
353126,B,J
353472,B,J
353423,C,I
353151,B,J
353381,C,J
353371,B,J
353365,A,J
353370,C,J
353366,D,J
304780,A,J
352948,A,J
353338,B,I
353317,B,J
353246,C,J
353220,C,J
353203,E,J
353199,C,J
353195,D,J
353191,C,J
353189,E,J
353150,B,J
353115,C,J
353071,A,J
353062,C,J
352990,F,J
352816,C,J
352928,E,J
352549,D,J
352873,D,J
352830,B,J
344747,C,J
352787,C,J
352747,A,J
352752,C,J
352749,A,J
352725,B,J
352720,D,J
352661,C,J
352190,C,J
351724,B,J
352590,B,J
352541,D,J
352484,B,I
352130,A,J
352441,E,J
352172,B,J
352416,B,J
352378,B,I
352346,B,J
350090,C,I
352303,A,J
352302,C,I
352252,C,J
352258,D,J
352163,C,J
352189,B,J
351358,B,J
352047,B,J
352080,B,J
352079,D,I
352072,A,I
351979,B,J
352021,B,I
351978,A,J
351963,D,J
351964,B,J
351914,C,J
351835,C,J
351878,D,J
351870,C,J
351829,C,J
350826,D,J
351860,A,I
351808,C,J
351801,C,I
351791,C,J
351785,C,J
351780,A,J
351735,C,J
351701,C,J
351620,B,J
351659,C,J
351639,C,J
351634,E,J
351591,C,J
351406,A,J
351490,A,J
351462,A,J
289587,A,J
323288,B,J
351369,A,J
351273,B,J
351355,B,I
351357,D,J
351338,C,J
351335,C,J
351274,C,J
351271,C,J
350484,A,J
351244,A,J
351243,D,I
351230,B,I
351055,A,J
351184,B,J
351125,B,J
351120,C,J
351104,D,J
351053,B,I
351090,B,I
351049,D,J
351023,B,I
350958,C,J
350205,C,J
350827,C,J
350715,A,J
350713,D,J
350705,C,J
350671,A,J
350621,D,I
350554,C,I
350534,C,J
350501,A,J
350412,B,J
350240,A,J
350405,C,J
350154,A,J
349961,B,J
350334,C,J
350313,A,J
350310,C,J
350262,A,J
350206,D,J
350186,B,J
350153,C,I
350108,B,J
348609,B,J
350044,C,I
349434,C,J
349860,C,J
349950,B,J
348960,B,J
349714,B,I
349789,C,I
349712,C,J
66964,D,J
349682,C,J
349679,B,J
349668,B,J
349607,C,J
349578,A,J
349570,A,J
349212,B,J
349588,D,J
349562,C,J
349513,B,J
349525,B,J
349389,A,J
349431,A,J
348900,C,J
349409,A,J
349348,C,J
349322,A,J
349138,C,J
349297,C,J
349308,C,J
349259,C,J
349221,B,J
348844,E,J
349090,A,J
349067,D,I
348997,B,J
348964,B,J
348958,B,J
348684,A,J
348908,A,J
348856,C,J
348841,D,J
348819,C,J
348722,B,J
348794,C,J
348786,C,I
348761,B,J
348670,A,J
325397,D,I
348673,C,J
348644,A,J
348587,B,J
348584,B,J
348575,A,J
348549,B,J
348557,B,J
346532,D,J
348522,B,J
348438,B,J
348410,A,J
348246,C,J
348359,B,J
348303,A,J
348274,B,J
347858,B,J
348233,B,I
348223,C,J
348208,A,J
55742,B,J
347872,D,J
348145,D,I
348134,B,J
348006,A,J
348105,A,J
348069,C,J
348064,C,I
348005,C,J
347998,D,I
347987,C,J
347936,E,J
347932,C,J
346787,A,J
347515,D,J
347805,D,J
347722,D,J
347709,B,J
347689,A,J
347637,B,J
347554,A,J
347541,C,J
347527,B,I
347512,B,J
347505,A,I
347485,A,J
347434,C,J
347416,C,J
347390,A,J
345808,C,I
347372,A,J
347295,C,J
346294,D,J
347271,B,J
347239,B,J
347265,C,J
347213,D,I
347158,A,J
347076,A,J
347068,B,J
346919,C,J
346965,B,J
346948,D,J
346868,C,J
332922,E,J
310079,A,J
346726,C,J
69251,A,J
346737,B,J
346720,C,J
346719,B,J
346656,B,I
346652,D,J
346579,E,J
346566,A,J
289894,B,J
333041,A,J
345711,A,J
65640,C,J
345705,A,J
295373,B,I
313139,D,I
345567,D,J
345503,D,I
345439,D,J
345388,B,J
317953,C,J
344959,A,J
345190,B,I
338592,A,J
344662,B,J
344655,C,J
344159,B,J
343957,B,I
343481,A,J
343413,A,J
330183,C,J
342948,C,J
287629,A,J
342907,C,J
342692,C,J
342507,B,I
315794,B,J
333591,B,J
313864,D,J
341833,A,J
58915,B,J
341419,B,J
335432,A,J
339637,A,J
339576,C,J
339477,A,I
339287,C,J
338772,B,J
338733,B,J
337812,A,J
334124,A,J
333783,C,I
308742,A,J
332927,C,J
333351,C,I
332728,C,I
332499,D,J
332132,A,J
331774,B,J
331459,B,J
331216,C,J
331141,D,I
330918,C,J
330773,B,I
330677,A,J
330551,B,J
329925,C,J
329511,C,J
328105,E,J
327927,C,J
327749,D,J
291687,C,J
309904,C,J
327046,C,I
326650,B,J
326469,B,J
326337,B,J
326299,C,J
326054,D,J
325172,A,J
324633,B,J
324626,B,I
324428,D,J
294636,D,J
324315,C,J
324177,B,J
323562,A,J
300174,D,I
323326,B,J
299790,B,I
323300,A,J
323229,B,J
69168,E,J
298351,C,J
300328,A,J
300218,C,I
304326,B,J
315895,C,J
300867,D,J
322329,F,I
321995,C,J
320318,D,J
321780,F,J
321574,C,J
321575,C,I
321420,B,J
321255,C,J
321051,A,J
321090,B,J
321024,B,J
320698,C,J
315196,F,I
317597,C,J
320231,B,J
319964,B,J
319299,A,J
317833,C,J
318698,B,I
318725,B,I
318381,C,J
318320,D,J
318231,F,J
306405,C,J
317541,B,J
316948,D,I
316868,A,J
316837,C,I
299999,D,J
316313,C,I
315507,A,J
296353,B,J
315594,C,J
315595,C,J
315547,B,J
314843,C,J
314635,C,J
314413,B,J
306726,D,J
312947,B,J
314235,B,J
307293,D,J
306588,C,J
313228,B,I
313024,B,J
312891,B,J
312750,A,J
312547,C,J
312505,B,J
312516,D,J
312093,E,J
311749,B,J
311591,A,J
311447,B,J
311392,E,J
311350,D,J
311187,B,J
311148,D,J
310989,C,I
310969,C,I
308236,C,J
69924,D,J
310112,C,J
309948,E,J
309791,C,J
309769,C,J
287550,B,J
309242,B,I
309059,D,I
308897,B,J
296470,D,J
308498,B,J
308403,B,J
308270,A,J
308272,C,J
307946,F,J
307533,C,I
307544,E,J
307524,B,J
307519,B,J
307256,E,J
306729,C,J
306768,C,J
306686,C,J
306018,C,J
304853,B,J
290064,B,J
299106,A,J
303676,A,J
303940,C,J
303752,C,I
299976,A,J
300596,C,J
303520,C,I
303219,B,J
302975,B,J
302796,C,J
302749,C,J
302378,D,I
300350,C,J
299597,B,J
284168,B,J
300383,C,I
300918,E,J
288880,B,J
300548,A,J
300546,B,J
293977,B,J
300349,D,J
299092,B,J
299873,B,J
300204,C,J
300013,A,J
298280,B,I
299298,A,J
299146,E,J
298963,B,J
298946,D,J
298649,C,J
297158,C,J
297783,B,J
70348,C,J
297256,C,J
292175,D,J
68381,A,J
296903,C,J
296664,A,J
296489,B,J
296386,D,I
296360,D,J
293471,D,I
296068,A,I
296050,B,J
296049,A,J
294803,C,J
294684,B,J
294643,D,J
294274,B,J
290441,C,J
293123,B,J
293091,C,J
292921,D,I
292850,C,J
290001,B,J
68817,C,J
292050,B,J
291954,C,J
291934,B,J
290199,D,J
291461,A,I
289873,C,I
291135,B,J
291118,B,J
291037,C,J
290850,A,J
290803,C,I
69828,A,J
69124,B,J
290605,B,J
289994,A,J
289651,B,J
288720,E,J
288675,B,J
288584,B,J
288392,A,J
288099,B,J
287965,E,J
287875,C,I
286038,C,J
287491,E,J
287417,B,J
287454,A,J
287421,C,I
286955,D,J
286828,B,J
286636,D,J
286066,B,J
286167,A,J
286120,D,J
285781,B,J
285738,B,J
285386,A,J
284637,C,J
284207,C,J
284136,B,J
283826,B,J
283707,C,I
283106,C,J
283014,B,J
282707,B,J
282569,D,J
282347,B,J
282275,D,J
282202,B,J
282074,B,J
282054,A,J
281841,A,J
281836,A,J
281788,B,J
281651,D,J
281565,C,J
281384,C,J
281381,C,J
280871,D,J
280776,C,I
280623,C,J
280356,B,J
280337,B,J
280193,A,J
280176,B,J
280056,C,J
279901,B,J
279455,B,J
279283,D,J
279242,D,J
279032,A,J
278911,C,I
278622,D,J
278405,D,J
278075,B,J
278066,B,J
278018,D,I
277895,D,J
277875,D,J
277709,G,J
277688,B,I
277628,B,J
277583,D,J
277468,A,J
277162,C,J
276979,B,J
276857,C,J
276355,B,I
276232,C,J
276107,C,J
275880,B,J
275790,A,J
275605,D,J
275339,C,J
275098,C,I
274823,B,J
274763,C,J
274375,C,J
273608,C,I
273535,D,J
273445,A,J
273432,C,J
259106,C,J
273165,F,I
270466,C,J
272583,C,J
272429,C,I
272368,D,I
272266,C,J
272103,D,J
271979,B,J
271927,B,J
271900,B,J
271792,D,J
271652,D,J
271434,C,J
271356,D,J
271196,A,J
271192,D,J
271045,D,J
271004,C,J
270860,B,J
270712,B,J
270568,D,J
270400,C,J
270351,B,J
270343,C,J
270302,D,J
270002,B,I
269818,C,J
269571,C,J
269289,A,J
269256,C,J
269127,D,J
268855,B,I
268761,D,J
268675,B,J
268549,E,J
268516,B,J
268502,D,I
268476,E,J
268379,B,J
256365,B,I
268156,B,J
267976,D,J
267736,B,J
267686,B,J
267516,F,I
267477,B,J
266989,B,J
266963,C,I
266798,A,J
248583,B,J
266544,E,J
256021,D,I
266327,B,J
266282,B,J
266179,A,J
266130,C,I
266047,C,J
265904,E,J
265836,B,I
265613,F,J
265521,B,I
249955,E,I
265117,C,J
265115,C,I
265097,A,J
265076,E,J
265007,E,I
264923,B,I
264886,D,J
264792,A,J
264754,B,I
264630,B,J
264499,C,J
264267,B,I
264003,B,J
263906,B,J
263741,C,J
263697,C,I
263677,B,J
263180,C,J
262961,A,J
262669,A,J
262618,B,J
262563,B,I
262215,F,J
262113,A,J
249164,B,J
262041,B,J
261972,D,I
261456,A,J
261382,C,J
261281,C,J
260928,C,J
260801,B,J
260597,B,J
260368,A,J
260324,D,I
260277,C,J
238360,B,J
260113,B,J
260049,E,J
259968,A,J
259956,B,J
259945,B,J
259595,B,J
259505,D,J
259414,D,J
259032,B,J
258870,B,J
258828,D,J
258717,C,I
258652,C,J
258644,B,J
258603,D,I
258521,B,J
257612,C,J
257346,D,J
257223,B,J
257019,B,J
256991,F,I
256704,D,I
256488,B,J
256458,C,J
256450,D,J
256406,B,J
242839,B,J
256019,A,J
255888,B,J
255845,C,J
255171,A,J
255150,C,J
254979,A,J
254762,C,J
203424,D,J
254533,D,J
254378,C,I
241659,B,J
242642,B,J
254250,C,J
254201,E,J
253987,C,J
253973,C,J
253766,C,I
253727,A,J
253601,E,J
253427,D,J
253425,B,J
219070,B,J
253227,C,J
253222,B,J
242356,D,J
253085,D,I
239843,B,I
253020,D,J
252973,B,J
252729,C,J
238935,B,J
252482,B,J
251996,A,J
251789,E,J
251682,A,J
251663,C,J
251214,A,J
251142,B,J
250951,C,J
226735,D,I
233852,C,J
249699,B,I
249999,A,J
199486,B,I
250699,D,J
250422,B,J
249972,C,I
249942,C,J
249840,B,J
248927,B,J
248841,A,J
248817,C,I
248539,C,J
211586,A,J
248498,B,J
248304,A,J
248130,B,J
248108,A,J
247424,B,J
247062,B,J
246553,D,J
246516,B,J
246276,D,I
246179,A,J
245846,B,J
245765,A,J
245733,A,J
245190,C,J
245124,B,J
233978,A,J
244872,B,J
244437,D,J
244261,A,J
244029,A,J
243957,B,J
243737,B,J
243622,B,J
243430,C,J
243406,B,J
243314,B,J
243280,A,J
243243,B,J
243207,B,J
243130,A,J
243078,B,J
243046,D,I
242695,B,J
242452,A,J
242333,B,I
242260,C,J
242229,D,J
242092,A,J
241850,A,J
208728,D,J
241536,D,J
241502,A,J
241117,B,J
240974,D,J
240361,B,J
240220,B,J
240105,C,J
239761,A,J
239690,E,I
238989,B,J
238983,B,J
238612,A,J
238587,B,J
238327,C,J
237883,D,J
237880,B,J
237776,A,J
237549,A,J
237452,C,J
237246,B,J
236199,E,J
235704,E,J
235269,A,I
235094,B,J
234707,B,J
234585,B,J
234451,B,J
232947,D,J
232917,C,J
232726,C,J
232568,C,J
232488,B,J
232302,B,J
231935,A,J
231540,C,J
231321,A,J
231005,C,I
230545,C,J
230185,C,J
229930,C,J
229565,C,J
229276,C,J
228923,C,I
228892,D,I
228424,D,J
227773,A,J
227568,A,J
227383,A,J
226780,C,I
226154,E,J
225897,B,J
225812,C,J
227538,B,J
225054,D,J
224984,C,J
224894,B,J
224614,C,J
224541,C,J
224381,F,I
224210,C,J
223992,A,J
223626,B,J
223345,B,I
223308,C,J
223015,F,J
222829,B,J
222492,B,J
222179,B,I
221301,D,J
221264,C,J
220873,D,I
220023,A,J
219967,A,J
222488,B,J
219425,C,I
219315,D,I
219178,C,J
219000,B,J
218680,C,J
218343,C,I
218331,A,I
218325,D,J
218282,D,I
217987,C,J
217788,C,J
217723,B,J
217118,C,J
217100,G,J
217041,B,J
216940,C,J
216698,B,J
216540,E,J
216508,A,J
216181,A,J
216083,E,J
216013,B,J
215897,B,J
215865,D,J
215577,C,J
215531,D,J
215142,A,J
214968,B,J
214572,B,J
214388,E,I
214363,C,J
213846,C,J
213732,D,I
213551,C,J
213427,B,J
213020,A,J
212894,A,I
212737,C,J
211860,A,J
211723,C,I
211133,C,J
211126,C,J
210884,C,J
210784,B,J
210778,B,J
210287,B,J
210194,C,J
209581,D,I
209392,A,J
209349,A,I
208827,A,J
208594,C,J
208191,C,I
207910,A,I
207387,C,J
207148,A,J
206839,A,J
206360,D,J
206181,A,J
204576,A,J
204428,D,J
203554,B,J
203532,D,I
203367,F,J
202720,A,J
202712,C,J
202406,D,J
202379,B,J
202270,D,I
201909,D,J
201479,A,J
201285,B,J
178977,B,I
200912,D,J
200886,A,J
200805,E,I
200600,B,J
200256,D,I
199889,D,J
199575,A,J
199055,B,J
198952,A,J
198285,B,J
197959,B,J
197558,A,J
197360,C,J
197225,B,J
197019,B,I
196910,B,I
196863,C,J
196574,B,J
196559,A,J
196521,B,J
196428,C,I
196380,A,J
196148,B,J
196027,B,J
195655,B,J
195618,D,J
194762,E,J
194565,B,J
193630,A,J
193586,C,J
193452,A,J
192616,B,J
192311,B,J
192299,D,J
192239,C,J
191730,E,J
191006,C,J
190846,E,I
190811,A,I
189379,A,J
188937,A,J
187671,E,I
187464,B,J
186840,E,J
186652,D,I
186572,B,J
186499,A,J
185684,E,I
185352,B,J
184908,B,J
184562,B,I
184296,B,I
183936,A,J
183801,C,J
182845,B,J
182589,B,J
182554,C,J
182089,B,J
181701,D,J
181590,D,J
181036,B,J
180712,F,J
180675,C,I
180614,E,J
180535,C,J
180005,A,J
179897,D,J
179020,C,J
178239,D,J
178236,D,J
178157,D,I
177913,B,J
177259,C,J
177075,A,J
176995,E,I
176942,D,J
176610,B,J
176206,B,J
176062,D,I
175582,D,J
175193,B,J
175147,E,J
175056,C,J
174377,B,J
173981,C,J
173029,D,I
172802,B,J
172644,C,J
171298,A,J
171220,C,I
170929,D,J
170528,C,J
170488,B,J
169793,D,I
169525,B,J
169453,C,J
169354,B,J
169254,B,J
169044,C,J
168222,D,J
168190,D,I
168100,D,J
167846,D,J
167645,B,J
167584,B,I
167205,C,J
167189,C,I
166747,D,I
166683,A,J
166546,A,J
166534,C,I
166437,C,J
164792,B,J
164741,C,J
164346,A,J
163758,C,J
163627,C,J
161187,B,J
159713,C,I
159665,A,J
159468,D,J
158706,C,J
158289,C,J
157768,B,J
157169,B,I
156868,B,J
156417,A,J
156021,C,J
155780,A,J
154776,C,I
154305,C,J
154286,C,J
154154,C,J
154141,A,J
153434,C,J
153235,C,J
153054,C,J
153022,A,J
152663,B,J
152291,A,J
151621,B,J
151607,E,J
151587,B,J
150940,C,J
149754,C,J
149575,A,J
127504,A,J
127719,A,J
148473,B,I
146844,C,I
146671,B,J
146641,D,J
146564,C,I
142734,B,J
144635,D,I
144579,A,J
143566,C,J
143128,C,J
143102,C,J
142790,B,J
142618,C,J
142608,C,J
142281,C,J
141774,D,I
141676,C,J
141041,B,J
140900,A,J
140687,B,J
140561,C,I
140452,B,J
140036,B,I
139980,C,I
139968,D,J
139790,D,I
139657,B,J
139057,A,J
138568,B,J
138557,B,J
137965,A,J
137271,D,I
137106,C,J
137042,E,J
136634,D,J
136491,D,I
136316,C,J
136226,C,J
135594,A,J
130986,A,J
135201,C,J
134436,D,J
133685,C,J
133301,C,I
132946,A,J
132892,D,I
132172,C,J
132062,E,J
131782,E,I
131649,C,J
131618,C,J
131387,C,J
126776,A,J
131223,F,J
130907,A,J
130735,E,J
130512,C,J
129745,C,J
128881,D,J
128635,C,J
127830,D,I
127531,B,J
127472,F,I
127353,D,J
127213,A,J
126788,B,J
126392,A,J
126287,C,J
126215,A,J
126213,A,J
125897,C,J
125671,B,J
84918,A,J
124436,C,J
123230,C,I
123228,B,I
122718,F,J
122637,A,J
122404,F,J
122070,D,J
121824,B,J
121568,B,J
121535,B,J
121530,A,J
121426,A,J
120525,C,J
120374,B,J
120215,A,J
119043,C,I
118823,D,I
118533,B,I
118523,F,I
117863,B,J
117794,A,J
117249,A,J
117056,A,J
116582,E,J
116040,B,J
88854,A,J
113194,B,J
113179,C,I
113156,A,J
112496,D,J
112323,C,J
99009,A,J
112245,A,J
112216,D,J
100214,A,J
111917,B,J
111307,D,J
111227,E,I
109355,C,J
107136,C,J
106360,F,J
76597,B,J
106079,B,J
90966,A,J
92440,A,J
102376,C,J
101579,C,J
98982,B,J
98339,A,J
98276,A,J
96844,A,J
96350,C,J
94838,C,J
93277,B,J
93061,A,J
92676,A,J
92666,B,J
92552,B,J
92533,C,J
92507,A,J
92402,B,J
92187,A,J
90665,C,J
90395,A,J
90376,A,J
87023,E,J
642818,E,J
641659,G,I
641638,D,J
641193,D,J
641066,D,J
640893,D,I
640342,E,J
640360,D,J
639672,C,J
639512,D,J
639485,E,I
604511,D,J
637481,D,J
637432,E,J
637408,C,J
637278,C,J
637154,D,J
636399,C,I
636386,E,I
636209,E,J
635527,C,I
635062,E,J
634280,C,I
634158,E,J
634109,G,I
633355,E,J
632614,C,J
632307,C,J
608740,D,J
632167,D,J
632031,B,I
631664,E,J
631603,E,J
631406,D,I
631039,F,I
630748,F,I
630624,C,J
630137,C,I
630052,E,I
629752,C,J
629476,C,I
629018,B,J
629254,E,J
627829,D,J
627637,D,I
627453,C,J
627364,F,I
627006,D,I
626992,C,J
626947,D,J
623978,E,J
625955,G,J
626721,C,J
625318,E,J
625269,C,J
624723,B,J
624215,B,J
623979,D,J
620040,D,J
623192,C,J
623474,E,J
622989,D,J
622984,F,J
622836,E,I
622724,D,J
610372,C,J
622553,A,J
617391,B,J
622263,B,J
621833,D,J
621771,C,J
621165,F,J
620476,E,J
620749,D,I
620298,C,J
620464,C,J
620391,C,J
620284,C,J
620299,D,I
620265,D,I
620239,C,J
601871,E,J
620030,C,I
619937,C,J
619124,F,J
618741,G,I
619347,C,J
615331,C,I
619077,E,J
618843,G,I
618615,C,J
618276,D,I
612821,C,I
617857,D,J
617505,D,J
616634,E,J
616504,D,J
616316,C,J
616235,B,J
616029,F,J
615146,F,J
612725,E,J
615660,D,J
615597,B,I
615140,F,J
615077,D,I
612413,G,I
614165,D,J
613710,D,J
613375,D,I
613208,F,J
613133,E,I
610537,D,I
612749,C,J
612687,E,J
612643,C,J
612140,A,J
612362,F,I
612332,C,J
612322,F,I
612179,C,J
609464,D,I
612027,F,I
611851,D,I
611875,C,J
611846,B,J
611841,C,J
611698,D,I
605544,C,J
611139,B,J
611120,A,J
611046,D,I
611018,D,J
610752,E,I
610263,E,J
610175,D,J
610042,E,J
609885,E,J
605741,C,J
609616,D,J
609578,E,I
609194,E,J
609109,D,J
609098,D,I
609015,B,J
608558,E,I
608609,G,I
603720,C,J
606844,D,J
600258,F,J
608226,E,J
608193,D,J
608030,D,I
608015,C,I
607757,B,J
598998,D,I
607665,E,I
607585,D,J
607501,A,J
607320,C,J
607335,C,I
607126,D,J
607099,B,J
600097,E,J
606539,B,J
606375,E,J
605874,F,J
605829,B,J
540339,C,J
605634,B,J
605278,B,J
603808,A,J
605028,D,J
604575,E,J
604929,B,J
604857,F,J
605482,F,J
604470,B,J
604362,A,J
603603,D,I
603448,C,J
603515,C,J
603217,B,I
603205,A,J
600654,B,J
602998,C,I
602902,E,I
602238,A,J
601935,A,J
601903,C,J
598435,D,J
601578,B,J
601423,B,I
601362,B,J
601332,B,J
601096,F,J
598936,D,J
601106,C,J
601049,E,J
601025,D,J
601013,G,J
600879,E,I
600609,D,J
587734,E,J
598451,B,J
598607,D,J
599500,B,J
586998,D,J
593298,B,J
597335,D,J
599614,B,I
597348,E,J
595367,G,J
598513,D,J
585666,C,J
598114,D,J
598033,D,I
597824,E,J
597799,D,J
597702,B,J
597667,B,J
597397,D,I
597463,B,J
587271,E,J
597109,D,J
596338,D,J
596281,C,J
594680,B,I
595528,C,J
595306,E,J
595140,B,I
595017,G,J
594830,D,J
594787,E,J
594501,D,J
594730,C,J
594522,F,J
594192,G,J
587654,E,I
594111,F,I
594108,C,J
593932,D,J
593855,B,J
593829,F,I
593607,C,J
593266,D,J
593182,D,J
592997,B,I
592895,F,I
592760,E,I
592606,E,I
586453,C,J
592285,C,J
592237,F,J
592137,F,J
592086,C,J
592042,F,I
591747,D,I
591564,E,I
591373,D,I
589423,C,I
591087,C,J
590329,D,I
590099,B,J
588373,C,J
589544,B,J
589540,E,I
589504,D,I
589500,G,I
589412,D,I
587823,A,J
589089,D,I
589009,D,I
589003,F,I
588328,C,J
579893,C,J
588148,C,J
587903,C,J
586972,E,I
587039,F,J
587910,D,J
587773,E,I
584732,D,J
587665,D,I
584857,F,J
587086,B,J
587075,D,J
584661,E,J
586695,B,J
586650,B,I
586562,C,J
586389,D,J
584789,G,J
584984,C,I
585604,C,I
585404,E,J
585086,E,J
583580,D,J
584902,F,J
583412,G,J
582355,E,I
583461,A,J
583544,D,J
581367,D,J
582125,G,J
583781,E,I
583725,C,J
583298,E,J
583084,C,J
581872,A,J
582759,C,J
582415,B,J
578633,B,J
581726,C,J
581044,G,I
581792,D,J
581421,D,I
581394,C,I
581093,E,I
581017,D,I
580714,E,I
580047,G,J
579876,E,J
579763,F,I
579602,C,J
579428,E,J
579337,B,J
576308,B,J
578835,D,I
578582,C,J
577908,C,J
578223,G,J
577815,F,I
574907,C,J
577795,D,J
576553,C,J
577535,E,I
577331,B,J
577464,C,J
577174,B,J
577161,D,I
538664,E,J
576277,G,J
572237,B,J
576615,E,J
574473,E,I
575998,A,J
572405,E,J
575674,C,I
574942,F,I
574843,B,I
574780,D,J
574646,D,J
574599,D,J
573592,B,J
573822,A,J
573635,C,I
573534,D,J
573360,D,I
573293,C,J
573229,B,I
572931,E,J
572521,D,J
572805,B,J
572669,B,I
572593,D,J
572590,E,I
572048,E,J
571951,D,I
571644,D,J
571438,B,I
569545,G,J
571331,E,J
571123,C,J
571128,D,I
570987,E,J
570921,E,J
520319,D,J
570807,D,J
570617,D,J
567435,F,J
570592,D,J
570567,D,I
570411,C,J
566665,B,J
569265,C,J
568944,C,J
569186,G,I
568298,F,J
568230,D,J
568905,B,J
568705,C,J
568336,B,J
568290,B,J
568094,C,J
567953,D,J
567632,D,J
544282,B,J
567525,F,J
567431,C,J
562569,C,J
566297,C,J
567196,C,J
567142,D,I
564712,D,I
566543,F,J
566485,D,J
566363,E,I
566233,E,J
566137,E,J
565259,E,J
561667,C,J
565443,F,J
564185,D,J
565174,D,J
565164,D,J
564942,C,J
563363,D,J
564634,D,J
564685,C,I
563728,C,J
564281,B,I
562258,E,J
563542,E,J
563002,F,J
561809,G,I
562963,D,I
562908,C,J
562187,D,J
562153,C,I
562125,D,J
562069,B,J
562019,E,J
561645,C,I
561266,C,J
560890,D,J
555458,E,J
558336,C,I
559291,C,J
560566,D,I
559677,C,J
559482,C,J
558908,B,I
557270,E,J
559333,C,J
557484,F,J
559050,E,J
558677,C,J
558595,D,J
557861,E,I
557648,E,I
556722,C,J
556638,D,J
557039,C,I
527467,C,J
556807,G,I
556573,F,I
556498,C,J
556443,E,J
556403,C,J
550092,E,I
555648,F,J
550162,G,I
555429,F,I
554358,E,J
554759,B,I
550577,B,J
554126,C,J
554512,D,I
554458,D,J
554231,D,J
554159,C,J
554133,E,J
550404,G,J
480595,G,J
553059,B,J
552371,E,J
550434,C,J
539200,F,J
551350,B,J
550961,E,J
550683,A,J
550745,E,J
550718,C,J
549803,E,J
550449,G,I
550373,E,J
550078,C,I
549870,A,J
538677,D,J
545932,D,J
548355,B,J
548556,F,J
548513,E,J
548457,E,I
548346,E,I
543065,C,J
545817,D,J
547755,D,J
544584,B,J
537171,B,J
547152,C,J
547117,C,J
546986,B,J
545799,C,I
546270,E,I
545972,E,J
545796,E,J
545583,C,J
544041,F,J
545340,C,J
545386,E,I
542493,E,J
545324,C,I
545060,G,J
544698,D,J
544977,C,J
544790,B,J
544732,B,J
544621,E,J
544330,C,J
544331,E,I
543664,D,I
543304,E,J
543167,D,J
542821,A,J
541230,E,J
542236,C,J
541691,G,J
542261,D,I
539231,B,J
541781,F,I
541276,D,J
541164,D,J
541148,D,I
541065,D,I
540882,C,J
540807,F,J
540719,C,I
540492,C,I
540134,D,J
539782,D,I
532230,C,J
500777,B,J
538919,C,J
538778,D,I
538759,B,J
538610,C,I
538397,E,J
538375,E,J
537690,D,J
537524,A,J
536584,D,J
537123,C,I
536740,D,I
536702,B,J
536578,D,J
536541,E,I
536213,B,I
536019,E,J
535672,D,I
520404,F,I
535733,G,I
535723,B,J
515805,C,J
535304,E,I
535197,D,I
534440,F,J
534283,B,I
532960,E,J
533769,F,I
533674,G,J
533632,B,J
532958,A,J
532761,B,J
532683,D,J
532661,B,J
532621,G,I
532403,B,I
532391,C,J
531699,C,J
532259,C,I
531377,D,I
528787,E,I
531749,E,I
531706,B,J
531672,C,J
531602,F,I
531179,B,I
530960,B,J
528653,E,I
530796,C,J
530871,B,J
528810,E,J
530301,B,J
530253,E,J
386950,D,J
529433,F,I
529238,G,I
529084,E,I
528584,D,J
527453,C,I
527236,E,I
527668,E,J
527379,E,J
527184,C,J
526999,D,J
526687,D,I
526344,D,J
525652,D,J
525742,E,J
526165,E,J
525709,G,J
524835,E,I
524794,D,J
521992,D,J
522998,E,J
480042,E,J
523451,E,J
522306,E,I
523171,E,J
521867,D,J
522739,G,J
522466,D,I
522627,B,I
522572,C,J
522460,B,J
522334,C,J
522251,F,J
513206,D,J
522089,C,J
520994,E,J
521639,A,J
521523,C,J
521036,C,J
518971,C,I
519971,A,I
520193,E,J
519890,B,J
519764,D,J
519485,D,J
510739,D,J
519114,F,I
519672,C,J
519096,E,I
518953,D,J
518969,D,I
518826,E,J
517923,D,J
518403,E,I
511394,D,I
518246,B,J
518034,B,J
517912,C,J
517825,E,J
517764,C,I
517699,E,I
517377,A,J
515154,D,J
516837,C,J
516631,B,J
516403,D,J
515977,B,J
515761,D,J
514548,D,I
515581,D,J
515514,C,J
515028,D,I
515040,B,J
514837,C,I
514674,C,J
453639,A,J
512828,D,I
512746,C,J
512715,E,J
512676,C,J
512445,B,J
512340,C,J
511961,C,I
511753,D,I
510973,D,J
510921,F,I
511366,C,J
510867,B,J
510464,C,J
509165,B,J
510364,D,I
502892,C,J
510148,D,J
495754,C,J
509973,C,J
509727,F,J
509081,C,J
509235,D,J
509061,D,J
509010,E,I
505042,C,I
508564,C,J
508431,D,I
507636,C,J
504835,D,J
507864,C,J
507765,C,J
437363,C,J
507550,C,J
507471,B,J
506768,D,J
507210,B,J
503873,C,J
506203,D,J
506609,C,I
506439,B,J
506205,D,I
506064,D,J
505991,C,I
505861,E,J
501512,D,J
505721,F,I
505626,C,J
505184,C,J
504871,B,J
503052,C,J
504709,D,I
504388,D,J
504443,C,J
504431,C,J
504295,D,J
494450,C,J
500274,C,J
503881,D,I
503839,D,J
502748,D,J
503252,G,I
503146,C,J
503017,C,J
502881,E,J
502635,D,I
502364,D,I
502284,D,I
502125,D,J
502186,C,I
502213,B,J
501947,D,J
502114,F,J
501859,D,J
501867,C,J
501827,C,J
501740,B,J
498675,B,J
501570,B,J
501485,C,J
501428,C,J
501282,C,J
501230,D,I
501132,C,J
500414,D,J
488628,B,J
500323,E,I
495527,C,J
499744,C,I
499603,C,J
499557,D,J
499443,D,J
499427,C,I
499394,D,I
499280,D,J
498183,B,J
498931,C,J
498590,C,I
498770,B,J
498865,C,J
498827,C,J
497836,D,J
498797,C,J
498686,D,J
498647,D,J
497983,B,J
498656,D,J
498594,B,J
498622,A,J
498510,D,I
498366,C,J
498448,C,J
498430,G,J
498406,B,J
498400,D,I
498214,C,J
498155,F,J
498017,C,J
498011,C,J
497814,D,J
497732,D,J
497381,D,I
497266,B,J
493151,C,J
497047,C,J
496922,C,I
496808,B,J
496787,D,J
496761,B,I
496722,D,I
496653,B,J
496582,E,J
496556,C,J
492526,D,I
496196,D,I
496187,D,J
496184,E,I
496028,B,J
496004,C,J
495909,B,J
495850,E,J
482291,C,J
495283,D,J
493951,E,J
495448,B,J
495462,D,J
495394,C,J
492771,F,J
495126,E,I
495086,C,J
494981,E,J
494962,B,J
494887,C,J
494679,E,J
494642,C,J
494583,D,J
494523,E,I
494114,B,J
493795,C,J
494099,D,I
493840,F,J
474227,B,I
493404,D,J
493633,C,J
493314,D,J
493190,D,J
492938,D,J
491978,D,J
492887,C,J
492833,B,J
492624,D,J
492504,E,J
490418,D,J
492460,C,J
492168,D,J
491936,B,J
491934,E,J
491862,E,J
491780,C,J
491725,B,J
491591,G,J
491507,E,I
491480,G,J
491400,D,I
491156,D,J
487097,C,J
490727,C,J
488500,E,J
490845,F,J
490776,B,J
490684,D,J
490595,D,J
490318,C,J
490379,B,J
490331,C,J
490255,G,J
490036,E,I
486250,D,I
489091,C,J
488879,C,I
488836,B,J
488769,C,J
488679,B,J
488669,E,J
488514,C,I
487195,C,J
488264,F,J
486387,C,J
487914,C,J
487723,G,I
487670,D,I
487479,C,J
487335,B,I
486731,C,J
486939,A,J
486801,F,J
486488,D,J
486402,B,J
486360,C,I
462706,C,J
486147,D,J
485804,C,J
484081,C,J
485281,C,J
485257,C,I
483420,D,J
484965,D,J
484660,G,I
484572,D,I
484356,D,I
484311,D,J
484249,D,J
484244,A,J
484086,C,J
484114,C,J
483971,B,J
483890,C,I
474792,E,J
483092,C,J
482901,D,J
482432,C,I
482203,D,I
481912,D,J
481933,B,J
481823,C,J
481487,G,J
481423,B,J
481334,B,J
481181,B,I
480957,D,J
480946,A,J
480925,C,J
480903,F,J
480835,C,J
480667,D,J
480589,F,J
480276,B,J
480007,E,J
479589,B,J
479556,C,J
479222,B,J
479146,D,J
475070,G,J
479050,B,J
433878,D,I
478877,B,I
478523,C,J
478630,C,J
478794,B,J
478792,C,J
478486,B,J
478348,C,J
478427,C,I
478224,C,J
476776,F,I
477917,D,I
477424,B,J
477832,E,J
477791,C,J
477471,D,J
62499,D,J
477418,D,J
477152,B,I
477333,C,I
472835,D,J
476524,D,J
476797,C,J
477071,D,J
477073,E,J
476995,B,J
476559,F,J
476299,C,I
446462,F,J
476729,C,J
476146,E,J
476515,C,J
476482,B,I
475548,D,I
475906,E,J
476091,E,J
476012,E,J
475376,C,I
475599,D,J
474927,F,J
475839,C,J
433091,D,J
475637,C,J
474791,E,J
473792,F,J
475481,D,J
470669,E,J
475055,D,J
474940,D,I
474916,D,I
474548,C,I
474768,D,J
474703,E,J
474610,D,J
474595,D,I
474480,A,J
474305,B,J
473766,C,J
473689,A,J
473210,B,J
473192,G,J
469264,C,J
472988,E,J
471535,D,J
472762,D,I
465321,C,J
472039,B,I
471321,C,J
434301,E,J
471016,C,J
470532,E,J
470095,B,J
467686,B,J
469605,D,J
469452,E,J
469411,D,J
468864,C,J
468394,D,J
469050,F,I
468995,B,I
468862,B,J
468804,D,J
468324,C,J
465134,E,J
468731,E,J
468720,D,J
468609,D,J
468362,C,J
468319,D,I
468211,C,I
467646,D,J
468077,B,J
468044,B,J
467985,D,J
466717,B,I
466821,B,J
467492,D,J
467252,D,J
466324,B,J
467049,C,J
466368,D,J
442988,D,J
466525,E,J
466112,B,J
466101,D,J
466075,C,J
466039,B,I
465999,B,J
465888,C,J
465370,D,J
465210,D,J
464750,D,J
464884,G,J
464592,A,J
464549,D,J
464412,C,J
463953,D,J
461234,F,J
463145,B,J
463039,B,I
463078,C,J
463064,D,J
462988,C,J
462772,B,J
462505,D,J
462392,D,J
438972,B,J
462167,D,I
462020,E,J
461603,F,I
461571,C,J
460915,B,J
460513,B,J
460138,A,J
460290,C,J
460105,D,J
459906,D,I
459912,C,I
459877,C,J
459573,F,I
459737,C,J
459758,C,J
459712,C,I
459146,B,J
459063,D,I
459037,C,J
458923,B,J
458830,D,J
456035,D,I
455414,C,J
458423,E,J
457322,C,J
457201,C,J
457401,G,J
456680,D,J
457298,C,J
457212,A,J
456688,F,J
456902,C,J
455736,D,J
456565,E,J
456422,D,J
456139,E,J
456090,C,J
455956,D,J
455886,D,I
455769,C,I
455317,D,I
454804,C,J
454631,D,J
454385,D,I
453885,F,J
453790,E,J
453809,A,J
453570,F,J
453529,G,J
453460,D,I
453401,B,I
453089,D,J
452279,C,J
453366,D,J
444453,G,J
453257,D,J
452441,G,J
452542,C,J
452753,B,I
452710,A,J
452267,C,J
452318,A,J
452264,B,I
451847,C,J
452034,F,J
451624,C,J
451575,C,I
447608,D,J
451029,A,J
450971,G,J
450939,D,J
450829,E,J
450865,C,J
450647,C,J
450142,D,J
449935,E,J
449558,D,J
449384,D,J
449379,C,J
449262,C,I
449247,E,J
448925,C,J
448803,B,I
448188,B,J
448165,F,J
447839,C,J
445296,E,J
447515,D,J
447280,A,J
447279,D,J
447040,G,J
447015,A,J
446898,C,J
446043,D,I
446805,B,J
445934,D,J
446264,C,J
446189,F,I
446058,D,J
446051,C,I
446022,E,J
444305,B,J
445890,C,J
445535,F,I
445570,D,J
445444,C,J
444508,D,J
445359,D,J
445337,C,I
445335,C,I
444106,D,J
445130,C,J
445086,G,I
444910,C,J
444832,G,I
444704,C,J
444553,C,I
444529,B,J
444401,D,J
444384,D,I
444315,C,J
444216,E,J
444192,C,J
444085,D,J
443833,C,J
443965,B,J
443275,C,J
442713,D,J
442934,E,I
442716,C,J
442699,C,J
442144,D,J
441572,C,J
441418,B,J
441343,G,J
439935,B,J
440900,D,J
440683,D,J
440574,D,J
427722,C,J
440506,F,I
440257,C,J
440037,C,I
439496,C,J
439800,C,J
439769,B,J
439546,C,I
439547,D,I
439514,C,J
439375,F,J
439330,G,J
435783,C,J
439035,D,J
438986,E,I
438789,F,J
438743,F,J
438698,C,J
438328,C,J
436101,D,J
438430,D,I
437489,D,I
437802,C,J
437645,E,J
438009,D,J
403479,D,J
437885,B,J
437836,C,J
437743,D,J
437563,D,J
430043,D,J
437128,B,J
369990,E,J
380310,D,J
436281,C,J
428204,B,J
425961,C,J
435870,C,J
435617,E,J
435594,B,J
435556,B,J
435267,B,I
431454,C,J
434835,D,I
434770,D,I
434737,B,J
434733,E,J
434575,C,J
434553,D,J
434552,F,I
434000,B,J
434141,C,J
433757,B,J
409392,E,J
432817,G,J
432956,C,I
432703,C,J
432614,A,J
432294,C,J
432186,B,I
432188,C,J
431803,G,J
431629,B,I
430325,D,J
431309,D,J
431132,B,J
431087,B,J
427961,A,I
430968,G,I
430967,E,I
430930,E,J
427999,D,J
430622,F,J
430560,B,J
430357,B,J
429900,C,I
429735,C,J
429594,B,J
429401,C,J
428803,F,J
426062,E,J
428826,E,J
428805,D,J
428551,C,J
428666,C,J
428614,G,J
428539,F,J
428527,D,J
428109,D,J
427590,C,I
419546,D,I
426188,D,I
426877,D,I
423323,D,J
426670,D,J
425954,F,I
425423,E,I
424264,D,J
423179,D,J
423075,D,J
422839,C,J
422161,C,J
353420,D,J
418062,B,J
395632,C,J
421242,F,I
420983,B,J
419611,C,J
418971,D,J
420472,G,I
420406,B,J
416675,A,J
420314,C,I
419917,D,J
419559,C,I
419446,F,I
419024,E,I
418558,G,J
418253,B,J
418079,D,J
416653,C,J
417027,D,I
416727,D,J
416701,B,J
416576,E,I
416518,D,J
416406,C,J
416096,C,J
415931,D,J
415391,B,J
413666,B,J
411843,B,J
414690,D,I
413802,C,J
413783,D,J
413628,B,J
413392,B,I
413040,B,I
412824,B,J
412835,C,J
412756,C,I
412736,D,J
412382,C,J
412378,B,J
412286,B,I
411897,C,J
411740,C,J
411574,A,J
411233,C,J
411206,C,I
410714,C,I
409231,C,J
401406,C,J
410636,D,I
410266,D,I
409596,D,J
409552,D,I
408351,D,J
409248,E,I
408628,C,J
408746,C,J
408282,D,I
408113,D,I
407771,B,J
407691,C,J
407121,C,J
407525,C,J
406026,B,J
404848,B,J
405955,D,I
405857,C,J
405699,C,J
404419,C,I
405012,C,J
404587,C,J
404403,E,I
403734,D,I
403946,A,J
403615,G,J
403366,C,J
399398,D,J
402671,C,I
402578,C,J
402222,B,J
401931,B,J
400562,A,I
401062,C,J
401097,B,J
401044,D,J
400785,D,J
400212,C,J
400052,B,I
399454,D,J
398847,C,J
399058,F,I
399020,E,J
398427,G,J
398424,F,J
397510,A,J
397429,C,J
397389,D,J
397190,C,J
395814,G,J
396717,E,J
396360,A,J
395852,D,J
395615,D,J
395493,E,J
395446,E,J
393574,A,J
394173,G,I
393964,C,I
393862,C,J
390569,D,J
393741,D,J
391193,D,J
390550,C,J
391852,E,J
391365,D,J
391263,G,J
390507,A,J
390885,D,I
390500,A,J
390436,F,I
390348,D,I
390013,D,J
389976,D,J
389957,E,I
389780,E,J
389571,A,J
389534,C,J
388929,C,J
389310,E,J
389258,E,J
389254,E,J
387448,D,J
380348,D,J
388998,E,J
388954,F,I
388916,C,J
388882,D,I
388791,D,J
388319,E,J
388647,F,J
388623,E,J
388552,F,I
388340,C,J
388278,G,I
386283,E,J
387987,C,J
387039,D,J
387462,G,J
387539,F,J
386647,G,J
386556,C,J
386369,C,J
385903,B,I
386164,D,I
385906,C,J
385517,F,I
385609,D,I
384760,D,J
385511,D,J
385425,E,J
385349,F,J
385183,F,J
385021,F,J
384879,G,J
382076,E,J
384790,E,I
384704,D,J
384554,D,J
384327,E,J
383751,C,I
383765,E,J
382764,D,J
383961,E,J
383851,C,I
383814,B,J
383784,E,I
383564,E,J
383345,E,J
383351,C,J
383107,F,J
383013,C,J
381990,E,J
382802,D,J
382694,A,J
382465,D,J
382189,D,J
381543,D,J
381758,E,J
381373,D,I
381143,G,J
380970,E,J
381126,E,J
381051,D,J
380986,D,J
380955,E,I
380134,D,J
379744,B,J
380112,C,J
367700,E,J
378839,E,J
379994,G,J
379923,C,J
379899,E,J
379329,D,J
379833,F,J
378979,D,J
379556,D,J
379627,D,J
379529,C,J
379376,G,I
379128,D,J
379071,B,J
378806,A,J
378682,E,I
378438,D,J
377962,C,I
377507,F,J
377674,G,I
377511,F,J
376923,D,J
376026,A,J
375439,F,J
373583,D,J
375682,C,J
376302,C,J
376258,C,J
376100,E,J
375969,G,I
375687,D,J
371345,C,I
374275,F,J
375046,D,J
374869,E,I
374725,E,I
374510,F,I
374570,G,I
374258,C,J
373958,C,J
374058,B,J
374045,B,I
373980,E,J
374004,B,I
373768,E,J
373725,B,J
373249,C,J
372486,D,J
372130,D,J
367624,D,J
371632,D,J
372753,C,J
372520,B,I
371762,C,J
372028,C,I
371921,E,J
369734,D,J
370611,C,I
370415,B,J
369903,E,I
369896,C,I
369725,C,J
369735,A,J
369701,C,J
369654,F,I
369213,E,J
369084,D,J
369039,D,I
368907,C,J
368667,D,J
368488,B,J
368709,C,J
368542,B,J
367972,B,J
367996,D,J
367597,D,J
365040,E,J
367352,C,I
367046,C,I
367056,C,I
366968,E,J
366397,B,J
366377,D,I
366303,E,I
366266,G,J
366213,A,J
365800,B,J
365487,C,J
362863,E,J
365220,D,J
364937,D,J
364878,B,I
364710,C,J
364376,A,I
364261,D,I
363646,E,J
362762,C,J
363435,E,I
363351,D,I
363172,C,I
363297,C,J
363220,D,J
362547,C,J
362562,D,I
362516,C,J
362152,C,J
362127,C,J
361677,A,J
361876,C,I
361645,E,J
361648,F,J
361198,F,J
361117,E,J
360750,D,J
360527,E,I
360334,C,J
360327,D,J
360080,B,J
359736,D,I
360016,F,J
359430,C,J
359392,C,J
359176,F,J
359200,B,J
358644,D,J
358683,D,J
358615,B,J
358311,B,I
358260,C,J
357698,C,I
357866,G,J
357869,E,J
357868,D,I
357274,G,I
357180,G,J
357084,D,J
357072,F,J
356978,C,J
356887,E,I
356678,C,J
356514,E,J
356499,E,J
356311,E,J
356286,F,J
353692,E,J
356166,E,J
356034,F,J
355782,F,J
355974,E,I
355737,C,J
355734,G,J
349608,C,J
66339,D,J
355678,F,J
355576,F,J
355553,E,J
355548,D,J
355546,E,J
355533,F,I
355250,C,I
355345,E,J
355295,D,I
355161,D,J
355062,E,J
354908,C,I
354812,F,J
354785,E,J
354673,G,J
354638,E,J
354306,E,J
354159,D,J
354107,D,J
353861,F,I
353832,D,J
353287,D,J
353581,G,I
353553,D,J
353460,C,J
353344,G,J
353326,D,J
353294,E,J
351477,E,J
353173,C,J
353217,E,J
353212,B,J
353120,D,J
353029,G,J
352984,D,I
352899,D,J
352912,D,I
352901,D,J
352834,B,J
352719,C,I
352670,F,J
352479,G,J
352662,D,J
352645,E,I
352372,F,J
352524,E,J
352403,E,J
352427,A,J
346531,E,I
352357,B,J
352330,G,J
352280,C,J
352232,F,I
352207,E,I
352132,C,J
352063,E,J
352042,E,J
352039,C,J
352020,D,J
352011,C,J
351986,B,J
351773,F,J
351223,D,I
351795,B,I
351740,E,J
351782,D,J
351734,F,J
351721,D,I
351685,E,J
351643,D,J
351653,D,I
351628,A,J
351616,E,I
351019,D,I
351288,C,I
351544,C,J
351535,G,J
351512,C,J
351466,B,J
351421,E,I
349811,D,J
351386,D,J
351294,D,J
351285,E,I
351263,C,J
351170,E,J
351092,C,J
351065,A,J
351127,E,J
351067,E,J
351026,E,I
350894,E,J
55521,F,J
350786,D,J
350732,D,J
350678,F,J
349754,F,J
350650,C,J
350532,F,J
350617,B,I
350603,D,J
350550,D,J
350228,D,J
349923,A,J
350387,D,J
350328,C,J
350282,C,J
350082,F,J
350265,B,I
350244,D,J
350216,E,J
350168,D,J
349658,C,J
349795,F,J
349741,B,J
349989,D,J
350004,C,I
331821,D,J
349900,C,J
349805,D,J
349800,E,J
349738,A,J
348760,D,J
349687,B,I
348966,D,J
349614,E,J
348913,A,J
348723,E,J
349524,C,J
349515,B,J
349497,B,J
349504,F,I
349502,B,J
349498,E,J
349490,A,J
349233,E,I
349135,D,I
349458,C,I
349415,D,J
349298,D,J
349286,D,J
349272,C,I
349251,G,J
349160,D,I
349143,D,I
65595,E,I
349049,B,J
348929,B,I
348888,F,J
348821,B,J
348672,C,J
347946,A,J
348742,A,J
69806,C,J
348475,A,J
348600,B,J
348594,D,J
347845,C,J
348559,D,I
348480,D,I
348463,D,J
348393,E,J
348387,C,I
348379,E,J
348235,A,J
348328,D,J
348319,C,I
348284,C,J
348271,C,J
348227,D,J
348219,C,J
348202,E,J
348070,G,J
348051,F,J
348048,E,I
347978,D,I
319466,C,J
347918,B,I
347833,E,I
347759,C,I
347754,D,J
347277,E,I
347139,G,J
347401,D,J
69967,D,J
347353,D,J
347320,E,J
347306,E,J
347228,C,I
347186,E,I
347145,A,J
347110,F,J
347043,D,J
347037,E,J
347031,D,J
346822,C,J
346824,D,I
346820,E,I
346765,B,I
346725,C,I
344282,D,J
346482,D,J
346539,B,J
326269,D,I
346424,D,J
346215,D,J
346168,E,J
331651,D,J
345715,E,J
345159,C,I
341072,E,I
344612,D,J
56413,F,I
344180,E,I
343874,D,J
64949,E,I
342567,G,I
342282,C,I
331181,E,J
341319,F,J
341132,C,J
340769,G,J
340389,E,J
339824,E,J
339655,E,J
339557,E,I
339569,E,I
339348,D,J
338831,G,J
338352,E,I
338141,F,J
336978,E,J
335462,D,J
335060,C,I
333929,G,I
333790,G,J
333772,C,I
332398,B,J
332128,F,I
331873,D,J
331738,E,J
331565,D,J
331510,E,I
330785,E,J
330768,E,I
329853,D,J
67477,E,I
327886,E,I
302173,D,J
326306,D,J
323244,D,I
322839,B,J
325232,B,J
325121,G,I
324831,D,J
307569,D,J
298792,C,J
323909,E,J
323322,E,J
323053,B,I
313941,G,J
322713,G,J
321045,A,J
70120,D,J
322156,G,J
322143,E,I
313401,F,J
321493,E,J
300502,E,J
321037,G,J
320994,C,J
309299,E,I
320518,F,J
320486,D,I
320438,C,I
318192,F,J
318949,G,I
320278,B,I
320072,G,J
290580,G,J
319616,E,J
312940,G,J
319061,F,J
318429,B,J
316139,G,I
317338,E,J
317205,D,I
314950,E,I
316652,G,J
316453,D,I
316361,G,J
315955,D,J
68400,F,J
296645,E,I
315361,E,J
315312,C,J
313354,E,J
314759,E,I
283944,G,I
314633,B,I
314080,G,J
297303,G,J
298115,C,J
313754,A,J
313449,G,J
304919,E,J
69467,C,J
308659,D,J
311584,C,J
312751,E,I
312501,G,J
312303,D,I
312220,E,J
312070,E,J
311430,C,J
311241,C,J
311213,G,J
310282,D,I
310164,G,J
309124,E,J
305411,E,I
308813,C,J
304325,D,I
308503,F,I
307746,E,J
307265,E,J
306776,D,I
306673,D,J
306441,C,J
306362,B,J
69285,D,J
305514,F,J
304387,D,I
304384,C,J
296631,D,J
303615,E,J
303425,E,J
303279,E,J
302994,F,I
302636,B,J
302178,B,J
294592,E,J
300055,E,J
299911,E,J
299891,C,J
62774,F,I
299160,C,I
299068,C,J
287472,D,I
298719,D,I
298607,D,I
70463,F,J
287663,G,J
288032,D,J
297495,E,J
296770,F,J
296617,G,I
296594,D,J
295407,E,I
295372,F,J
295240,C,J
295160,E,J
295034,E,J
294984,D,J
293410,E,J
294468,C,J
294372,C,J
294355,F,J
294165,D,I
294163,E,J
289815,D,J
286347,C,J
292578,E,J
292017,E,J
291820,C,J
290370,D,J
289457,E,J
289374,E,I
289144,F,J
288622,E,J
288604,D,J
288382,C,J
288342,A,J
287890,E,I
287352,D,J
287359,D,J
287326,G,I
287273,C,J
287015,E,J
286760,E,J
286671,D,J
286571,D,J
285877,G,J
285802,G,J
284465,F,J
284320,E,J
284273,C,J
283680,D,I
283480,D,I
283361,D,I
282834,B,I
282745,E,J
282621,B,J
282301,E,J
281864,E,J
281813,E,J
281753,D,I
281129,C,J
280910,E,J
280867,D,J
280733,G,J
280450,E,J
280405,D,J
279784,E,J
279568,E,I
279430,F,I
279354,D,J
278757,F,J
254085,C,I
278488,E,J
278361,B,J
278315,B,I
278269,D,J
278200,D,J
278085,D,J
277945,G,J
277685,F,J
277641,E,J
277482,G,J
277479,G,I
277389,E,J
276262,G,J
276091,A,I
275696,A,J
274507,B,J
274059,C,I
273911,F,I
267470,G,I
272788,D,J
272627,G,I
272519,E,J
272499,F,I
272298,D,J
272218,D,J
272030,F,J
271819,F,I
271740,E,J
271311,E,J
257100,F,J
271058,D,I
270913,D,I
270826,B,I
270780,D,J
270518,B,J
270344,E,I
270165,E,I
270048,B,I
270035,D,J
269996,C,J
269834,B,J
269694,E,J
269033,B,J
268346,D,I
268165,E,J
268021,B,I
267995,D,I
267719,E,I
267670,B,I
267620,E,J
267537,B,J
267251,F,I
267015,B,J
266874,G,I
266720,E,J
266681,E,J
266675,E,J
266574,F,J
266131,D,I
265986,E,J
265859,D,J
265527,G,J
265422,D,J
254992,D,J
265008,C,I
264901,F,I
264537,C,I
264154,B,J
264152,G,I
264101,G,J
263711,B,I
263321,D,J
262532,E,J
262108,G,J
261657,F,I
261633,B,J
261479,E,J
246799,D,J
260886,E,J
260748,E,I
260412,D,J
241391,E,J
259858,F,I
259778,C,J
259519,B,J
259080,E,J
258668,B,J
258549,D,J
258183,E,J
258152,D,J
257242,F,J
256856,D,J
256751,C,I
256481,D,J
256209,E,J
255732,C,I
255655,E,I
255610,F,J
238603,C,J
255154,E,J
255012,D,J
254664,E,J
254470,F,I
254310,D,J
254262,E,J
254261,G,J
254223,D,J
253252,B,J
253037,E,J
253002,C,I
252695,G,J
252324,B,J
252185,C,J
252148,E,J
251956,C,I
251944,E,J
251914,F,J
251775,C,J
251751,G,I
251598,E,J
251281,D,J
225253,D,I
251087,C,J
251017,E,J
251008,D,J
250967,E,I
250849,E,I
250752,D,I
250629,E,J
250536,E,I
249690,B,J
249368,D,J
249194,C,J
249031,F,J
248308,C,J
248009,B,I
247983,C,J
247569,G,J
247286,C,J
246996,G,I
246720,E,J
246535,G,J
246197,B,I
245620,D,J
245611,C,I
245586,D,I
245506,D,J
245385,D,I
244989,F,J
244882,E,I
244793,G,J
244781,G,J
244643,E,J
244066,G,I
243999,G,J
243665,E,J
243600,D,J
243576,E,I
243409,C,J
243375,D,J
243336,E,I
243173,D,J
214969,B,J
242817,D,J
242805,B,I
242644,F,J
242621,E,J
242607,G,I
242487,E,J
242453,E,J
242196,B,J
242025,F,I
241845,B,I
241799,B,J
241707,D,I
241219,G,J
240967,E,I
240835,E,J
240590,C,J
240449,D,J
240378,E,J
239635,B,J
239506,C,J
239308,E,J
239115,D,J
238149,B,I
238016,E,J
237917,G,J
237836,D,J
237780,G,I
237298,G,I
237268,F,J
237087,G,J
236558,C,J
236328,E,J
236245,F,I
236243,G,I
236096,B,J
236080,C,I
235752,C,J
235589,G,J
235551,E,I
235464,F,I
235292,F,J
235076,C,I
235006,C,J
234572,G,J
234391,G,I
234346,B,J
233977,C,I
233935,E,J
233728,E,J
233702,E,J
233631,C,I
233258,E,J
232954,D,J
232919,D,J
232621,E,I
232150,G,J
231993,F,J
231963,B,J
230909,C,J
230706,E,J
229889,C,J
229729,E,I
229415,F,I
229125,E,J
229063,F,J
228968,D,I
228954,A,J
228752,E,J
228076,A,J
228015,C,J
227523,E,I
227065,E,I
226994,D,J
226855,F,I
225605,B,J
225222,B,J
224797,G,I
223686,D,J
222856,F,I
222339,F,J
221437,D,I
219770,E,J
219623,F,I
219502,E,J
219493,E,I
219479,F,J
218603,D,I
217413,C,J
218407,C,J
218160,F,J
217968,B,I
217940,E,I
217656,C,J
217376,B,J
216874,F,J
216618,D,I
216442,D,J
216423,G,I
216029,C,I
215400,F,J
214827,D,I
214756,C,J
214253,D,J
212561,D,J
211329,B,I
211283,E,J
211048,F,I
210956,B,J
210247,C,J
210106,B,J
209667,E,I
209495,D,I
208605,D,J
208167,E,J
208050,D,J
207697,C,I
207407,D,J
207385,D,J
206996,C,J
205897,D,J
204741,E,J
204648,C,I
204395,C,I
203998,D,I
203465,C,J
179317,B,I
202128,D,I
202069,F,J
202012,E,J
201860,C,J
201411,C,J
200615,C,J
200385,B,J
200288,A,J
200247,D,J
200073,G,J
199325,E,I
198917,G,I
198203,B,J
197224,C,I
197214,G,J
197192,C,J
196972,E,I
196703,F,I
195794,E,I
195715,G,J
195365,B,I
194850,F,I
194731,B,J
194507,D,J
194434,B,I
194339,D,J
193979,F,J
193871,E,J
193168,C,I
171674,G,J
192581,C,I
192193,D,J
191682,F,J
191186,C,J
189952,G,I
189762,F,J
189524,E,I
188718,G,I
188014,E,J
187567,E,J
187533,E,J
187383,G,I
187102,C,J
187017,D,J
187007,B,J
186481,B,J
186469,C,J
185962,C,J
185435,C,J
185421,E,J
185082,C,I
184111,F,J
184093,E,I
183178,C,J
182882,D,J
182881,C,J
182645,C,J
182254,D,J
182232,D,J
182041,G,J
181006,D,J
179929,F,I
179604,B,J
179523,C,I
179522,D,J
178857,B,J
178472,E,J
178446,E,J
178274,C,J
177768,E,J
177751,F,I
177624,D,I
177061,B,J
176943,D,J
176847,E,J
176686,D,J
176633,E,I
176582,F,I
174882,F,J
174880,C,I
174248,C,I
173638,D,I
173191,F,J
172924,E,J
172472,E,J
171362,E,I
171171,F,I
170990,D,J
170843,C,J
170602,C,I
170397,A,I
169701,C,J
169516,E,J
169504,D,J
169271,F,I
169240,F,I
168853,E,J
168479,D,I
167698,B,J
167669,E,J
166882,C,J
166802,D,I
166663,B,J
158130,C,J
166532,G,J
166330,C,I
165216,D,I
164476,G,I
164250,D,J
163960,D,J
162862,E,J
161355,E,I
159174,E,J
158704,E,J
157855,C,J
157828,C,J
157773,A,J
157610,C,J
150964,E,J
157308,B,I
157302,C,I
157276,E,J
157252,B,J
157130,D,I
156969,E,I
156877,E,J
156711,D,J
156641,G,J
156590,E,I
156540,B,J
156508,C,I
156389,E,I
156210,G,I
156142,C,J
155687,D,J
155679,F,J
155369,D,J
155218,F,J
155169,F,I
154956,E,J
154674,E,J
154593,B,J
154497,C,I
153823,E,J
153617,E,I
153193,F,I
153178,D,I
152911,F,I
152844,D,J
152561,E,J
152104,E,J
152070,D,J
151638,E,J
151525,G,J
151226,E,I
151163,B,J
151017,E,J
150490,E,J
150387,D,J
150281,D,J
150139,E,J
142263,C,I
150070,C,I
150038,E,J
150027,E,J
149874,B,I
149736,E,J
149590,D,I
149573,D,I
149492,F,I
149203,D,J
149166,B,J
148895,E,J
148878,E,I
148795,C,J
148763,C,I
148660,E,I
148482,C,I
147721,B,J
147583,F,J
147566,C,J
147528,E,J
147414,F,I
147198,C,J
147125,D,J
147086,E,I
147010,C,J
146205,B,I
145926,E,I
145878,F,J
145833,D,I
144961,G,J
144751,E,J
144609,G,J
144461,F,J
144140,D,J
143800,D,I
140516,E,J
143728,F,J
143627,B,J
143602,E,J
143398,C,J
143117,D,J
142496,C,I
141766,D,J
141717,E,J
141349,D,J
141197,C,J
140858,C,J
140730,F,I
140222,C,I
140192,D,J
139940,B,I
139876,D,I
139480,E,J
139079,E,I
138767,F,I
138762,C,J
137757,G,I
137749,E,J
136976,F,I
136852,C,J
136735,D,J
136266,E,J
128733,C,I
130797,B,J
135924,G,I
135254,E,J
135232,D,J
135140,F,J
135138,F,J
135067,G,J
135061,E,I
134737,B,I
134348,E,J
133891,G,J
133683,C,J
133377,G,I
133029,E,I
132537,D,J
132449,E,J
127606,D,J
132275,E,I
127763,D,J
132167,F,J
132102,C,J
132060,G,I
131800,E,I
131794,G,I
131732,E,I
131626,C,J
131569,E,J
131537,B,I
131143,E,I
130899,F,J
130738,G,I
130699,D,J
130654,C,J
130510,G,I
130056,E,J
126297,A,J
129958,B,J
129434,C,J
129131,G,I
128914,F,I
128884,G,J
128817,G,J
128797,A,J
128529,E,I
128237,F,J
128158,G,J
128131,D,I
127761,F,J
127496,E,J
127489,F,I
127211,D,J
127179,C,I
127030,C,J
126982,E,I
126925,C,J
126852,F,J
125817,F,J
124624,B,J
124260,E,J
124049,C,J
123855,E,J
123730,G,J
123688,G,J
123299,F,J
123279,A,I
123133,F,I
122934,D,J
122913,E,J
122515,D,J
122065,A,J
121673,A,J
117045,A,J
120371,D,J
120273,C,J
79967,A,J
79924,A,J
119948,F,I
119360,B,J
119262,E,J
119071,E,J
118872,G,I
118367,G,J
118024,E,J
117192,B,I
71823,A,J
116129,A,J
115606,F,J
115602,F,I
115363,G,I
114943,C,I
114838,D,J
114642,F,I
114511,E,J
114469,G,I
114408,G,I
114333,F,I
114133,B,J
72197,B,J
113450,C,J
113231,E,J
113203,F,I
112806,E,J
112747,E,I
111868,D,J
111564,C,J
79893,A,J
110627,F,J
109824,D,J
73003,B,J
108473,G,J
107560,E,J
106216,E,J
104634,F,J
104530,E,J
103846,C,I
103507,F,J
103478,E,I
102823,D,J
72323,C,I
72819,C,J
100134,D,J
99987,C,J
99982,E,J
99634,D,J
99100,D,I
98984,C,J
98360,E,I
97606,G,J
95250,C,J
95198,F,I
94406,D,I
93055,D,J
91175,D,J
91126,D,J
91023,B,J
90106,E,J
89258,A,J
88637,C,J
88046,B,J
85961,B,J
85818,C,J
85781,C,J
85675,E,J
84670,A,J
84098,A,J
83979,A,J
83489,A,I
83185,A,J
76629,D,I
74014,C,J
81085,C,J
77792,B,J
77757,B,J
74505,B,J
74323,B,I
73582,C,J
72998,B,J
72176,B,J
71623,A,J
70686,A,J
